2024-01-16 10:43:28.037 [info] Log level: Info
2024-01-16 10:43:28.037 [info] Validating found git in: "git"
2024-01-16 10:43:28.037 [info] Using git "2.43.0" from "git"
2024-01-16 10:43:45.563 [info] Log level: Info
2024-01-16 10:43:45.564 [info] Validating found git in: "git"
2024-01-16 10:43:45.564 [info] Using git "2.43.0" from "git"
2024-01-16 10:43:45.564 [info] > git rev-parse --show-toplevel [13ms]
2024-01-16 10:43:45.584 [info] > git rev-parse --git-dir --git-common-dir [22ms]
2024-01-16 10:43:45.612 [info] Open repository: /home/dylan/Seafile/My Library/Temp_Git_Files/bigdale123.github.io
2024-01-16 10:43:45.667 [info] > git rev-parse --show-toplevel [12ms]
2024-01-16 10:43:45.671 [info] > git config --get commit.template [27ms]
2024-01-16 10:43:45.692 [info] > git for-each-ref --format=%(refname)%00%(upstream:short)%00%(objectname)%00%(upstream:track)%00%(upstream:remotename)%00%(upstream:remoteref) refs/heads/main refs/remotes/main [6ms]
2024-01-16 10:43:45.705 [warning] ENOENT: no such file or directory, open '/home/dylan/Seafile/My Library/Temp_Git_Files/bigdale123.github.io/.git/refs/remotes/origin/main'
2024-01-16 10:43:45.708 [info] > git rev-parse refs/remotes/origin/main [2ms]
2024-01-16 10:43:45.726 [info] > git status -z -uall [4ms]
2024-01-16 10:43:45.756 [info] > git config --get commit.template [3ms]
2024-01-16 10:43:45.771 [info] > git for-each-ref --format=%(refname)%00%(upstream:short)%00%(objectname)%00%(upstream:track)%00%(upstream:remotename)%00%(upstream:remoteref) refs/heads/main refs/remotes/main [4ms]
2024-01-16 10:43:45.782 [warning] ENOENT: no such file or directory, open '/home/dylan/Seafile/My Library/Temp_Git_Files/bigdale123.github.io/.git/refs/remotes/origin/main'
2024-01-16 10:43:45.784 [info] > git rev-parse refs/remotes/origin/main [2ms]
2024-01-16 10:43:45.800 [info] > git status -z -uall [3ms]
2024-01-16 10:43:46.171 [info] > git check-ignore -v -z --stdin [16ms]
2024-01-16 10:43:55.775 [info] > git config --get commit.template [16ms]
2024-01-16 10:43:55.776 [info] > git for-each-ref --format=%(refname)%00%(upstream:short)%00%(objectname)%00%(upstream:track)%00%(upstream:remotename)%00%(upstream:remoteref) refs/heads/main refs/remotes/main [2ms]
2024-01-16 10:43:55.789 [warning] ENOENT: no such file or directory, open '/home/dylan/Seafile/My Library/Temp_Git_Files/bigdale123.github.io/.git/refs/remotes/origin/main'
2024-01-16 10:43:55.791 [info] > git rev-parse refs/remotes/origin/main [2ms]
2024-01-16 10:43:55.808 [info] > git status -z -uall [3ms]
2024-01-16 10:45:24.078 [info] > git config --get commit.template [15ms]
2024-01-16 10:45:24.079 [info] > git for-each-ref --format=%(refname)%00%(upstream:short)%00%(objectname)%00%(upstream:track)%00%(upstream:remotename)%00%(upstream:remoteref) refs/heads/main refs/remotes/main [3ms]
2024-01-16 10:45:24.088 [warning] ENOENT: no such file or directory, open '/home/dylan/Seafile/My Library/Temp_Git_Files/bigdale123.github.io/.git/refs/remotes/origin/main'
2024-01-16 10:45:24.090 [info] > git rev-parse refs/remotes/origin/main [2ms]
2024-01-16 10:45:24.103 [info] > git status -z -uall [3ms]
2024-01-16 10:45:31.290 [info] > git check-ignore -v -z --stdin [3ms]
2024-01-16 10:45:32.289 [info] > git check-ignore -v -z --stdin [4ms]
2024-01-16 10:45:34.627 [info] > git show --textconv :dev/src/app.d.ts [21ms]
2024-01-16 10:45:34.627 [info] > git ls-files --stage -- /home/dylan/Seafile/My Library/Temp_Git_Files/bigdale123.github.io/dev/src/app.d.ts [5ms]
2024-01-16 10:45:39.489 [info] > git show --textconv :dev/jsconfig.json [19ms]
2024-01-16 10:45:39.492 [info] > git ls-files --stage -- /home/dylan/Seafile/My Library/Temp_Git_Files/bigdale123.github.io/dev/jsconfig.json [4ms]
2024-01-16 10:46:00.237 [info] > git check-ignore -v -z --stdin [2ms]
2024-01-16 10:46:00.239 [info] > git config --get commit.template [18ms]
2024-01-16 10:46:00.257 [info] > git for-each-ref --format=%(refname)%00%(upstream:short)%00%(objectname)%00%(upstream:track)%00%(upstream:remotename)%00%(upstream:remoteref) refs/heads/main refs/remotes/main [2ms]
2024-01-16 10:46:00.270 [warning] ENOENT: no such file or directory, open '/home/dylan/Seafile/My Library/Temp_Git_Files/bigdale123.github.io/.git/refs/remotes/origin/main'
2024-01-16 10:46:00.272 [info] > git rev-parse refs/remotes/origin/main [2ms]
2024-01-16 10:46:00.289 [info] > git status -z -uall [3ms]
2024-01-16 10:46:04.463 [info] > git check-ignore -v -z --stdin [2ms]
2024-01-16 10:46:05.316 [info] > git config --get commit.template [3ms]
2024-01-16 10:46:05.334 [info] > git for-each-ref --format=%(refname)%00%(upstream:short)%00%(objectname)%00%(upstream:track)%00%(upstream:remotename)%00%(upstream:remoteref) refs/heads/main refs/remotes/main [4ms]
2024-01-16 10:46:05.349 [warning] ENOENT: no such file or directory, open '/home/dylan/Seafile/My Library/Temp_Git_Files/bigdale123.github.io/.git/refs/remotes/origin/main'
2024-01-16 10:46:05.351 [info] > git rev-parse refs/remotes/origin/main [2ms]
2024-01-16 10:46:05.369 [info] > git status -z -uall [3ms]
2024-01-16 10:46:11.781 [info] > git check-ignore -v -z --stdin [2ms]
2024-01-16 10:46:12.961 [info] > git check-ignore -v -z --stdin [2ms]
2024-01-16 10:46:13.862 [info] > git show --textconv :dev/src/routes/+page.svelte [18ms]
2024-01-16 10:46:13.864 [info] > git ls-files --stage -- /home/dylan/Seafile/My Library/Temp_Git_Files/bigdale123.github.io/dev/src/routes/+page.svelte [4ms]
2024-01-16 10:46:25.951 [info] > git check-ignore -v -z --stdin [2ms]
2024-01-16 10:46:27.126 [info] > git config --get commit.template [16ms]
2024-01-16 10:46:27.127 [info] > git for-each-ref --format=%(refname)%00%(upstream:short)%00%(objectname)%00%(upstream:track)%00%(upstream:remotename)%00%(upstream:remoteref) refs/heads/main refs/remotes/main [2ms]
2024-01-16 10:46:27.140 [warning] ENOENT: no such file or directory, open '/home/dylan/Seafile/My Library/Temp_Git_Files/bigdale123.github.io/.git/refs/remotes/origin/main'
2024-01-16 10:46:27.142 [info] > git rev-parse refs/remotes/origin/main [3ms]
2024-01-16 10:46:27.155 [info] > git status -z -uall [2ms]
2024-01-16 10:47:21.237 [info] > git config --get commit.template [13ms]
2024-01-16 10:47:21.238 [info] > git for-each-ref --format=%(refname)%00%(upstream:short)%00%(objectname)%00%(upstream:track)%00%(upstream:remotename)%00%(upstream:remoteref) refs/heads/main refs/remotes/main [2ms]
2024-01-16 10:47:21.252 [warning] ENOENT: no such file or directory, open '/home/dylan/Seafile/My Library/Temp_Git_Files/bigdale123.github.io/.git/refs/remotes/origin/main'
2024-01-16 10:47:21.254 [info] > git rev-parse refs/remotes/origin/main [2ms]
2024-01-16 10:47:21.269 [info] > git status -z -uall [3ms]
2024-01-16 10:47:48.579 [info] > git show --textconv :dev/src/routes/+page.svelte [20ms]
2024-01-16 10:47:48.581 [info] > git ls-files --stage -- /home/dylan/Seafile/My Library/Temp_Git_Files/bigdale123.github.io/dev/src/routes/+page.svelte [6ms]
2024-01-16 10:50:13.039 [info] > git config --get commit.template [15ms]
2024-01-16 10:50:13.040 [info] > git for-each-ref --format=%(refname)%00%(upstream:short)%00%(objectname)%00%(upstream:track)%00%(upstream:remotename)%00%(upstream:remoteref) refs/heads/main refs/remotes/main [2ms]
2024-01-16 10:50:13.053 [warning] ENOENT: no such file or directory, open '/home/dylan/Seafile/My Library/Temp_Git_Files/bigdale123.github.io/.git/refs/remotes/origin/main'
2024-01-16 10:50:13.055 [info] > git rev-parse refs/remotes/origin/main [2ms]
2024-01-16 10:50:13.072 [info] > git status -z -uall [3ms]
2024-01-16 10:51:05.820 [info] > git config --get commit.template [15ms]
2024-01-16 10:51:05.821 [info] > git for-each-ref --format=%(refname)%00%(upstream:short)%00%(objectname)%00%(upstream:track)%00%(upstream:remotename)%00%(upstream:remoteref) refs/heads/main refs/remotes/main [3ms]
2024-01-16 10:51:05.835 [warning] ENOENT: no such file or directory, open '/home/dylan/Seafile/My Library/Temp_Git_Files/bigdale123.github.io/.git/refs/remotes/origin/main'
2024-01-16 10:51:05.838 [info] > git rev-parse refs/remotes/origin/main [2ms]
2024-01-16 10:51:05.856 [info] > git status -z -uall [4ms]
2024-01-16 10:51:10.897 [info] > git config --get commit.template [16ms]
2024-01-16 10:51:10.899 [info] > git for-each-ref --format=%(refname)%00%(upstream:short)%00%(objectname)%00%(upstream:track)%00%(upstream:remotename)%00%(upstream:remoteref) refs/heads/main refs/remotes/main [3ms]
2024-01-16 10:51:10.916 [warning] ENOENT: no such file or directory, open '/home/dylan/Seafile/My Library/Temp_Git_Files/bigdale123.github.io/.git/refs/remotes/origin/main'
2024-01-16 10:51:10.919 [info] > git rev-parse refs/remotes/origin/main [3ms]
2024-01-16 10:51:10.936 [info] > git status -z -uall [2ms]
2024-01-16 10:51:17.441 [info] > git config --get commit.template [14ms]
2024-01-16 10:51:17.442 [info] > git for-each-ref --format=%(refname)%00%(upstream:short)%00%(objectname)%00%(upstream:track)%00%(upstream:remotename)%00%(upstream:remoteref) refs/heads/main refs/remotes/main [2ms]
2024-01-16 10:51:17.455 [warning] ENOENT: no such file or directory, open '/home/dylan/Seafile/My Library/Temp_Git_Files/bigdale123.github.io/.git/refs/remotes/origin/main'
2024-01-16 10:51:17.457 [info] > git rev-parse refs/remotes/origin/main [2ms]
2024-01-16 10:51:17.473 [info] > git status -z -uall [3ms]
2024-01-16 10:51:26.332 [info] > git check-ignore -v -z --stdin [2ms]
2024-01-16 10:51:30.835 [info] > git show --textconv :dev/svelte.config.js [21ms]
2024-01-16 10:51:30.837 [info] > git ls-files --stage -- /home/dylan/Seafile/My Library/Temp_Git_Files/bigdale123.github.io/dev/svelte.config.js [3ms]
2024-01-16 10:51:42.746 [info] > git config --get commit.template [18ms]
2024-01-16 10:51:42.747 [info] > git for-each-ref --format=%(refname)%00%(upstream:short)%00%(objectname)%00%(upstream:track)%00%(upstream:remotename)%00%(upstream:remoteref) refs/heads/main refs/remotes/main [2ms]
2024-01-16 10:51:42.761 [warning] ENOENT: no such file or directory, open '/home/dylan/Seafile/My Library/Temp_Git_Files/bigdale123.github.io/.git/refs/remotes/origin/main'
2024-01-16 10:51:42.762 [info] > git rev-parse refs/remotes/origin/main [1ms]
2024-01-16 10:51:42.780 [info] > git status -z -uall [4ms]
2024-01-16 10:51:51.062 [info] > git config --get commit.template [17ms]
2024-01-16 10:51:51.063 [info] > git for-each-ref --format=%(refname)%00%(upstream:short)%00%(objectname)%00%(upstream:track)%00%(upstream:remotename)%00%(upstream:remoteref) refs/heads/main refs/remotes/main [2ms]
2024-01-16 10:51:51.077 [warning] ENOENT: no such file or directory, open '/home/dylan/Seafile/My Library/Temp_Git_Files/bigdale123.github.io/.git/refs/remotes/origin/main'
2024-01-16 10:51:51.080 [info] > git rev-parse refs/remotes/origin/main [3ms]
2024-01-16 10:51:51.101 [info] > git status -z -uall [3ms]
2024-01-16 10:51:56.145 [info] > git config --get commit.template [17ms]
2024-01-16 10:51:56.146 [info] > git for-each-ref --format=%(refname)%00%(upstream:short)%00%(objectname)%00%(upstream:track)%00%(upstream:remotename)%00%(upstream:remoteref) refs/heads/main refs/remotes/main [2ms]
2024-01-16 10:51:56.162 [warning] ENOENT: no such file or directory, open '/home/dylan/Seafile/My Library/Temp_Git_Files/bigdale123.github.io/.git/refs/remotes/origin/main'
2024-01-16 10:51:56.165 [info] > git rev-parse refs/remotes/origin/main [3ms]
2024-01-16 10:51:56.181 [info] > git status -z -uall [2ms]
2024-01-16 10:52:07.868 [info] > git show --textconv :dev/tailwind.config.js [19ms]
2024-01-16 10:52:07.871 [info] > git ls-files --stage -- /home/dylan/Seafile/My Library/Temp_Git_Files/bigdale123.github.io/dev/tailwind.config.js [5ms]
2024-01-16 10:52:13.627 [info] > git config --get commit.template [14ms]
2024-01-16 10:52:13.628 [info] > git for-each-ref --format=%(refname)%00%(upstream:short)%00%(objectname)%00%(upstream:track)%00%(upstream:remotename)%00%(upstream:remoteref) refs/heads/main refs/remotes/main [1ms]
2024-01-16 10:52:13.640 [warning] ENOENT: no such file or directory, open '/home/dylan/Seafile/My Library/Temp_Git_Files/bigdale123.github.io/.git/refs/remotes/origin/main'
2024-01-16 10:52:13.642 [info] > git rev-parse refs/remotes/origin/main [2ms]
2024-01-16 10:52:13.658 [info] > git status -z -uall [3ms]
2024-01-16 10:52:33.150 [info] > git show --textconv :dev/src/app.css [16ms]
2024-01-16 10:52:33.152 [info] > git ls-files --stage -- /home/dylan/Seafile/My Library/Temp_Git_Files/bigdale123.github.io/dev/src/app.css [3ms]
2024-01-16 10:52:33.392 [info] > git check-ignore -v -z --stdin [3ms]
2024-01-16 10:52:33.940 [info] > git config --get commit.template [3ms]
2024-01-16 10:52:33.964 [info] > git for-each-ref --format=%(refname)%00%(upstream:short)%00%(objectname)%00%(upstream:track)%00%(upstream:remotename)%00%(upstream:remoteref) refs/heads/main refs/remotes/main [7ms]
2024-01-16 10:52:33.983 [warning] ENOENT: no such file or directory, open '/home/dylan/Seafile/My Library/Temp_Git_Files/bigdale123.github.io/.git/refs/remotes/origin/main'
2024-01-16 10:52:33.986 [info] > git rev-parse refs/remotes/origin/main [3ms]
2024-01-16 10:52:34.004 [info] > git status -z -uall [3ms]
2024-01-16 10:52:41.063 [info] > git config --get commit.template [1ms]
2024-01-16 10:52:41.087 [info] > git for-each-ref --format=%(refname)%00%(upstream:short)%00%(objectname)%00%(upstream:track)%00%(upstream:remotename)%00%(upstream:remoteref) refs/heads/main refs/remotes/main [6ms]
2024-01-16 10:52:41.108 [warning] ENOENT: no such file or directory, open '/home/dylan/Seafile/My Library/Temp_Git_Files/bigdale123.github.io/.git/refs/remotes/origin/main'
2024-01-16 10:52:41.112 [info] > git rev-parse refs/remotes/origin/main [4ms]
2024-01-16 10:52:41.133 [info] > git status -z -uall [4ms]
2024-01-16 10:52:57.814 [info] > git show --textconv :dev/src/routes/+layout.svelte [16ms]
2024-01-16 10:52:57.817 [info] > git ls-files --stage -- /home/dylan/Seafile/My Library/Temp_Git_Files/bigdale123.github.io/dev/src/routes/+layout.svelte [4ms]
2024-01-16 10:52:58.050 [info] > git check-ignore -v -z --stdin [3ms]
2024-01-16 10:52:58.562 [info] > git config --get commit.template [17ms]
2024-01-16 10:52:58.563 [info] > git for-each-ref --format=%(refname)%00%(upstream:short)%00%(objectname)%00%(upstream:track)%00%(upstream:remotename)%00%(upstream:remoteref) refs/heads/main refs/remotes/main [3ms]
2024-01-16 10:52:58.577 [warning] ENOENT: no such file or directory, open '/home/dylan/Seafile/My Library/Temp_Git_Files/bigdale123.github.io/.git/refs/remotes/origin/main'
2024-01-16 10:52:58.578 [info] > git rev-parse refs/remotes/origin/main [2ms]
2024-01-16 10:52:58.595 [info] > git status -z -uall [2ms]
2024-01-16 10:53:24.044 [info] > git config --get commit.template [5ms]
2024-01-16 10:53:24.067 [info] > git for-each-ref --format=%(refname)%00%(upstream:short)%00%(objectname)%00%(upstream:track)%00%(upstream:remotename)%00%(upstream:remoteref) refs/heads/main refs/remotes/main [3ms]
2024-01-16 10:53:24.092 [warning] ENOENT: no such file or directory, open '/home/dylan/Seafile/My Library/Temp_Git_Files/bigdale123.github.io/.git/refs/remotes/origin/main'
2024-01-16 10:53:24.096 [info] > git rev-parse refs/remotes/origin/main [4ms]
2024-01-16 10:53:24.140 [info] > git status -z -uall [6ms]
2024-01-16 10:53:29.183 [info] > git config --get commit.template [17ms]
2024-01-16 10:53:29.184 [info] > git for-each-ref --format=%(refname)%00%(upstream:short)%00%(objectname)%00%(upstream:track)%00%(upstream:remotename)%00%(upstream:remoteref) refs/heads/main refs/remotes/main [3ms]
2024-01-16 10:53:29.201 [warning] ENOENT: no such file or directory, open '/home/dylan/Seafile/My Library/Temp_Git_Files/bigdale123.github.io/.git/refs/remotes/origin/main'
2024-01-16 10:53:29.202 [info] > git rev-parse refs/remotes/origin/main [2ms]
2024-01-16 10:53:29.221 [info] > git status -z -uall [2ms]
2024-01-16 10:53:33.600 [info] > git check-ignore -v -z --stdin [2ms]
2024-01-16 10:53:34.760 [info] > git config --get commit.template [16ms]
2024-01-16 10:53:34.761 [info] > git for-each-ref --format=%(refname)%00%(upstream:short)%00%(objectname)%00%(upstream:track)%00%(upstream:remotename)%00%(upstream:remoteref) refs/heads/main refs/remotes/main [2ms]
2024-01-16 10:53:34.775 [warning] ENOENT: no such file or directory, open '/home/dylan/Seafile/My Library/Temp_Git_Files/bigdale123.github.io/.git/refs/remotes/origin/main'
2024-01-16 10:53:34.777 [info] > git rev-parse refs/remotes/origin/main [2ms]
2024-01-16 10:53:34.793 [info] > git status -z -uall [3ms]
2024-01-16 10:55:04.554 [info] > git show --textconv :dev/src/routes/+page.svelte [18ms]
2024-01-16 10:55:04.556 [info] > git ls-files --stage -- /home/dylan/Seafile/My Library/Temp_Git_Files/bigdale123.github.io/dev/src/routes/+page.svelte [3ms]
2024-01-16 10:57:53.873 [info] > git show --textconv :dev/src/app.css [18ms]
2024-01-16 10:57:53.876 [info] > git ls-files --stage -- /home/dylan/Seafile/My Library/Temp_Git_Files/bigdale123.github.io/dev/src/app.css [4ms]
2024-01-16 10:58:00.682 [info] > git show --textconv :dev/src/routes/+page.svelte [15ms]
2024-01-16 10:58:00.684 [info] > git ls-files --stage -- /home/dylan/Seafile/My Library/Temp_Git_Files/bigdale123.github.io/dev/src/routes/+page.svelte [3ms]
2024-01-16 10:58:01.894 [info] > git show --textconv :dev/src/routes/+layout.svelte [18ms]
2024-01-16 10:58:01.896 [info] > git ls-files --stage -- /home/dylan/Seafile/My Library/Temp_Git_Files/bigdale123.github.io/dev/src/routes/+layout.svelte [2ms]
2024-01-16 10:58:03.483 [info] > git show --textconv :dev/src/routes/+page.svelte [17ms]
2024-01-16 10:58:03.484 [info] > git ls-files --stage -- /home/dylan/Seafile/My Library/Temp_Git_Files/bigdale123.github.io/dev/src/routes/+page.svelte [2ms]
2024-01-16 10:58:27.015 [info] > git config --get commit.template [5ms]
2024-01-16 10:58:27.049 [info] > git for-each-ref --format=%(refname)%00%(upstream:short)%00%(objectname)%00%(upstream:track)%00%(upstream:remotename)%00%(upstream:remoteref) refs/heads/main refs/remotes/main [5ms]
2024-01-16 10:58:27.078 [warning] ENOENT: no such file or directory, open '/home/dylan/Seafile/My Library/Temp_Git_Files/bigdale123.github.io/.git/refs/remotes/origin/main'
2024-01-16 10:58:27.082 [info] > git rev-parse refs/remotes/origin/main [4ms]
2024-01-16 10:58:27.125 [info] > git status -z -uall [9ms]
2024-01-16 10:58:42.661 [info] > git config --get commit.template [20ms]
2024-01-16 10:58:42.663 [info] > git for-each-ref --format=%(refname)%00%(upstream:short)%00%(objectname)%00%(upstream:track)%00%(upstream:remotename)%00%(upstream:remoteref) refs/heads/main refs/remotes/main [3ms]
2024-01-16 10:58:42.679 [warning] ENOENT: no such file or directory, open '/home/dylan/Seafile/My Library/Temp_Git_Files/bigdale123.github.io/.git/refs/remotes/origin/main'
2024-01-16 10:58:42.682 [info] > git rev-parse refs/remotes/origin/main [2ms]
2024-01-16 10:58:42.703 [info] > git status -z -uall [3ms]
2024-01-16 10:58:49.667 [info] > git config --get commit.template [3ms]
2024-01-16 10:58:49.682 [info] > git for-each-ref --format=%(refname)%00%(upstream:short)%00%(objectname)%00%(upstream:track)%00%(upstream:remotename)%00%(upstream:remoteref) refs/heads/main refs/remotes/main [2ms]
2024-01-16 10:58:49.695 [warning] ENOENT: no such file or directory, open '/home/dylan/Seafile/My Library/Temp_Git_Files/bigdale123.github.io/.git/refs/remotes/origin/main'
2024-01-16 10:58:49.697 [info] > git rev-parse refs/remotes/origin/main [1ms]
2024-01-16 10:58:49.714 [info] > git status -z -uall [4ms]
2024-01-16 10:59:56.906 [info] > git config --get commit.template [23ms]
2024-01-16 10:59:56.907 [info] > git for-each-ref --format=%(refname)%00%(upstream:short)%00%(objectname)%00%(upstream:track)%00%(upstream:remotename)%00%(upstream:remoteref) refs/heads/main refs/remotes/main [4ms]
2024-01-16 10:59:56.942 [warning] ENOENT: no such file or directory, open '/home/dylan/Seafile/My Library/Temp_Git_Files/bigdale123.github.io/.git/refs/remotes/origin/main'
2024-01-16 10:59:56.945 [info] > git rev-parse refs/remotes/origin/main [2ms]
2024-01-16 10:59:56.973 [info] > git status -z -uall [5ms]
2024-01-16 11:00:55.982 [info] > git config --get commit.template [22ms]
2024-01-16 11:00:55.984 [info] > git for-each-ref --format=%(refname)%00%(upstream:short)%00%(objectname)%00%(upstream:track)%00%(upstream:remotename)%00%(upstream:remoteref) refs/heads/main refs/remotes/main [3ms]
2024-01-16 11:00:56.003 [warning] ENOENT: no such file or directory, open '/home/dylan/Seafile/My Library/Temp_Git_Files/bigdale123.github.io/.git/refs/remotes/origin/main'
2024-01-16 11:00:56.005 [info] > git rev-parse refs/remotes/origin/main [2ms]
2024-01-16 11:00:56.026 [info] > git status -z -uall [5ms]
2024-01-16 11:01:14.726 [info] > git config --get commit.template [15ms]
2024-01-16 11:01:14.727 [info] > git for-each-ref --format=%(refname)%00%(upstream:short)%00%(objectname)%00%(upstream:track)%00%(upstream:remotename)%00%(upstream:remoteref) refs/heads/main refs/remotes/main [2ms]
2024-01-16 11:01:14.740 [warning] ENOENT: no such file or directory, open '/home/dylan/Seafile/My Library/Temp_Git_Files/bigdale123.github.io/.git/refs/remotes/origin/main'
2024-01-16 11:01:14.742 [info] > git rev-parse refs/remotes/origin/main [2ms]
2024-01-16 11:01:14.758 [info] > git status -z -uall [3ms]
2024-01-16 11:01:23.082 [info] > git config --get commit.template [15ms]
2024-01-16 11:01:23.083 [info] > git for-each-ref --format=%(refname)%00%(upstream:short)%00%(objectname)%00%(upstream:track)%00%(upstream:remotename)%00%(upstream:remoteref) refs/heads/main refs/remotes/main [2ms]
2024-01-16 11:01:23.097 [warning] ENOENT: no such file or directory, open '/home/dylan/Seafile/My Library/Temp_Git_Files/bigdale123.github.io/.git/refs/remotes/origin/main'
2024-01-16 11:01:23.100 [info] > git rev-parse refs/remotes/origin/main [2ms]
2024-01-16 11:01:23.115 [info] > git status -z -uall [3ms]
2024-01-16 11:01:36.693 [info] > git config --get commit.template [26ms]
2024-01-16 11:01:36.694 [info] > git for-each-ref --format=%(refname)%00%(upstream:short)%00%(objectname)%00%(upstream:track)%00%(upstream:remotename)%00%(upstream:remoteref) refs/heads/main refs/remotes/main [3ms]
2024-01-16 11:01:36.712 [warning] ENOENT: no such file or directory, open '/home/dylan/Seafile/My Library/Temp_Git_Files/bigdale123.github.io/.git/refs/remotes/origin/main'
2024-01-16 11:01:36.714 [info] > git rev-parse refs/remotes/origin/main [2ms]
2024-01-16 11:01:36.737 [info] > git status -z -uall [4ms]
2024-01-16 11:01:42.539 [info] > git config --get commit.template [19ms]
2024-01-16 11:01:42.541 [info] > git for-each-ref --format=%(refname)%00%(upstream:short)%00%(objectname)%00%(upstream:track)%00%(upstream:remotename)%00%(upstream:remoteref) refs/heads/main refs/remotes/main [3ms]
2024-01-16 11:01:42.559 [warning] ENOENT: no such file or directory, open '/home/dylan/Seafile/My Library/Temp_Git_Files/bigdale123.github.io/.git/refs/remotes/origin/main'
2024-01-16 11:01:42.562 [info] > git rev-parse refs/remotes/origin/main [3ms]
2024-01-16 11:01:42.581 [info] > git status -z -uall [5ms]
2024-01-16 11:01:59.815 [info] > git config --get commit.template [18ms]
2024-01-16 11:01:59.817 [info] > git for-each-ref --format=%(refname)%00%(upstream:short)%00%(objectname)%00%(upstream:track)%00%(upstream:remotename)%00%(upstream:remoteref) refs/heads/main refs/remotes/main [3ms]
2024-01-16 11:01:59.833 [warning] ENOENT: no such file or directory, open '/home/dylan/Seafile/My Library/Temp_Git_Files/bigdale123.github.io/.git/refs/remotes/origin/main'
2024-01-16 11:01:59.835 [info] > git rev-parse refs/remotes/origin/main [2ms]
2024-01-16 11:01:59.856 [info] > git status -z -uall [3ms]
2024-01-16 11:02:21.149 [info] > git config --get commit.template [6ms]
2024-01-16 11:02:21.171 [info] > git for-each-ref --format=%(refname)%00%(upstream:short)%00%(objectname)%00%(upstream:track)%00%(upstream:remotename)%00%(upstream:remoteref) refs/heads/main refs/remotes/main [2ms]
2024-01-16 11:02:21.186 [warning] ENOENT: no such file or directory, open '/home/dylan/Seafile/My Library/Temp_Git_Files/bigdale123.github.io/.git/refs/remotes/origin/main'
2024-01-16 11:02:21.188 [info] > git rev-parse refs/remotes/origin/main [2ms]
2024-01-16 11:02:21.204 [info] > git status -z -uall [2ms]
2024-01-16 11:02:30.157 [info] > git config --get commit.template [15ms]
2024-01-16 11:02:30.158 [info] > git for-each-ref --format=%(refname)%00%(upstream:short)%00%(objectname)%00%(upstream:track)%00%(upstream:remotename)%00%(upstream:remoteref) refs/heads/main refs/remotes/main [2ms]
2024-01-16 11:02:30.173 [warning] ENOENT: no such file or directory, open '/home/dylan/Seafile/My Library/Temp_Git_Files/bigdale123.github.io/.git/refs/remotes/origin/main'
2024-01-16 11:02:30.175 [info] > git rev-parse refs/remotes/origin/main [2ms]
2024-01-16 11:02:30.194 [info] > git status -z -uall [3ms]
2024-01-16 11:02:35.763 [info] > git config --get commit.template [16ms]
2024-01-16 11:02:35.764 [info] > git for-each-ref --format=%(refname)%00%(upstream:short)%00%(objectname)%00%(upstream:track)%00%(upstream:remotename)%00%(upstream:remoteref) refs/heads/main refs/remotes/main [2ms]
2024-01-16 11:02:35.776 [warning] ENOENT: no such file or directory, open '/home/dylan/Seafile/My Library/Temp_Git_Files/bigdale123.github.io/.git/refs/remotes/origin/main'
2024-01-16 11:02:35.778 [info] > git rev-parse refs/remotes/origin/main [2ms]
2024-01-16 11:02:35.794 [info] > git status -z -uall [3ms]
2024-01-16 11:02:57.379 [info] > git config --get commit.template [21ms]
2024-01-16 11:02:57.380 [info] > git for-each-ref --format=%(refname)%00%(upstream:short)%00%(objectname)%00%(upstream:track)%00%(upstream:remotename)%00%(upstream:remoteref) refs/heads/main refs/remotes/main [3ms]
2024-01-16 11:02:57.398 [warning] ENOENT: no such file or directory, open '/home/dylan/Seafile/My Library/Temp_Git_Files/bigdale123.github.io/.git/refs/remotes/origin/main'
2024-01-16 11:02:57.401 [info] > git rev-parse refs/remotes/origin/main [3ms]
2024-01-16 11:02:57.422 [info] > git status -z -uall [4ms]
2024-01-16 11:03:03.249 [info] > git config --get commit.template [2ms]
2024-01-16 11:03:03.268 [info] > git for-each-ref --format=%(refname)%00%(upstream:short)%00%(objectname)%00%(upstream:track)%00%(upstream:remotename)%00%(upstream:remoteref) refs/heads/main refs/remotes/main [2ms]
2024-01-16 11:03:03.284 [warning] ENOENT: no such file or directory, open '/home/dylan/Seafile/My Library/Temp_Git_Files/bigdale123.github.io/.git/refs/remotes/origin/main'
2024-01-16 11:03:03.286 [info] > git rev-parse refs/remotes/origin/main [2ms]
2024-01-16 11:03:03.303 [info] > git status -z -uall [2ms]
2024-01-16 11:03:18.771 [info] > git config --get commit.template [19ms]
2024-01-16 11:03:18.772 [info] > git for-each-ref --format=%(refname)%00%(upstream:short)%00%(objectname)%00%(upstream:track)%00%(upstream:remotename)%00%(upstream:remoteref) refs/heads/main refs/remotes/main [2ms]
2024-01-16 11:03:18.789 [warning] ENOENT: no such file or directory, open '/home/dylan/Seafile/My Library/Temp_Git_Files/bigdale123.github.io/.git/refs/remotes/origin/main'
2024-01-16 11:03:18.793 [info] > git rev-parse refs/remotes/origin/main [4ms]
2024-01-16 11:03:18.815 [info] > git status -z -uall [4ms]
2024-01-16 11:06:13.218 [info] > git config --get commit.template [2ms]
2024-01-16 11:06:13.240 [info] > git for-each-ref --format=%(refname)%00%(upstream:short)%00%(objectname)%00%(upstream:track)%00%(upstream:remotename)%00%(upstream:remoteref) refs/heads/main refs/remotes/main [3ms]
2024-01-16 11:06:13.259 [warning] ENOENT: no such file or directory, open '/home/dylan/Seafile/My Library/Temp_Git_Files/bigdale123.github.io/.git/refs/remotes/origin/main'
2024-01-16 11:06:13.261 [info] > git rev-parse refs/remotes/origin/main [2ms]
2024-01-16 11:06:13.281 [info] > git status -z -uall [4ms]
2024-01-16 11:06:21.847 [info] > git config --get commit.template [2ms]
2024-01-16 11:06:21.867 [info] > git for-each-ref --format=%(refname)%00%(upstream:short)%00%(objectname)%00%(upstream:track)%00%(upstream:remotename)%00%(upstream:remoteref) refs/heads/main refs/remotes/main [2ms]
2024-01-16 11:06:21.886 [warning] ENOENT: no such file or directory, open '/home/dylan/Seafile/My Library/Temp_Git_Files/bigdale123.github.io/.git/refs/remotes/origin/main'
2024-01-16 11:06:21.889 [info] > git rev-parse refs/remotes/origin/main [2ms]
2024-01-16 11:06:21.906 [info] > git status -z -uall [3ms]
2024-01-16 11:06:31.511 [info] > git show --textconv :dev/src/routes/+page.svelte [29ms]
2024-01-16 11:06:31.513 [info] > git ls-files --stage -- /home/dylan/Seafile/My Library/Temp_Git_Files/bigdale123.github.io/dev/src/routes/+page.svelte [4ms]
2024-01-16 11:06:39.274 [info] > git config --get commit.template [17ms]
2024-01-16 11:06:39.276 [info] > git for-each-ref --format=%(refname)%00%(upstream:short)%00%(objectname)%00%(upstream:track)%00%(upstream:remotename)%00%(upstream:remoteref) refs/heads/main refs/remotes/main [3ms]
2024-01-16 11:06:39.291 [warning] ENOENT: no such file or directory, open '/home/dylan/Seafile/My Library/Temp_Git_Files/bigdale123.github.io/.git/refs/remotes/origin/main'
2024-01-16 11:06:39.293 [info] > git rev-parse refs/remotes/origin/main [2ms]
2024-01-16 11:06:39.309 [info] > git status -z -uall [2ms]
2024-01-16 11:07:07.575 [info] > git config --get commit.template [3ms]
2024-01-16 11:07:07.595 [info] > git for-each-ref --format=%(refname)%00%(upstream:short)%00%(objectname)%00%(upstream:track)%00%(upstream:remotename)%00%(upstream:remoteref) refs/heads/main refs/remotes/main [4ms]
2024-01-16 11:07:07.614 [warning] ENOENT: no such file or directory, open '/home/dylan/Seafile/My Library/Temp_Git_Files/bigdale123.github.io/.git/refs/remotes/origin/main'
2024-01-16 11:07:07.616 [info] > git rev-parse refs/remotes/origin/main [2ms]
2024-01-16 11:07:07.634 [info] > git status -z -uall [2ms]
2024-01-16 11:07:12.672 [info] > git config --get commit.template [16ms]
2024-01-16 11:07:12.674 [info] > git for-each-ref --format=%(refname)%00%(upstream:short)%00%(objectname)%00%(upstream:track)%00%(upstream:remotename)%00%(upstream:remoteref) refs/heads/main refs/remotes/main [2ms]
2024-01-16 11:07:12.686 [warning] ENOENT: no such file or directory, open '/home/dylan/Seafile/My Library/Temp_Git_Files/bigdale123.github.io/.git/refs/remotes/origin/main'
2024-01-16 11:07:12.688 [info] > git rev-parse refs/remotes/origin/main [2ms]
2024-01-16 11:07:12.702 [info] > git status -z -uall [2ms]
2024-01-16 11:07:17.734 [info] > git config --get commit.template [13ms]
2024-01-16 11:07:17.736 [info] > git for-each-ref --format=%(refname)%00%(upstream:short)%00%(objectname)%00%(upstream:track)%00%(upstream:remotename)%00%(upstream:remoteref) refs/heads/main refs/remotes/main [2ms]
2024-01-16 11:07:17.749 [warning] ENOENT: no such file or directory, open '/home/dylan/Seafile/My Library/Temp_Git_Files/bigdale123.github.io/.git/refs/remotes/origin/main'
2024-01-16 11:07:17.752 [info] > git rev-parse refs/remotes/origin/main [2ms]
2024-01-16 11:07:17.768 [info] > git status -z -uall [2ms]
2024-01-16 11:07:22.801 [info] > git config --get commit.template [14ms]
2024-01-16 11:07:22.803 [info] > git for-each-ref --format=%(refname)%00%(upstream:short)%00%(objectname)%00%(upstream:track)%00%(upstream:remotename)%00%(upstream:remoteref) refs/heads/main refs/remotes/main [3ms]
2024-01-16 11:07:22.819 [warning] ENOENT: no such file or directory, open '/home/dylan/Seafile/My Library/Temp_Git_Files/bigdale123.github.io/.git/refs/remotes/origin/main'
2024-01-16 11:07:22.821 [info] > git rev-parse refs/remotes/origin/main [2ms]
2024-01-16 11:07:22.841 [info] > git status -z -uall [3ms]
2024-01-16 11:07:29.702 [info] > git config --get commit.template [1ms]
2024-01-16 11:07:29.722 [info] > git for-each-ref --format=%(refname)%00%(upstream:short)%00%(objectname)%00%(upstream:track)%00%(upstream:remotename)%00%(upstream:remoteref) refs/heads/main refs/remotes/main [3ms]
2024-01-16 11:07:29.741 [warning] ENOENT: no such file or directory, open '/home/dylan/Seafile/My Library/Temp_Git_Files/bigdale123.github.io/.git/refs/remotes/origin/main'
2024-01-16 11:07:29.743 [info] > git rev-parse refs/remotes/origin/main [2ms]
2024-01-16 11:07:29.763 [info] > git status -z -uall [4ms]
2024-01-16 11:07:34.802 [info] > git config --get commit.template [17ms]
2024-01-16 11:07:34.803 [info] > git for-each-ref --format=%(refname)%00%(upstream:short)%00%(objectname)%00%(upstream:track)%00%(upstream:remotename)%00%(upstream:remoteref) refs/heads/main refs/remotes/main [2ms]
2024-01-16 11:07:34.816 [warning] ENOENT: no such file or directory, open '/home/dylan/Seafile/My Library/Temp_Git_Files/bigdale123.github.io/.git/refs/remotes/origin/main'
2024-01-16 11:07:34.818 [info] > git rev-parse refs/remotes/origin/main [1ms]
2024-01-16 11:07:34.836 [info] > git status -z -uall [3ms]
2024-01-16 11:08:07.978 [info] > git config --get commit.template [18ms]
2024-01-16 11:08:07.979 [info] > git for-each-ref --format=%(refname)%00%(upstream:short)%00%(objectname)%00%(upstream:track)%00%(upstream:remotename)%00%(upstream:remoteref) refs/heads/main refs/remotes/main [3ms]
2024-01-16 11:08:07.995 [warning] ENOENT: no such file or directory, open '/home/dylan/Seafile/My Library/Temp_Git_Files/bigdale123.github.io/.git/refs/remotes/origin/main'
2024-01-16 11:08:07.997 [info] > git rev-parse refs/remotes/origin/main [2ms]
2024-01-16 11:08:08.013 [info] > git status -z -uall [2ms]
2024-01-16 11:08:18.313 [info] > git config --get commit.template [3ms]
2024-01-16 11:08:18.328 [info] > git for-each-ref --format=%(refname)%00%(upstream:short)%00%(objectname)%00%(upstream:track)%00%(upstream:remotename)%00%(upstream:remoteref) refs/heads/main refs/remotes/main [2ms]
2024-01-16 11:08:18.343 [warning] ENOENT: no such file or directory, open '/home/dylan/Seafile/My Library/Temp_Git_Files/bigdale123.github.io/.git/refs/remotes/origin/main'
2024-01-16 11:08:18.345 [info] > git rev-parse refs/remotes/origin/main [2ms]
2024-01-16 11:08:18.364 [info] > git status -z -uall [4ms]
2024-01-16 11:08:23.404 [info] > git config --get commit.template [17ms]
2024-01-16 11:08:23.405 [info] > git for-each-ref --format=%(refname)%00%(upstream:short)%00%(objectname)%00%(upstream:track)%00%(upstream:remotename)%00%(upstream:remoteref) refs/heads/main refs/remotes/main [3ms]
2024-01-16 11:08:23.425 [warning] ENOENT: no such file or directory, open '/home/dylan/Seafile/My Library/Temp_Git_Files/bigdale123.github.io/.git/refs/remotes/origin/main'
2024-01-16 11:08:23.430 [info] > git rev-parse refs/remotes/origin/main [4ms]
2024-01-16 11:08:23.454 [info] > git status -z -uall [3ms]
2024-01-16 11:08:59.853 [info] > git config --get commit.template [20ms]
2024-01-16 11:08:59.854 [info] > git for-each-ref --format=%(refname)%00%(upstream:short)%00%(objectname)%00%(upstream:track)%00%(upstream:remotename)%00%(upstream:remoteref) refs/heads/main refs/remotes/main [3ms]
2024-01-16 11:08:59.872 [warning] ENOENT: no such file or directory, open '/home/dylan/Seafile/My Library/Temp_Git_Files/bigdale123.github.io/.git/refs/remotes/origin/main'
2024-01-16 11:08:59.875 [info] > git rev-parse refs/remotes/origin/main [2ms]
2024-01-16 11:08:59.893 [info] > git status -z -uall [3ms]
2024-01-16 11:09:07.321 [info] > git config --get commit.template [17ms]
2024-01-16 11:09:07.323 [info] > git for-each-ref --format=%(refname)%00%(upstream:short)%00%(objectname)%00%(upstream:track)%00%(upstream:remotename)%00%(upstream:remoteref) refs/heads/main refs/remotes/main [2ms]
2024-01-16 11:09:07.336 [warning] ENOENT: no such file or directory, open '/home/dylan/Seafile/My Library/Temp_Git_Files/bigdale123.github.io/.git/refs/remotes/origin/main'
2024-01-16 11:09:07.337 [info] > git rev-parse refs/remotes/origin/main [2ms]
2024-01-16 11:09:07.354 [info] > git status -z -uall [2ms]
2024-01-16 11:09:16.793 [info] > git config --get commit.template [4ms]
2024-01-16 11:09:16.814 [info] > git for-each-ref --format=%(refname)%00%(upstream:short)%00%(objectname)%00%(upstream:track)%00%(upstream:remotename)%00%(upstream:remoteref) refs/heads/main refs/remotes/main [3ms]
2024-01-16 11:09:16.830 [warning] ENOENT: no such file or directory, open '/home/dylan/Seafile/My Library/Temp_Git_Files/bigdale123.github.io/.git/refs/remotes/origin/main'
2024-01-16 11:09:16.832 [info] > git rev-parse refs/remotes/origin/main [2ms]
2024-01-16 11:09:16.848 [info] > git status -z -uall [3ms]
2024-01-16 11:14:04.920 [info] > git config --get commit.template [19ms]
2024-01-16 11:14:04.922 [info] > git for-each-ref --format=%(refname)%00%(upstream:short)%00%(objectname)%00%(upstream:track)%00%(upstream:remotename)%00%(upstream:remoteref) refs/heads/main refs/remotes/main [4ms]
2024-01-16 11:14:04.939 [warning] ENOENT: no such file or directory, open '/home/dylan/Seafile/My Library/Temp_Git_Files/bigdale123.github.io/.git/refs/remotes/origin/main'
2024-01-16 11:14:04.941 [info] > git rev-parse refs/remotes/origin/main [2ms]
2024-01-16 11:14:04.963 [info] > git status -z -uall [5ms]
2024-01-16 11:14:10.006 [info] > git config --get commit.template [18ms]
2024-01-16 11:14:10.008 [info] > git for-each-ref --format=%(refname)%00%(upstream:short)%00%(objectname)%00%(upstream:track)%00%(upstream:remotename)%00%(upstream:remoteref) refs/heads/main refs/remotes/main [3ms]
2024-01-16 11:14:10.021 [warning] ENOENT: no such file or directory, open '/home/dylan/Seafile/My Library/Temp_Git_Files/bigdale123.github.io/.git/refs/remotes/origin/main'
2024-01-16 11:14:10.024 [info] > git rev-parse refs/remotes/origin/main [3ms]
2024-01-16 11:14:10.043 [info] > git status -z -uall [3ms]
2024-01-16 11:14:49.531 [info] > git config --get commit.template [21ms]
2024-01-16 11:14:49.532 [info] > git for-each-ref --format=%(refname)%00%(upstream:short)%00%(objectname)%00%(upstream:track)%00%(upstream:remotename)%00%(upstream:remoteref) refs/heads/main refs/remotes/main [3ms]
2024-01-16 11:14:49.550 [warning] ENOENT: no such file or directory, open '/home/dylan/Seafile/My Library/Temp_Git_Files/bigdale123.github.io/.git/refs/remotes/origin/main'
2024-01-16 11:14:49.552 [info] > git rev-parse refs/remotes/origin/main [2ms]
2024-01-16 11:14:49.574 [info] > git status -z -uall [3ms]
2024-01-16 11:14:54.613 [info] > git config --get commit.template [18ms]
2024-01-16 11:14:54.614 [info] > git for-each-ref --format=%(refname)%00%(upstream:short)%00%(objectname)%00%(upstream:track)%00%(upstream:remotename)%00%(upstream:remoteref) refs/heads/main refs/remotes/main [2ms]
2024-01-16 11:14:54.629 [warning] ENOENT: no such file or directory, open '/home/dylan/Seafile/My Library/Temp_Git_Files/bigdale123.github.io/.git/refs/remotes/origin/main'
2024-01-16 11:14:54.632 [info] > git rev-parse refs/remotes/origin/main [2ms]
2024-01-16 11:14:54.656 [info] > git status -z -uall [4ms]
2024-01-16 11:14:59.683 [info] > git config --get commit.template [3ms]
2024-01-16 11:14:59.706 [info] > git for-each-ref --format=%(refname)%00%(upstream:short)%00%(objectname)%00%(upstream:track)%00%(upstream:remotename)%00%(upstream:remoteref) refs/heads/main refs/remotes/main [4ms]
2024-01-16 11:14:59.719 [warning] ENOENT: no such file or directory, open '/home/dylan/Seafile/My Library/Temp_Git_Files/bigdale123.github.io/.git/refs/remotes/origin/main'
2024-01-16 11:14:59.721 [info] > git rev-parse refs/remotes/origin/main [2ms]
2024-01-16 11:14:59.737 [info] > git status -z -uall [2ms]
2024-01-16 11:15:04.757 [info] > git config --get commit.template [3ms]
2024-01-16 11:15:04.777 [info] > git for-each-ref --format=%(refname)%00%(upstream:short)%00%(objectname)%00%(upstream:track)%00%(upstream:remotename)%00%(upstream:remoteref) refs/heads/main refs/remotes/main [4ms]
2024-01-16 11:15:04.793 [warning] ENOENT: no such file or directory, open '/home/dylan/Seafile/My Library/Temp_Git_Files/bigdale123.github.io/.git/refs/remotes/origin/main'
2024-01-16 11:15:04.795 [info] > git rev-parse refs/remotes/origin/main [2ms]
2024-01-16 11:15:04.817 [info] > git status -z -uall [4ms]
2024-01-16 11:15:10.084 [info] > git config --get commit.template [19ms]
2024-01-16 11:15:10.085 [info] > git for-each-ref --format=%(refname)%00%(upstream:short)%00%(objectname)%00%(upstream:track)%00%(upstream:remotename)%00%(upstream:remoteref) refs/heads/main refs/remotes/main [3ms]
2024-01-16 11:15:10.101 [warning] ENOENT: no such file or directory, open '/home/dylan/Seafile/My Library/Temp_Git_Files/bigdale123.github.io/.git/refs/remotes/origin/main'
2024-01-16 11:15:10.103 [info] > git rev-parse refs/remotes/origin/main [2ms]
2024-01-16 11:15:10.122 [info] > git status -z -uall [3ms]
2024-01-16 11:15:15.163 [info] > git config --get commit.template [20ms]
2024-01-16 11:15:15.164 [info] > git for-each-ref --format=%(refname)%00%(upstream:short)%00%(objectname)%00%(upstream:track)%00%(upstream:remotename)%00%(upstream:remoteref) refs/heads/main refs/remotes/main [3ms]
2024-01-16 11:15:15.180 [warning] ENOENT: no such file or directory, open '/home/dylan/Seafile/My Library/Temp_Git_Files/bigdale123.github.io/.git/refs/remotes/origin/main'
2024-01-16 11:15:15.182 [info] > git rev-parse refs/remotes/origin/main [2ms]
2024-01-16 11:15:15.202 [info] > git status -z -uall [3ms]
2024-01-16 11:19:52.124 [info] > git config --get commit.template [21ms]
2024-01-16 11:19:52.126 [info] > git for-each-ref --format=%(refname)%00%(upstream:short)%00%(objectname)%00%(upstream:track)%00%(upstream:remotename)%00%(upstream:remoteref) refs/heads/main refs/remotes/main [3ms]
2024-01-16 11:19:52.148 [warning] ENOENT: no such file or directory, open '/home/dylan/Seafile/My Library/Temp_Git_Files/bigdale123.github.io/.git/refs/remotes/origin/main'
2024-01-16 11:19:52.149 [info] > git rev-parse refs/remotes/origin/main [2ms]
2024-01-16 11:19:52.171 [info] > git status -z -uall [3ms]
2024-01-16 11:19:55.968 [info] > git check-ignore -v -z --stdin [2ms]
2024-01-16 11:20:33.620 [info] > git show --textconv :dev/src/routes/+page.svelte [15ms]
2024-01-16 11:20:33.622 [info] > git ls-files --stage -- /home/dylan/Seafile/My Library/Temp_Git_Files/bigdale123.github.io/dev/src/routes/+page.svelte [3ms]
2024-01-16 11:20:41.306 [info] > git config --get commit.template [16ms]
2024-01-16 11:20:41.307 [info] > git for-each-ref --format=%(refname)%00%(upstream:short)%00%(objectname)%00%(upstream:track)%00%(upstream:remotename)%00%(upstream:remoteref) refs/heads/main refs/remotes/main [1ms]
2024-01-16 11:20:41.320 [warning] ENOENT: no such file or directory, open '/home/dylan/Seafile/My Library/Temp_Git_Files/bigdale123.github.io/.git/refs/remotes/origin/main'
2024-01-16 11:20:41.322 [info] > git rev-parse refs/remotes/origin/main [2ms]
2024-01-16 11:20:41.340 [info] > git status -z -uall [3ms]
2024-01-16 11:22:35.402 [info] > git config --get commit.template [24ms]
2024-01-16 11:22:35.403 [info] > git for-each-ref --format=%(refname)%00%(upstream:short)%00%(objectname)%00%(upstream:track)%00%(upstream:remotename)%00%(upstream:remoteref) refs/heads/main refs/remotes/main [3ms]
2024-01-16 11:22:35.423 [warning] ENOENT: no such file or directory, open '/home/dylan/Seafile/My Library/Temp_Git_Files/bigdale123.github.io/.git/refs/remotes/origin/main'
2024-01-16 11:22:35.426 [info] > git rev-parse refs/remotes/origin/main [3ms]
2024-01-16 11:22:35.448 [info] > git status -z -uall [3ms]
2024-01-16 11:22:46.099 [info] > git config --get commit.template [16ms]
2024-01-16 11:22:46.100 [info] > git for-each-ref --format=%(refname)%00%(upstream:short)%00%(objectname)%00%(upstream:track)%00%(upstream:remotename)%00%(upstream:remoteref) refs/heads/main refs/remotes/main [3ms]
2024-01-16 11:22:46.114 [warning] ENOENT: no such file or directory, open '/home/dylan/Seafile/My Library/Temp_Git_Files/bigdale123.github.io/.git/refs/remotes/origin/main'
2024-01-16 11:22:46.116 [info] > git rev-parse refs/remotes/origin/main [2ms]
2024-01-16 11:22:46.133 [info] > git status -z -uall [3ms]
2024-01-16 11:23:18.042 [info] > git show --textconv :dev/svelte.config.js [17ms]
2024-01-16 11:23:18.045 [info] > git ls-files --stage -- /home/dylan/Seafile/My Library/Temp_Git_Files/bigdale123.github.io/dev/svelte.config.js [4ms]
2024-01-16 11:23:29.336 [info] > git show --textconv :dev/vite.config.js [19ms]
2024-01-16 11:23:29.337 [info] > git ls-files --stage -- /home/dylan/Seafile/My Library/Temp_Git_Files/bigdale123.github.io/dev/vite.config.js [2ms]
2024-01-16 11:23:49.705 [info] > git show --textconv :dev/src/routes/+page.svelte [16ms]
2024-01-16 11:23:49.707 [info] > git ls-files --stage -- /home/dylan/Seafile/My Library/Temp_Git_Files/bigdale123.github.io/dev/src/routes/+page.svelte [3ms]
2024-01-16 11:24:09.537 [info] > git config --get commit.template [18ms]
2024-01-16 11:24:09.538 [info] > git for-each-ref --format=%(refname)%00%(upstream:short)%00%(objectname)%00%(upstream:track)%00%(upstream:remotename)%00%(upstream:remoteref) refs/heads/main refs/remotes/main [2ms]
2024-01-16 11:24:09.554 [warning] ENOENT: no such file or directory, open '/home/dylan/Seafile/My Library/Temp_Git_Files/bigdale123.github.io/.git/refs/remotes/origin/main'
2024-01-16 11:24:09.556 [info] > git rev-parse refs/remotes/origin/main [2ms]
2024-01-16 11:24:09.575 [info] > git status -z -uall [3ms]
2024-01-16 11:24:55.315 [info] > git config --get commit.template [21ms]
2024-01-16 11:24:55.316 [info] > git for-each-ref --format=%(refname)%00%(upstream:short)%00%(objectname)%00%(upstream:track)%00%(upstream:remotename)%00%(upstream:remoteref) refs/heads/main refs/remotes/main [3ms]
2024-01-16 11:24:55.335 [warning] ENOENT: no such file or directory, open '/home/dylan/Seafile/My Library/Temp_Git_Files/bigdale123.github.io/.git/refs/remotes/origin/main'
2024-01-16 11:24:55.338 [info] > git rev-parse refs/remotes/origin/main [2ms]
2024-01-16 11:24:55.362 [info] > git status -z -uall [4ms]
2024-01-16 11:25:00.403 [info] > git config --get commit.template [17ms]
2024-01-16 11:25:00.404 [info] > git for-each-ref --format=%(refname)%00%(upstream:short)%00%(objectname)%00%(upstream:track)%00%(upstream:remotename)%00%(upstream:remoteref) refs/heads/main refs/remotes/main [3ms]
2024-01-16 11:25:00.417 [warning] ENOENT: no such file or directory, open '/home/dylan/Seafile/My Library/Temp_Git_Files/bigdale123.github.io/.git/refs/remotes/origin/main'
2024-01-16 11:25:00.420 [info] > git rev-parse refs/remotes/origin/main [3ms]
2024-01-16 11:25:00.440 [info] > git status -z -uall [4ms]
2024-01-16 11:25:05.479 [info] > git config --get commit.template [17ms]
2024-01-16 11:25:05.480 [info] > git for-each-ref --format=%(refname)%00%(upstream:short)%00%(objectname)%00%(upstream:track)%00%(upstream:remotename)%00%(upstream:remoteref) refs/heads/main refs/remotes/main [2ms]
2024-01-16 11:25:05.497 [warning] ENOENT: no such file or directory, open '/home/dylan/Seafile/My Library/Temp_Git_Files/bigdale123.github.io/.git/refs/remotes/origin/main'
2024-01-16 11:25:05.499 [info] > git rev-parse refs/remotes/origin/main [2ms]
2024-01-16 11:25:05.517 [info] > git status -z -uall [4ms]
2024-01-16 11:27:04.793 [info] > git config --get commit.template [29ms]
2024-01-16 11:27:04.795 [info] > git for-each-ref --format=%(refname)%00%(upstream:short)%00%(objectname)%00%(upstream:track)%00%(upstream:remotename)%00%(upstream:remoteref) refs/heads/main refs/remotes/main [4ms]
2024-01-16 11:27:04.817 [warning] ENOENT: no such file or directory, open '/home/dylan/Seafile/My Library/Temp_Git_Files/bigdale123.github.io/.git/refs/remotes/origin/main'
2024-01-16 11:27:04.820 [info] > git rev-parse refs/remotes/origin/main [3ms]
2024-01-16 11:27:04.841 [info] > git status -z -uall [3ms]
2024-01-16 11:27:15.057 [info] > git config --get commit.template [15ms]
2024-01-16 11:27:15.058 [info] > git for-each-ref --format=%(refname)%00%(upstream:short)%00%(objectname)%00%(upstream:track)%00%(upstream:remotename)%00%(upstream:remoteref) refs/heads/main refs/remotes/main [2ms]
2024-01-16 11:27:15.075 [warning] ENOENT: no such file or directory, open '/home/dylan/Seafile/My Library/Temp_Git_Files/bigdale123.github.io/.git/refs/remotes/origin/main'
2024-01-16 11:27:15.077 [info] > git rev-parse refs/remotes/origin/main [2ms]
2024-01-16 11:27:15.097 [info] > git status -z -uall [3ms]
2024-01-16 11:27:21.002 [info] > git config --get commit.template [18ms]
2024-01-16 11:27:21.004 [info] > git for-each-ref --format=%(refname)%00%(upstream:short)%00%(objectname)%00%(upstream:track)%00%(upstream:remotename)%00%(upstream:remoteref) refs/heads/main refs/remotes/main [3ms]
2024-01-16 11:27:21.021 [warning] ENOENT: no such file or directory, open '/home/dylan/Seafile/My Library/Temp_Git_Files/bigdale123.github.io/.git/refs/remotes/origin/main'
2024-01-16 11:27:21.023 [info] > git rev-parse refs/remotes/origin/main [2ms]
2024-01-16 11:27:21.042 [info] > git status -z -uall [3ms]
2024-01-16 11:28:32.318 [info] > git config --get commit.template [19ms]
2024-01-16 11:28:32.319 [info] > git for-each-ref --format=%(refname)%00%(upstream:short)%00%(objectname)%00%(upstream:track)%00%(upstream:remotename)%00%(upstream:remoteref) refs/heads/main refs/remotes/main [3ms]
2024-01-16 11:28:32.335 [warning] ENOENT: no such file or directory, open '/home/dylan/Seafile/My Library/Temp_Git_Files/bigdale123.github.io/.git/refs/remotes/origin/main'
2024-01-16 11:28:32.338 [info] > git rev-parse refs/remotes/origin/main [3ms]
2024-01-16 11:28:32.362 [info] > git status -z -uall [3ms]
2024-01-16 11:29:11.180 [info] > git config --get commit.template [25ms]
2024-01-16 11:29:11.182 [info] > git for-each-ref --format=%(refname)%00%(upstream:short)%00%(objectname)%00%(upstream:track)%00%(upstream:remotename)%00%(upstream:remoteref) refs/heads/main refs/remotes/main [3ms]
2024-01-16 11:29:11.203 [warning] ENOENT: no such file or directory, open '/home/dylan/Seafile/My Library/Temp_Git_Files/bigdale123.github.io/.git/refs/remotes/origin/main'
2024-01-16 11:29:11.204 [info] > git rev-parse refs/remotes/origin/main [1ms]
2024-01-16 11:29:11.228 [info] > git status -z -uall [2ms]
2024-01-16 11:29:24.295 [info] > git config --get commit.template [18ms]
2024-01-16 11:29:24.297 [info] > git for-each-ref --format=%(refname)%00%(upstream:short)%00%(objectname)%00%(upstream:track)%00%(upstream:remotename)%00%(upstream:remoteref) refs/heads/main refs/remotes/main [4ms]
2024-01-16 11:29:24.317 [warning] ENOENT: no such file or directory, open '/home/dylan/Seafile/My Library/Temp_Git_Files/bigdale123.github.io/.git/refs/remotes/origin/main'
2024-01-16 11:29:24.319 [info] > git rev-parse refs/remotes/origin/main [2ms]
2024-01-16 11:29:24.338 [info] > git status -z -uall [2ms]
2024-01-16 11:29:31.176 [info] > git config --get commit.template [2ms]
2024-01-16 11:29:31.195 [info] > git for-each-ref --format=%(refname)%00%(upstream:short)%00%(objectname)%00%(upstream:track)%00%(upstream:remotename)%00%(upstream:remoteref) refs/heads/main refs/remotes/main [2ms]
2024-01-16 11:29:31.212 [warning] ENOENT: no such file or directory, open '/home/dylan/Seafile/My Library/Temp_Git_Files/bigdale123.github.io/.git/refs/remotes/origin/main'
2024-01-16 11:29:31.214 [info] > git rev-parse refs/remotes/origin/main [2ms]
2024-01-16 11:29:31.236 [info] > git status -z -uall [4ms]
2024-01-16 11:29:36.288 [info] > git config --get commit.template [24ms]
2024-01-16 11:29:36.289 [info] > git for-each-ref --format=%(refname)%00%(upstream:short)%00%(objectname)%00%(upstream:track)%00%(upstream:remotename)%00%(upstream:remoteref) refs/heads/main refs/remotes/main [4ms]
2024-01-16 11:29:36.305 [warning] ENOENT: no such file or directory, open '/home/dylan/Seafile/My Library/Temp_Git_Files/bigdale123.github.io/.git/refs/remotes/origin/main'
2024-01-16 11:29:36.307 [info] > git rev-parse refs/remotes/origin/main [2ms]
2024-01-16 11:29:36.323 [info] > git status -z -uall [2ms]
2024-01-16 11:31:09.020 [info] > git config --get commit.template [21ms]
2024-01-16 11:31:09.022 [info] > git for-each-ref --format=%(refname)%00%(upstream:short)%00%(objectname)%00%(upstream:track)%00%(upstream:remotename)%00%(upstream:remoteref) refs/heads/main refs/remotes/main [4ms]
2024-01-16 11:31:09.036 [warning] ENOENT: no such file or directory, open '/home/dylan/Seafile/My Library/Temp_Git_Files/bigdale123.github.io/.git/refs/remotes/origin/main'
2024-01-16 11:31:09.037 [info] > git rev-parse refs/remotes/origin/main [1ms]
2024-01-16 11:31:09.053 [info] > git status -z -uall [2ms]
2024-01-16 11:31:19.997 [info] > git config --get commit.template [5ms]
2024-01-16 11:31:20.018 [info] > git for-each-ref --format=%(refname)%00%(upstream:short)%00%(objectname)%00%(upstream:track)%00%(upstream:remotename)%00%(upstream:remoteref) refs/heads/main refs/remotes/main [3ms]
2024-01-16 11:31:20.035 [warning] ENOENT: no such file or directory, open '/home/dylan/Seafile/My Library/Temp_Git_Files/bigdale123.github.io/.git/refs/remotes/origin/main'
2024-01-16 11:31:20.036 [info] > git rev-parse refs/remotes/origin/main [2ms]
2024-01-16 11:31:20.053 [info] > git status -z -uall [2ms]
2024-01-16 11:31:25.542 [info] > git config --get commit.template [18ms]
2024-01-16 11:31:25.544 [info] > git for-each-ref --format=%(refname)%00%(upstream:short)%00%(objectname)%00%(upstream:track)%00%(upstream:remotename)%00%(upstream:remoteref) refs/heads/main refs/remotes/main [3ms]
2024-01-16 11:31:25.558 [warning] ENOENT: no such file or directory, open '/home/dylan/Seafile/My Library/Temp_Git_Files/bigdale123.github.io/.git/refs/remotes/origin/main'
2024-01-16 11:31:25.560 [info] > git rev-parse refs/remotes/origin/main [2ms]
2024-01-16 11:31:25.577 [info] > git status -z -uall [2ms]
2024-01-16 11:31:35.186 [info] > git config --get commit.template [18ms]
2024-01-16 11:31:35.187 [info] > git for-each-ref --format=%(refname)%00%(upstream:short)%00%(objectname)%00%(upstream:track)%00%(upstream:remotename)%00%(upstream:remoteref) refs/heads/main refs/remotes/main [3ms]
2024-01-16 11:31:35.203 [warning] ENOENT: no such file or directory, open '/home/dylan/Seafile/My Library/Temp_Git_Files/bigdale123.github.io/.git/refs/remotes/origin/main'
2024-01-16 11:31:35.207 [info] > git rev-parse refs/remotes/origin/main [4ms]
2024-01-16 11:31:35.225 [info] > git status -z -uall [2ms]
2024-01-16 11:31:43.330 [info] > git config --get commit.template [15ms]
2024-01-16 11:31:43.332 [info] > git for-each-ref --format=%(refname)%00%(upstream:short)%00%(objectname)%00%(upstream:track)%00%(upstream:remotename)%00%(upstream:remoteref) refs/heads/main refs/remotes/main [3ms]
2024-01-16 11:31:43.351 [warning] ENOENT: no such file or directory, open '/home/dylan/Seafile/My Library/Temp_Git_Files/bigdale123.github.io/.git/refs/remotes/origin/main'
2024-01-16 11:31:43.353 [info] > git rev-parse refs/remotes/origin/main [2ms]
2024-01-16 11:31:43.373 [info] > git status -z -uall [2ms]
2024-01-16 11:35:21.998 [info] > git config --get commit.template [20ms]
2024-01-16 11:35:21.999 [info] > git for-each-ref --format=%(refname)%00%(upstream:short)%00%(objectname)%00%(upstream:track)%00%(upstream:remotename)%00%(upstream:remoteref) refs/heads/main refs/remotes/main [4ms]
2024-01-16 11:35:22.018 [warning] ENOENT: no such file or directory, open '/home/dylan/Seafile/My Library/Temp_Git_Files/bigdale123.github.io/.git/refs/remotes/origin/main'
2024-01-16 11:35:22.022 [info] > git rev-parse refs/remotes/origin/main [4ms]
2024-01-16 11:35:22.043 [info] > git status -z -uall [4ms]
2024-01-16 11:36:20.732 [info] > git config --get commit.template [14ms]
2024-01-16 11:36:20.733 [info] > git for-each-ref --format=%(refname)%00%(upstream:short)%00%(objectname)%00%(upstream:track)%00%(upstream:remotename)%00%(upstream:remoteref) refs/heads/main refs/remotes/main [2ms]
2024-01-16 11:36:20.748 [warning] ENOENT: no such file or directory, open '/home/dylan/Seafile/My Library/Temp_Git_Files/bigdale123.github.io/.git/refs/remotes/origin/main'
2024-01-16 11:36:20.750 [info] > git rev-parse refs/remotes/origin/main [2ms]
2024-01-16 11:36:20.767 [info] > git status -z -uall [2ms]
2024-01-16 11:36:53.801 [info] > git config --get commit.template [22ms]
2024-01-16 11:36:53.802 [info] > git for-each-ref --format=%(refname)%00%(upstream:short)%00%(objectname)%00%(upstream:track)%00%(upstream:remotename)%00%(upstream:remoteref) refs/heads/main refs/remotes/main [3ms]
2024-01-16 11:36:53.822 [warning] ENOENT: no such file or directory, open '/home/dylan/Seafile/My Library/Temp_Git_Files/bigdale123.github.io/.git/refs/remotes/origin/main'
2024-01-16 11:36:53.825 [info] > git rev-parse refs/remotes/origin/main [3ms]
2024-01-16 11:36:53.846 [info] > git status -z -uall [3ms]
2024-01-16 11:37:10.731 [info] > git config --get commit.template [19ms]
2024-01-16 11:37:10.732 [info] > git for-each-ref --format=%(refname)%00%(upstream:short)%00%(objectname)%00%(upstream:track)%00%(upstream:remotename)%00%(upstream:remoteref) refs/heads/main refs/remotes/main [3ms]
2024-01-16 11:37:10.749 [warning] ENOENT: no such file or directory, open '/home/dylan/Seafile/My Library/Temp_Git_Files/bigdale123.github.io/.git/refs/remotes/origin/main'
2024-01-16 11:37:10.751 [info] > git rev-parse refs/remotes/origin/main [2ms]
2024-01-16 11:37:10.769 [info] > git status -z -uall [3ms]
2024-01-16 11:41:08.738 [info] > git config --get commit.template [17ms]
2024-01-16 11:41:08.739 [info] > git for-each-ref --format=%(refname)%00%(upstream:short)%00%(objectname)%00%(upstream:track)%00%(upstream:remotename)%00%(upstream:remoteref) refs/heads/main refs/remotes/main [3ms]
2024-01-16 11:41:08.754 [warning] ENOENT: no such file or directory, open '/home/dylan/Seafile/My Library/Temp_Git_Files/bigdale123.github.io/.git/refs/remotes/origin/main'
2024-01-16 11:41:08.756 [info] > git rev-parse refs/remotes/origin/main [2ms]
2024-01-16 11:41:08.772 [info] > git status -z -uall [3ms]
2024-01-16 11:41:17.281 [info] > git config --get commit.template [15ms]
2024-01-16 11:41:17.283 [info] > git for-each-ref --format=%(refname)%00%(upstream:short)%00%(objectname)%00%(upstream:track)%00%(upstream:remotename)%00%(upstream:remoteref) refs/heads/main refs/remotes/main [3ms]
2024-01-16 11:41:17.295 [warning] ENOENT: no such file or directory, open '/home/dylan/Seafile/My Library/Temp_Git_Files/bigdale123.github.io/.git/refs/remotes/origin/main'
2024-01-16 11:41:17.297 [info] > git rev-parse refs/remotes/origin/main [2ms]
2024-01-16 11:41:17.312 [info] > git status -z -uall [3ms]
2024-01-16 11:42:56.023 [info] > git show --textconv :dev/src/routes/+layout.svelte [17ms]
2024-01-16 11:42:56.026 [info] > git ls-files --stage -- /home/dylan/Seafile/My Library/Temp_Git_Files/bigdale123.github.io/dev/src/routes/+layout.svelte [3ms]
2024-01-16 11:43:00.319 [info] > git show --textconv :dev/src/routes/+page.svelte [15ms]
2024-01-16 11:43:00.322 [info] > git ls-files --stage -- /home/dylan/Seafile/My Library/Temp_Git_Files/bigdale123.github.io/dev/src/routes/+page.svelte [4ms]
2024-01-16 11:46:27.174 [info] > git config --get commit.template [1ms]
2024-01-16 11:46:27.190 [info] > git for-each-ref --format=%(refname)%00%(upstream:short)%00%(objectname)%00%(upstream:track)%00%(upstream:remotename)%00%(upstream:remoteref) refs/heads/main refs/remotes/main [2ms]
2024-01-16 11:46:27.205 [warning] ENOENT: no such file or directory, open '/home/dylan/Seafile/My Library/Temp_Git_Files/bigdale123.github.io/.git/refs/remotes/origin/main'
2024-01-16 11:46:27.206 [info] > git rev-parse refs/remotes/origin/main [1ms]
2024-01-16 11:46:27.223 [info] > git status -z -uall [3ms]
2024-01-16 11:47:09.446 [info] > git config --get commit.template [23ms]
2024-01-16 11:47:09.447 [info] > git for-each-ref --format=%(refname)%00%(upstream:short)%00%(objectname)%00%(upstream:track)%00%(upstream:remotename)%00%(upstream:remoteref) refs/heads/main refs/remotes/main [3ms]
2024-01-16 11:47:09.464 [warning] ENOENT: no such file or directory, open '/home/dylan/Seafile/My Library/Temp_Git_Files/bigdale123.github.io/.git/refs/remotes/origin/main'
2024-01-16 11:47:09.467 [info] > git rev-parse refs/remotes/origin/main [2ms]
2024-01-16 11:47:09.491 [info] > git status -z -uall [4ms]
2024-01-16 11:54:53.841 [info] > git show --textconv :dev/src/routes/+layout.svelte [15ms]
2024-01-16 11:54:53.842 [info] > git ls-files --stage -- /home/dylan/Seafile/My Library/Temp_Git_Files/bigdale123.github.io/dev/src/routes/+layout.svelte [2ms]
2024-01-16 11:55:05.418 [info] > git config --get commit.template [16ms]
2024-01-16 11:55:05.419 [info] > git for-each-ref --format=%(refname)%00%(upstream:short)%00%(objectname)%00%(upstream:track)%00%(upstream:remotename)%00%(upstream:remoteref) refs/heads/main refs/remotes/main [2ms]
2024-01-16 11:55:05.434 [warning] ENOENT: no such file or directory, open '/home/dylan/Seafile/My Library/Temp_Git_Files/bigdale123.github.io/.git/refs/remotes/origin/main'
2024-01-16 11:55:05.435 [info] > git rev-parse refs/remotes/origin/main [2ms]
2024-01-16 11:55:05.453 [info] > git status -z -uall [3ms]
2024-01-16 11:55:07.672 [info] > git show --textconv :dev/src/routes/+page.svelte [14ms]
2024-01-16 11:55:07.674 [info] > git ls-files --stage -- /home/dylan/Seafile/My Library/Temp_Git_Files/bigdale123.github.io/dev/src/routes/+page.svelte [2ms]
2024-01-16 11:55:14.430 [info] > git config --get commit.template [15ms]
2024-01-16 11:55:14.431 [info] > git for-each-ref --format=%(refname)%00%(upstream:short)%00%(objectname)%00%(upstream:track)%00%(upstream:remotename)%00%(upstream:remoteref) refs/heads/main refs/remotes/main [2ms]
2024-01-16 11:55:14.446 [warning] ENOENT: no such file or directory, open '/home/dylan/Seafile/My Library/Temp_Git_Files/bigdale123.github.io/.git/refs/remotes/origin/main'
2024-01-16 11:55:14.448 [info] > git rev-parse refs/remotes/origin/main [2ms]
2024-01-16 11:55:14.465 [info] > git status -z -uall [2ms]
2024-01-16 11:55:20.537 [info] > git show --textconv :dev/src/routes/+layout.svelte [21ms]
2024-01-16 11:55:20.541 [info] > git ls-files --stage -- /home/dylan/Seafile/My Library/Temp_Git_Files/bigdale123.github.io/dev/src/routes/+layout.svelte [5ms]
2024-01-16 11:55:27.204 [info] > git check-ignore -v -z --stdin [2ms]
2024-01-16 11:55:27.773 [info] > git config --get commit.template [17ms]
2024-01-16 11:55:27.775 [info] > git for-each-ref --format=%(refname)%00%(upstream:short)%00%(objectname)%00%(upstream:track)%00%(upstream:remotename)%00%(upstream:remoteref) refs/heads/main refs/remotes/main [3ms]
2024-01-16 11:55:27.791 [warning] ENOENT: no such file or directory, open '/home/dylan/Seafile/My Library/Temp_Git_Files/bigdale123.github.io/.git/refs/remotes/origin/main'
2024-01-16 11:55:27.793 [info] > git rev-parse refs/remotes/origin/main [2ms]
2024-01-16 11:55:27.810 [info] > git status -z -uall [3ms]
2024-01-16 11:55:34.102 [info] > git check-ignore -v -z --stdin [3ms]
2024-01-16 11:55:34.668 [info] > git config --get commit.template [17ms]
2024-01-16 11:55:34.670 [info] > git for-each-ref --format=%(refname)%00%(upstream:short)%00%(objectname)%00%(upstream:track)%00%(upstream:remotename)%00%(upstream:remoteref) refs/heads/main refs/remotes/main [3ms]
2024-01-16 11:55:34.687 [warning] ENOENT: no such file or directory, open '/home/dylan/Seafile/My Library/Temp_Git_Files/bigdale123.github.io/.git/refs/remotes/origin/main'
2024-01-16 11:55:34.689 [info] > git rev-parse refs/remotes/origin/main [3ms]
2024-01-16 11:55:34.707 [info] > git status -z -uall [3ms]
2024-01-16 12:03:08.535 [info] > git config --get commit.template [2ms]
2024-01-16 12:03:08.562 [info] > git for-each-ref --format=%(refname)%00%(upstream:short)%00%(objectname)%00%(upstream:track)%00%(upstream:remotename)%00%(upstream:remoteref) refs/heads/main refs/remotes/main [6ms]
2024-01-16 12:03:08.586 [warning] ENOENT: no such file or directory, open '/home/dylan/Seafile/My Library/Temp_Git_Files/bigdale123.github.io/.git/refs/remotes/origin/main'
2024-01-16 12:03:08.587 [info] > git rev-parse refs/remotes/origin/main [1ms]
2024-01-16 12:03:08.605 [info] > git status -z -uall [2ms]
2024-01-16 12:03:33.147 [info] > git config --get commit.template [17ms]
2024-01-16 12:03:33.148 [info] > git for-each-ref --format=%(refname)%00%(upstream:short)%00%(objectname)%00%(upstream:track)%00%(upstream:remotename)%00%(upstream:remoteref) refs/heads/main refs/remotes/main [2ms]
2024-01-16 12:03:33.164 [warning] ENOENT: no such file or directory, open '/home/dylan/Seafile/My Library/Temp_Git_Files/bigdale123.github.io/.git/refs/remotes/origin/main'
2024-01-16 12:03:33.166 [info] > git rev-parse refs/remotes/origin/main [2ms]
2024-01-16 12:03:33.183 [info] > git status -z -uall [2ms]
2024-01-16 12:04:02.991 [info] > git config --get commit.template [18ms]
2024-01-16 12:04:02.992 [info] > git for-each-ref --format=%(refname)%00%(upstream:short)%00%(objectname)%00%(upstream:track)%00%(upstream:remotename)%00%(upstream:remoteref) refs/heads/main refs/remotes/main [2ms]
2024-01-16 12:04:03.007 [warning] ENOENT: no such file or directory, open '/home/dylan/Seafile/My Library/Temp_Git_Files/bigdale123.github.io/.git/refs/remotes/origin/main'
2024-01-16 12:04:03.009 [info] > git rev-parse refs/remotes/origin/main [2ms]
2024-01-16 12:04:03.027 [info] > git status -z -uall [3ms]
2024-01-16 12:04:13.529 [info] > git config --get commit.template [16ms]
2024-01-16 12:04:13.530 [info] > git for-each-ref --format=%(refname)%00%(upstream:short)%00%(objectname)%00%(upstream:track)%00%(upstream:remotename)%00%(upstream:remoteref) refs/heads/main refs/remotes/main [2ms]
2024-01-16 12:04:13.544 [warning] ENOENT: no such file or directory, open '/home/dylan/Seafile/My Library/Temp_Git_Files/bigdale123.github.io/.git/refs/remotes/origin/main'
2024-01-16 12:04:13.546 [info] > git rev-parse refs/remotes/origin/main [2ms]
2024-01-16 12:04:13.563 [info] > git status -z -uall [2ms]
2024-01-16 12:04:46.885 [info] > git config --get commit.template [5ms]
2024-01-16 12:04:46.908 [info] > git for-each-ref --format=%(refname)%00%(upstream:short)%00%(objectname)%00%(upstream:track)%00%(upstream:remotename)%00%(upstream:remoteref) refs/heads/main refs/remotes/main [4ms]
2024-01-16 12:04:46.928 [warning] ENOENT: no such file or directory, open '/home/dylan/Seafile/My Library/Temp_Git_Files/bigdale123.github.io/.git/refs/remotes/origin/main'
2024-01-16 12:04:46.930 [info] > git rev-parse refs/remotes/origin/main [3ms]
2024-01-16 12:04:46.952 [info] > git status -z -uall [4ms]
2024-01-16 12:04:51.991 [info] > git config --get commit.template [18ms]
2024-01-16 12:04:51.992 [info] > git for-each-ref --format=%(refname)%00%(upstream:short)%00%(objectname)%00%(upstream:track)%00%(upstream:remotename)%00%(upstream:remoteref) refs/heads/main refs/remotes/main [2ms]
2024-01-16 12:04:52.005 [warning] ENOENT: no such file or directory, open '/home/dylan/Seafile/My Library/Temp_Git_Files/bigdale123.github.io/.git/refs/remotes/origin/main'
2024-01-16 12:04:52.007 [info] > git rev-parse refs/remotes/origin/main [1ms]
2024-01-16 12:04:52.022 [info] > git status -z -uall [3ms]
2024-01-16 12:04:57.059 [info] > git config --get commit.template [20ms]
2024-01-16 12:04:57.061 [info] > git for-each-ref --format=%(refname)%00%(upstream:short)%00%(objectname)%00%(upstream:track)%00%(upstream:remotename)%00%(upstream:remoteref) refs/heads/main refs/remotes/main [4ms]
2024-01-16 12:04:57.078 [warning] ENOENT: no such file or directory, open '/home/dylan/Seafile/My Library/Temp_Git_Files/bigdale123.github.io/.git/refs/remotes/origin/main'
2024-01-16 12:04:57.081 [info] > git rev-parse refs/remotes/origin/main [2ms]
2024-01-16 12:04:57.107 [info] > git status -z -uall [5ms]
2024-01-16 12:05:14.234 [info] > git config --get commit.template [17ms]
2024-01-16 12:05:14.236 [info] > git for-each-ref --format=%(refname)%00%(upstream:short)%00%(objectname)%00%(upstream:track)%00%(upstream:remotename)%00%(upstream:remoteref) refs/heads/main refs/remotes/main [3ms]
2024-01-16 12:05:14.252 [warning] ENOENT: no such file or directory, open '/home/dylan/Seafile/My Library/Temp_Git_Files/bigdale123.github.io/.git/refs/remotes/origin/main'
2024-01-16 12:05:14.256 [info] > git rev-parse refs/remotes/origin/main [3ms]
2024-01-16 12:05:14.274 [info] > git status -z -uall [4ms]
2024-01-16 12:05:23.528 [info] > git config --get commit.template [18ms]
2024-01-16 12:05:23.530 [info] > git for-each-ref --format=%(refname)%00%(upstream:short)%00%(objectname)%00%(upstream:track)%00%(upstream:remotename)%00%(upstream:remoteref) refs/heads/main refs/remotes/main [3ms]
2024-01-16 12:05:23.551 [warning] ENOENT: no such file or directory, open '/home/dylan/Seafile/My Library/Temp_Git_Files/bigdale123.github.io/.git/refs/remotes/origin/main'
2024-01-16 12:05:23.554 [info] > git rev-parse refs/remotes/origin/main [2ms]
2024-01-16 12:05:23.576 [info] > git status -z -uall [4ms]
2024-01-16 12:06:37.686 [info] > git config --get commit.template [20ms]
2024-01-16 12:06:37.688 [info] > git for-each-ref --format=%(refname)%00%(upstream:short)%00%(objectname)%00%(upstream:track)%00%(upstream:remotename)%00%(upstream:remoteref) refs/heads/main refs/remotes/main [3ms]
2024-01-16 12:06:37.707 [warning] ENOENT: no such file or directory, open '/home/dylan/Seafile/My Library/Temp_Git_Files/bigdale123.github.io/.git/refs/remotes/origin/main'
2024-01-16 12:06:37.709 [info] > git rev-parse refs/remotes/origin/main [2ms]
2024-01-16 12:06:37.729 [info] > git status -z -uall [3ms]
2024-01-16 12:07:03.505 [info] > git show --textconv :dev/src/routes/resume/page.svelte [19ms]
2024-01-16 12:07:03.507 [info] > git ls-files --stage -- /home/dylan/Seafile/My Library/Temp_Git_Files/bigdale123.github.io/dev/src/routes/resume/page.svelte [4ms]
2024-01-16 12:07:03.715 [info] > git check-ignore -v -z --stdin [2ms]
2024-01-16 12:07:04.395 [info] > git config --get commit.template [17ms]
2024-01-16 12:07:04.396 [info] > git for-each-ref --format=%(refname)%00%(upstream:short)%00%(objectname)%00%(upstream:track)%00%(upstream:remotename)%00%(upstream:remoteref) refs/heads/main refs/remotes/main [2ms]
2024-01-16 12:07:04.412 [warning] ENOENT: no such file or directory, open '/home/dylan/Seafile/My Library/Temp_Git_Files/bigdale123.github.io/.git/refs/remotes/origin/main'
2024-01-16 12:07:04.414 [info] > git rev-parse refs/remotes/origin/main [2ms]
2024-01-16 12:07:04.431 [info] > git status -z -uall [3ms]
2024-01-16 12:07:13.347 [info] > git show --textconv :dev/src/routes/projects/page.svelte [17ms]
2024-01-16 12:07:13.349 [info] > git ls-files --stage -- /home/dylan/Seafile/My Library/Temp_Git_Files/bigdale123.github.io/dev/src/routes/projects/page.svelte [3ms]
2024-01-16 12:07:13.566 [info] > git check-ignore -v -z --stdin [3ms]
2024-01-16 12:07:14.244 [info] > git config --get commit.template [16ms]
2024-01-16 12:07:14.245 [info] > git for-each-ref --format=%(refname)%00%(upstream:short)%00%(objectname)%00%(upstream:track)%00%(upstream:remotename)%00%(upstream:remoteref) refs/heads/main refs/remotes/main [2ms]
2024-01-16 12:07:14.259 [warning] ENOENT: no such file or directory, open '/home/dylan/Seafile/My Library/Temp_Git_Files/bigdale123.github.io/.git/refs/remotes/origin/main'
2024-01-16 12:07:14.261 [info] > git rev-parse refs/remotes/origin/main [2ms]
2024-01-16 12:07:14.279 [info] > git status -z -uall [3ms]
2024-01-16 12:07:15.109 [info] > git show --textconv :dev/src/routes/resume/page.svelte [17ms]
2024-01-16 12:07:15.111 [info] > git ls-files --stage -- /home/dylan/Seafile/My Library/Temp_Git_Files/bigdale123.github.io/dev/src/routes/resume/page.svelte [3ms]
2024-01-16 12:07:16.123 [info] > git show --textconv :dev/src/routes/+page.svelte [17ms]
2024-01-16 12:07:16.125 [info] > git ls-files --stage -- /home/dylan/Seafile/My Library/Temp_Git_Files/bigdale123.github.io/dev/src/routes/+page.svelte [3ms]
2024-01-16 12:07:37.277 [info] > git show --textconv :dev/src/routes/+layout.svelte [17ms]
2024-01-16 12:07:37.279 [info] > git ls-files --stage -- /home/dylan/Seafile/My Library/Temp_Git_Files/bigdale123.github.io/dev/src/routes/+layout.svelte [3ms]
2024-01-16 12:07:49.695 [info] > git config --get commit.template [24ms]
2024-01-16 12:07:49.696 [info] > git for-each-ref --format=%(refname)%00%(upstream:short)%00%(objectname)%00%(upstream:track)%00%(upstream:remotename)%00%(upstream:remoteref) refs/heads/main refs/remotes/main [3ms]
2024-01-16 12:07:49.713 [warning] ENOENT: no such file or directory, open '/home/dylan/Seafile/My Library/Temp_Git_Files/bigdale123.github.io/.git/refs/remotes/origin/main'
2024-01-16 12:07:49.716 [info] > git rev-parse refs/remotes/origin/main [2ms]
2024-01-16 12:07:49.737 [info] > git status -z -uall [4ms]
2024-01-16 12:10:09.663 [info] > git config --get commit.template [25ms]
2024-01-16 12:10:09.666 [info] > git for-each-ref --format=%(refname)%00%(upstream:short)%00%(objectname)%00%(upstream:track)%00%(upstream:remotename)%00%(upstream:remoteref) refs/heads/main refs/remotes/main [5ms]
2024-01-16 12:10:09.693 [warning] ENOENT: no such file or directory, open '/home/dylan/Seafile/My Library/Temp_Git_Files/bigdale123.github.io/.git/refs/remotes/origin/main'
2024-01-16 12:10:09.697 [info] > git rev-parse refs/remotes/origin/main [4ms]
2024-01-16 12:10:09.726 [info] > git status -z -uall [5ms]
2024-01-16 12:10:25.095 [info] > git config --get commit.template [2ms]
2024-01-16 12:10:25.122 [info] > git for-each-ref --format=%(refname)%00%(upstream:short)%00%(objectname)%00%(upstream:track)%00%(upstream:remotename)%00%(upstream:remoteref) refs/heads/main refs/remotes/main [4ms]
2024-01-16 12:10:25.145 [warning] ENOENT: no such file or directory, open '/home/dylan/Seafile/My Library/Temp_Git_Files/bigdale123.github.io/.git/refs/remotes/origin/main'
2024-01-16 12:10:25.147 [info] > git rev-parse refs/remotes/origin/main [3ms]
2024-01-16 12:10:25.173 [info] > git status -z -uall [3ms]
2024-01-16 12:10:30.219 [info] > git config --get commit.template [18ms]
2024-01-16 12:10:30.221 [info] > git for-each-ref --format=%(refname)%00%(upstream:short)%00%(objectname)%00%(upstream:track)%00%(upstream:remotename)%00%(upstream:remoteref) refs/heads/main refs/remotes/main [2ms]
2024-01-16 12:10:30.237 [warning] ENOENT: no such file or directory, open '/home/dylan/Seafile/My Library/Temp_Git_Files/bigdale123.github.io/.git/refs/remotes/origin/main'
2024-01-16 12:10:30.238 [info] > git rev-parse refs/remotes/origin/main [1ms]
2024-01-16 12:10:30.259 [info] > git status -z -uall [3ms]
2024-01-16 12:10:43.343 [info] > git config --get commit.template [16ms]
2024-01-16 12:10:43.344 [info] > git for-each-ref --format=%(refname)%00%(upstream:short)%00%(objectname)%00%(upstream:track)%00%(upstream:remotename)%00%(upstream:remoteref) refs/heads/main refs/remotes/main [2ms]
2024-01-16 12:10:43.359 [warning] ENOENT: no such file or directory, open '/home/dylan/Seafile/My Library/Temp_Git_Files/bigdale123.github.io/.git/refs/remotes/origin/main'
2024-01-16 12:10:43.361 [info] > git rev-parse refs/remotes/origin/main [2ms]
2024-01-16 12:10:43.378 [info] > git status -z -uall [3ms]
2024-01-16 12:10:49.545 [info] > git show --textconv :dev/src/routes/+page.svelte [17ms]
2024-01-16 12:10:49.547 [info] > git ls-files --stage -- /home/dylan/Seafile/My Library/Temp_Git_Files/bigdale123.github.io/dev/src/routes/+page.svelte [3ms]
2024-01-16 12:11:27.056 [info] > git config --get commit.template [18ms]
2024-01-16 12:11:27.057 [info] > git for-each-ref --format=%(refname)%00%(upstream:short)%00%(objectname)%00%(upstream:track)%00%(upstream:remotename)%00%(upstream:remoteref) refs/heads/main refs/remotes/main [2ms]
2024-01-16 12:11:27.073 [warning] ENOENT: no such file or directory, open '/home/dylan/Seafile/My Library/Temp_Git_Files/bigdale123.github.io/.git/refs/remotes/origin/main'
2024-01-16 12:11:27.075 [info] > git rev-parse refs/remotes/origin/main [2ms]
2024-01-16 12:11:27.093 [info] > git status -z -uall [2ms]
2024-01-16 12:11:32.132 [info] > git config --get commit.template [17ms]
2024-01-16 12:11:32.133 [info] > git for-each-ref --format=%(refname)%00%(upstream:short)%00%(objectname)%00%(upstream:track)%00%(upstream:remotename)%00%(upstream:remoteref) refs/heads/main refs/remotes/main [2ms]
2024-01-16 12:11:32.148 [warning] ENOENT: no such file or directory, open '/home/dylan/Seafile/My Library/Temp_Git_Files/bigdale123.github.io/.git/refs/remotes/origin/main'
2024-01-16 12:11:32.150 [info] > git rev-parse refs/remotes/origin/main [2ms]
2024-01-16 12:11:32.167 [info] > git status -z -uall [2ms]
2024-01-16 12:11:38.328 [info] > git config --get commit.template [17ms]
2024-01-16 12:11:38.329 [info] > git for-each-ref --format=%(refname)%00%(upstream:short)%00%(objectname)%00%(upstream:track)%00%(upstream:remotename)%00%(upstream:remoteref) refs/heads/main refs/remotes/main [2ms]
2024-01-16 12:11:38.345 [warning] ENOENT: no such file or directory, open '/home/dylan/Seafile/My Library/Temp_Git_Files/bigdale123.github.io/.git/refs/remotes/origin/main'
2024-01-16 12:11:38.347 [info] > git rev-parse refs/remotes/origin/main [2ms]
2024-01-16 12:11:38.366 [info] > git status -z -uall [4ms]
2024-01-16 12:11:43.403 [info] > git config --get commit.template [16ms]
2024-01-16 12:11:43.404 [info] > git for-each-ref --format=%(refname)%00%(upstream:short)%00%(objectname)%00%(upstream:track)%00%(upstream:remotename)%00%(upstream:remoteref) refs/heads/main refs/remotes/main [2ms]
2024-01-16 12:11:43.419 [warning] ENOENT: no such file or directory, open '/home/dylan/Seafile/My Library/Temp_Git_Files/bigdale123.github.io/.git/refs/remotes/origin/main'
2024-01-16 12:11:43.422 [info] > git rev-parse refs/remotes/origin/main [3ms]
2024-01-16 12:11:43.443 [info] > git status -z -uall [4ms]
2024-01-16 12:11:57.387 [info] > git config --get commit.template [18ms]
2024-01-16 12:11:57.389 [info] > git for-each-ref --format=%(refname)%00%(upstream:short)%00%(objectname)%00%(upstream:track)%00%(upstream:remotename)%00%(upstream:remoteref) refs/heads/main refs/remotes/main [3ms]
2024-01-16 12:11:57.404 [warning] ENOENT: no such file or directory, open '/home/dylan/Seafile/My Library/Temp_Git_Files/bigdale123.github.io/.git/refs/remotes/origin/main'
2024-01-16 12:11:57.406 [info] > git rev-parse refs/remotes/origin/main [2ms]
2024-01-16 12:11:57.425 [info] > git status -z -uall [3ms]
2024-01-16 12:12:02.466 [info] > git config --get commit.template [20ms]
2024-01-16 12:12:02.467 [info] > git for-each-ref --format=%(refname)%00%(upstream:short)%00%(objectname)%00%(upstream:track)%00%(upstream:remotename)%00%(upstream:remoteref) refs/heads/main refs/remotes/main [3ms]
2024-01-16 12:12:02.485 [warning] ENOENT: no such file or directory, open '/home/dylan/Seafile/My Library/Temp_Git_Files/bigdale123.github.io/.git/refs/remotes/origin/main'
2024-01-16 12:12:02.486 [info] > git rev-parse refs/remotes/origin/main [1ms]
2024-01-16 12:12:02.507 [info] > git status -z -uall [3ms]
2024-01-16 12:12:07.537 [info] > git config --get commit.template [4ms]
2024-01-16 12:12:07.560 [info] > git for-each-ref --format=%(refname)%00%(upstream:short)%00%(objectname)%00%(upstream:track)%00%(upstream:remotename)%00%(upstream:remoteref) refs/heads/main refs/remotes/main [3ms]
2024-01-16 12:12:07.581 [warning] ENOENT: no such file or directory, open '/home/dylan/Seafile/My Library/Temp_Git_Files/bigdale123.github.io/.git/refs/remotes/origin/main'
2024-01-16 12:12:07.584 [info] > git rev-parse refs/remotes/origin/main [3ms]
2024-01-16 12:12:07.608 [info] > git status -z -uall [5ms]
2024-01-16 12:12:18.648 [info] > git config --get commit.template [3ms]
2024-01-16 12:12:18.668 [info] > git for-each-ref --format=%(refname)%00%(upstream:short)%00%(objectname)%00%(upstream:track)%00%(upstream:remotename)%00%(upstream:remoteref) refs/heads/main refs/remotes/main [3ms]
2024-01-16 12:12:18.683 [warning] ENOENT: no such file or directory, open '/home/dylan/Seafile/My Library/Temp_Git_Files/bigdale123.github.io/.git/refs/remotes/origin/main'
2024-01-16 12:12:18.685 [info] > git rev-parse refs/remotes/origin/main [2ms]
2024-01-16 12:12:18.701 [info] > git status -z -uall [2ms]
2024-01-16 12:13:01.635 [info] > git config --get commit.template [19ms]
2024-01-16 12:13:01.635 [info] > git for-each-ref --format=%(refname)%00%(upstream:short)%00%(objectname)%00%(upstream:track)%00%(upstream:remotename)%00%(upstream:remoteref) refs/heads/main refs/remotes/main [2ms]
2024-01-16 12:13:01.649 [warning] ENOENT: no such file or directory, open '/home/dylan/Seafile/My Library/Temp_Git_Files/bigdale123.github.io/.git/refs/remotes/origin/main'
2024-01-16 12:13:01.651 [info] > git rev-parse refs/remotes/origin/main [2ms]
2024-01-16 12:13:01.668 [info] > git status -z -uall [4ms]
2024-01-16 12:13:49.995 [info] > git show --textconv :dev/svelte.config.js [15ms]
2024-01-16 12:13:49.999 [info] > git ls-files --stage -- /home/dylan/Seafile/My Library/Temp_Git_Files/bigdale123.github.io/dev/svelte.config.js [5ms]
2024-01-16 12:13:52.951 [info] > git show --textconv :dev/src/routes/projects/page.svelte [19ms]
2024-01-16 12:13:52.952 [info] > git ls-files --stage -- /home/dylan/Seafile/My Library/Temp_Git_Files/bigdale123.github.io/dev/src/routes/projects/page.svelte [3ms]
2024-01-16 12:13:54.061 [info] > git show --textconv :dev/src/routes/+layout.svelte [17ms]
2024-01-16 12:13:54.063 [info] > git ls-files --stage -- /home/dylan/Seafile/My Library/Temp_Git_Files/bigdale123.github.io/dev/src/routes/+layout.svelte [3ms]
2024-01-16 12:14:43.002 [info] > git config --get commit.template [17ms]
2024-01-16 12:14:43.003 [info] > git for-each-ref --format=%(refname)%00%(upstream:short)%00%(objectname)%00%(upstream:track)%00%(upstream:remotename)%00%(upstream:remoteref) refs/heads/main refs/remotes/main [2ms]
2024-01-16 12:14:43.021 [warning] ENOENT: no such file or directory, open '/home/dylan/Seafile/My Library/Temp_Git_Files/bigdale123.github.io/.git/refs/remotes/origin/main'
2024-01-16 12:14:43.024 [info] > git rev-parse refs/remotes/origin/main [2ms]
2024-01-16 12:14:43.043 [info] > git status -z -uall [2ms]
2024-01-16 12:15:41.951 [info] > git config --get commit.template [18ms]
2024-01-16 12:15:41.951 [info] > git for-each-ref --format=%(refname)%00%(upstream:short)%00%(objectname)%00%(upstream:track)%00%(upstream:remotename)%00%(upstream:remoteref) refs/heads/main refs/remotes/main [2ms]
2024-01-16 12:15:41.967 [warning] ENOENT: no such file or directory, open '/home/dylan/Seafile/My Library/Temp_Git_Files/bigdale123.github.io/.git/refs/remotes/origin/main'
2024-01-16 12:15:41.969 [info] > git rev-parse refs/remotes/origin/main [2ms]
2024-01-16 12:15:41.988 [info] > git status -z -uall [2ms]
2024-01-16 12:15:52.253 [info] > git config --get commit.template [23ms]
2024-01-16 12:15:52.255 [info] > git for-each-ref --format=%(refname)%00%(upstream:short)%00%(objectname)%00%(upstream:track)%00%(upstream:remotename)%00%(upstream:remoteref) refs/heads/main refs/remotes/main [3ms]
2024-01-16 12:15:52.278 [warning] ENOENT: no such file or directory, open '/home/dylan/Seafile/My Library/Temp_Git_Files/bigdale123.github.io/.git/refs/remotes/origin/main'
2024-01-16 12:15:52.280 [info] > git rev-parse refs/remotes/origin/main [2ms]
2024-01-16 12:15:52.302 [info] > git status -z -uall [4ms]
2024-01-16 12:17:33.197 [info] > git check-ignore -v -z --stdin [2ms]
2024-01-16 12:17:47.306 [info] > git check-ignore -v -z --stdin [2ms]
2024-01-16 12:18:09.391 [info] > git config --get commit.template [25ms]
2024-01-16 12:18:09.393 [info] > git for-each-ref --format=%(refname)%00%(upstream:short)%00%(objectname)%00%(upstream:track)%00%(upstream:remotename)%00%(upstream:remoteref) refs/heads/main refs/remotes/main [3ms]
2024-01-16 12:18:09.411 [warning] ENOENT: no such file or directory, open '/home/dylan/Seafile/My Library/Temp_Git_Files/bigdale123.github.io/.git/refs/remotes/origin/main'
2024-01-16 12:18:09.414 [info] > git rev-parse refs/remotes/origin/main [3ms]
2024-01-16 12:18:09.437 [info] > git status -z -uall [5ms]
2024-01-16 12:18:14.476 [info] > git config --get commit.template [17ms]
2024-01-16 12:18:14.478 [info] > git for-each-ref --format=%(refname)%00%(upstream:short)%00%(objectname)%00%(upstream:track)%00%(upstream:remotename)%00%(upstream:remoteref) refs/heads/main refs/remotes/main [2ms]
2024-01-16 12:18:14.490 [warning] ENOENT: no such file or directory, open '/home/dylan/Seafile/My Library/Temp_Git_Files/bigdale123.github.io/.git/refs/remotes/origin/main'
2024-01-16 12:18:14.492 [info] > git rev-parse refs/remotes/origin/main [2ms]
2024-01-16 12:18:14.511 [info] > git status -z -uall [4ms]
2024-01-16 12:18:32.104 [info] > git config --get commit.template [17ms]
2024-01-16 12:18:32.105 [info] > git for-each-ref --format=%(refname)%00%(upstream:short)%00%(objectname)%00%(upstream:track)%00%(upstream:remotename)%00%(upstream:remoteref) refs/heads/main refs/remotes/main [3ms]
2024-01-16 12:18:32.120 [warning] ENOENT: no such file or directory, open '/home/dylan/Seafile/My Library/Temp_Git_Files/bigdale123.github.io/.git/refs/remotes/origin/main'
2024-01-16 12:18:32.122 [info] > git rev-parse refs/remotes/origin/main [2ms]
2024-01-16 12:18:32.142 [info] > git status -z -uall [3ms]
2024-01-16 12:19:59.697 [info] > git config --get commit.template [5ms]
2024-01-16 12:19:59.721 [info] > git for-each-ref --format=%(refname)%00%(upstream:short)%00%(objectname)%00%(upstream:track)%00%(upstream:remotename)%00%(upstream:remoteref) refs/heads/main refs/remotes/main [3ms]
2024-01-16 12:19:59.740 [warning] ENOENT: no such file or directory, open '/home/dylan/Seafile/My Library/Temp_Git_Files/bigdale123.github.io/.git/refs/remotes/origin/main'
2024-01-16 12:19:59.743 [info] > git rev-parse refs/remotes/origin/main [2ms]
2024-01-16 12:19:59.766 [info] > git status -z -uall [4ms]
2024-01-16 12:20:41.563 [info] > git config --get commit.template [25ms]
2024-01-16 12:20:41.567 [info] > git for-each-ref --format=%(refname)%00%(upstream:short)%00%(objectname)%00%(upstream:track)%00%(upstream:remotename)%00%(upstream:remoteref) refs/heads/main refs/remotes/main [5ms]
2024-01-16 12:20:41.594 [warning] ENOENT: no such file or directory, open '/home/dylan/Seafile/My Library/Temp_Git_Files/bigdale123.github.io/.git/refs/remotes/origin/main'
2024-01-16 12:20:41.597 [info] > git rev-parse refs/remotes/origin/main [3ms]
2024-01-16 12:20:41.624 [info] > git status -z -uall [6ms]
2024-01-16 12:21:17.729 [info] > git config --get commit.template [18ms]
2024-01-16 12:21:17.730 [info] > git for-each-ref --format=%(refname)%00%(upstream:short)%00%(objectname)%00%(upstream:track)%00%(upstream:remotename)%00%(upstream:remoteref) refs/heads/main refs/remotes/main [2ms]
2024-01-16 12:21:17.746 [warning] ENOENT: no such file or directory, open '/home/dylan/Seafile/My Library/Temp_Git_Files/bigdale123.github.io/.git/refs/remotes/origin/main'
2024-01-16 12:21:17.748 [info] > git rev-parse refs/remotes/origin/main [2ms]
2024-01-16 12:21:17.767 [info] > git status -z -uall [3ms]
2024-01-16 12:21:37.425 [info] > git config --get commit.template [20ms]
2024-01-16 12:21:37.425 [info] > git for-each-ref --format=%(refname)%00%(upstream:short)%00%(objectname)%00%(upstream:track)%00%(upstream:remotename)%00%(upstream:remoteref) refs/heads/main refs/remotes/main [2ms]
2024-01-16 12:21:37.441 [warning] ENOENT: no such file or directory, open '/home/dylan/Seafile/My Library/Temp_Git_Files/bigdale123.github.io/.git/refs/remotes/origin/main'
2024-01-16 12:21:37.443 [info] > git rev-parse refs/remotes/origin/main [2ms]
2024-01-16 12:21:37.460 [info] > git status -z -uall [3ms]
2024-01-16 12:24:14.632 [info] > git config --get commit.template [19ms]
2024-01-16 12:24:14.633 [info] > git for-each-ref --format=%(refname)%00%(upstream:short)%00%(objectname)%00%(upstream:track)%00%(upstream:remotename)%00%(upstream:remoteref) refs/heads/main refs/remotes/main [2ms]
2024-01-16 12:24:14.650 [warning] ENOENT: no such file or directory, open '/home/dylan/Seafile/My Library/Temp_Git_Files/bigdale123.github.io/.git/refs/remotes/origin/main'
2024-01-16 12:24:14.650 [info] > git rev-parse refs/remotes/origin/main [1ms]
2024-01-16 12:24:14.669 [info] > git status -z -uall [3ms]
2024-01-16 12:25:46.054 [info] > git config --get commit.template [19ms]
2024-01-16 12:25:46.055 [info] > git for-each-ref --format=%(refname)%00%(upstream:short)%00%(objectname)%00%(upstream:track)%00%(upstream:remotename)%00%(upstream:remoteref) refs/heads/main refs/remotes/main [3ms]
2024-01-16 12:25:46.071 [warning] ENOENT: no such file or directory, open '/home/dylan/Seafile/My Library/Temp_Git_Files/bigdale123.github.io/.git/refs/remotes/origin/main'
2024-01-16 12:25:46.072 [info] > git rev-parse refs/remotes/origin/main [2ms]
2024-01-16 12:25:46.090 [info] > git status -z -uall [3ms]
2024-01-16 13:57:23.692 [info] > git config --get commit.template [26ms]
2024-01-16 13:57:23.695 [info] > git for-each-ref --format=%(refname)%00%(upstream:short)%00%(objectname)%00%(upstream:track)%00%(upstream:remotename)%00%(upstream:remoteref) refs/heads/main refs/remotes/main [4ms]
2024-01-16 13:57:23.715 [warning] ENOENT: no such file or directory, open '/home/dylan/Seafile/My Library/Temp_Git_Files/bigdale123.github.io/.git/refs/remotes/origin/main'
2024-01-16 13:57:23.716 [info] > git rev-parse refs/remotes/origin/main [2ms]
2024-01-16 13:57:23.738 [info] > git status -z -uall [4ms]
2024-01-16 13:57:35.965 [info] > git check-ignore -v -z --stdin [1ms]
2024-01-16 13:57:37.056 [info] > git config --get commit.template [17ms]
2024-01-16 13:57:37.058 [info] > git for-each-ref --format=%(refname)%00%(upstream:short)%00%(objectname)%00%(upstream:track)%00%(upstream:remotename)%00%(upstream:remoteref) refs/heads/main refs/remotes/main [2ms]
2024-01-16 13:57:37.073 [warning] ENOENT: no such file or directory, open '/home/dylan/Seafile/My Library/Temp_Git_Files/bigdale123.github.io/.git/refs/remotes/origin/main'
2024-01-16 13:57:37.075 [info] > git rev-parse refs/remotes/origin/main [2ms]
2024-01-16 13:57:37.092 [info] > git status -z -uall [3ms]
2024-01-16 13:58:08.339 [info] > git config --get commit.template [21ms]
2024-01-16 13:58:08.340 [info] > git for-each-ref --format=%(refname)%00%(upstream:short)%00%(objectname)%00%(upstream:track)%00%(upstream:remotename)%00%(upstream:remoteref) refs/heads/main refs/remotes/main [3ms]
2024-01-16 13:58:08.357 [warning] ENOENT: no such file or directory, open '/home/dylan/Seafile/My Library/Temp_Git_Files/bigdale123.github.io/.git/refs/remotes/origin/main'
2024-01-16 13:58:08.359 [info] > git rev-parse refs/remotes/origin/main [2ms]
2024-01-16 13:58:08.377 [info] > git status -z -uall [3ms]
2024-01-16 13:58:25.295 [info] > git config --get commit.template [28ms]
2024-01-16 13:58:25.299 [info] > git for-each-ref --format=%(refname)%00%(upstream:short)%00%(objectname)%00%(upstream:track)%00%(upstream:remotename)%00%(upstream:remoteref) refs/heads/main refs/remotes/main [5ms]
2024-01-16 13:58:25.320 [warning] ENOENT: no such file or directory, open '/home/dylan/Seafile/My Library/Temp_Git_Files/bigdale123.github.io/.git/refs/remotes/origin/main'
2024-01-16 13:58:25.326 [info] > git rev-parse refs/remotes/origin/main [4ms]
2024-01-16 13:58:25.353 [info] > git status -z -uall [6ms]
2024-01-16 13:58:32.963 [info] > git config --get commit.template [19ms]
2024-01-16 13:58:32.965 [info] > git for-each-ref --format=%(refname)%00%(upstream:short)%00%(objectname)%00%(upstream:track)%00%(upstream:remotename)%00%(upstream:remoteref) refs/heads/main refs/remotes/main [3ms]
2024-01-16 13:58:32.978 [warning] ENOENT: no such file or directory, open '/home/dylan/Seafile/My Library/Temp_Git_Files/bigdale123.github.io/.git/refs/remotes/origin/main'
2024-01-16 13:58:32.979 [info] > git rev-parse refs/remotes/origin/main [1ms]
2024-01-16 13:58:33.001 [info] > git status -z -uall [4ms]
2024-01-16 13:58:44.456 [info] > git config --get commit.template [2ms]
2024-01-16 13:58:44.481 [info] > git for-each-ref --format=%(refname)%00%(upstream:short)%00%(objectname)%00%(upstream:track)%00%(upstream:remotename)%00%(upstream:remoteref) refs/heads/main refs/remotes/main [5ms]
2024-01-16 13:58:44.500 [warning] ENOENT: no such file or directory, open '/home/dylan/Seafile/My Library/Temp_Git_Files/bigdale123.github.io/.git/refs/remotes/origin/main'
2024-01-16 13:58:44.502 [info] > git rev-parse refs/remotes/origin/main [3ms]
2024-01-16 13:58:44.523 [info] > git status -z -uall [4ms]
2024-01-16 13:58:51.846 [info] > git config --get commit.template [16ms]
2024-01-16 13:58:51.847 [info] > git for-each-ref --format=%(refname)%00%(upstream:short)%00%(objectname)%00%(upstream:track)%00%(upstream:remotename)%00%(upstream:remoteref) refs/heads/main refs/remotes/main [2ms]
2024-01-16 13:58:51.862 [warning] ENOENT: no such file or directory, open '/home/dylan/Seafile/My Library/Temp_Git_Files/bigdale123.github.io/.git/refs/remotes/origin/main'
2024-01-16 13:58:51.864 [info] > git rev-parse refs/remotes/origin/main [1ms]
2024-01-16 13:58:51.882 [info] > git status -z -uall [3ms]
2024-01-16 13:59:27.022 [info] > git config --get commit.template [4ms]
2024-01-16 13:59:27.044 [info] > git for-each-ref --format=%(refname)%00%(upstream:short)%00%(objectname)%00%(upstream:track)%00%(upstream:remotename)%00%(upstream:remoteref) refs/heads/main refs/remotes/main [3ms]
2024-01-16 13:59:27.062 [warning] ENOENT: no such file or directory, open '/home/dylan/Seafile/My Library/Temp_Git_Files/bigdale123.github.io/.git/refs/remotes/origin/main'
2024-01-16 13:59:27.065 [info] > git rev-parse refs/remotes/origin/main [3ms]
2024-01-16 13:59:27.085 [info] > git status -z -uall [4ms]
2024-01-16 14:00:20.459 [info] > git config --get commit.template [15ms]
2024-01-16 14:00:20.461 [info] > git for-each-ref --format=%(refname)%00%(upstream:short)%00%(objectname)%00%(upstream:track)%00%(upstream:remotename)%00%(upstream:remoteref) refs/heads/main refs/remotes/main [3ms]
2024-01-16 14:00:20.475 [warning] ENOENT: no such file or directory, open '/home/dylan/Seafile/My Library/Temp_Git_Files/bigdale123.github.io/.git/refs/remotes/origin/main'
2024-01-16 14:00:20.476 [info] > git rev-parse refs/remotes/origin/main [2ms]
2024-01-16 14:00:20.493 [info] > git status -z -uall [3ms]
2024-01-16 14:00:27.920 [info] > git config --get commit.template [17ms]
2024-01-16 14:00:27.921 [info] > git for-each-ref --format=%(refname)%00%(upstream:short)%00%(objectname)%00%(upstream:track)%00%(upstream:remotename)%00%(upstream:remoteref) refs/heads/main refs/remotes/main [2ms]
2024-01-16 14:00:27.936 [warning] ENOENT: no such file or directory, open '/home/dylan/Seafile/My Library/Temp_Git_Files/bigdale123.github.io/.git/refs/remotes/origin/main'
2024-01-16 14:00:27.937 [info] > git rev-parse refs/remotes/origin/main [1ms]
2024-01-16 14:00:27.960 [info] > git status -z -uall [3ms]
2024-01-16 14:00:34.016 [info] > git config --get commit.template [17ms]
2024-01-16 14:00:34.017 [info] > git for-each-ref --format=%(refname)%00%(upstream:short)%00%(objectname)%00%(upstream:track)%00%(upstream:remotename)%00%(upstream:remoteref) refs/heads/main refs/remotes/main [2ms]
2024-01-16 14:00:34.032 [warning] ENOENT: no such file or directory, open '/home/dylan/Seafile/My Library/Temp_Git_Files/bigdale123.github.io/.git/refs/remotes/origin/main'
2024-01-16 14:00:34.033 [info] > git rev-parse refs/remotes/origin/main [2ms]
2024-01-16 14:00:34.051 [info] > git status -z -uall [3ms]
2024-01-16 14:00:39.086 [info] > git config --get commit.template [16ms]
2024-01-16 14:00:39.087 [info] > git for-each-ref --format=%(refname)%00%(upstream:short)%00%(objectname)%00%(upstream:track)%00%(upstream:remotename)%00%(upstream:remoteref) refs/heads/main refs/remotes/main [2ms]
2024-01-16 14:00:39.100 [warning] ENOENT: no such file or directory, open '/home/dylan/Seafile/My Library/Temp_Git_Files/bigdale123.github.io/.git/refs/remotes/origin/main'
2024-01-16 14:00:39.102 [info] > git rev-parse refs/remotes/origin/main [2ms]
2024-01-16 14:00:39.119 [info] > git status -z -uall [3ms]
2024-01-16 14:00:44.156 [info] > git config --get commit.template [18ms]
2024-01-16 14:00:44.157 [info] > git for-each-ref --format=%(refname)%00%(upstream:short)%00%(objectname)%00%(upstream:track)%00%(upstream:remotename)%00%(upstream:remoteref) refs/heads/main refs/remotes/main [2ms]
2024-01-16 14:00:44.170 [warning] ENOENT: no such file or directory, open '/home/dylan/Seafile/My Library/Temp_Git_Files/bigdale123.github.io/.git/refs/remotes/origin/main'
2024-01-16 14:00:44.172 [info] > git rev-parse refs/remotes/origin/main [2ms]
2024-01-16 14:00:44.187 [info] > git status -z -uall [3ms]
2024-01-16 14:01:59.089 [info] > git config --get commit.template [2ms]
2024-01-16 14:01:59.112 [info] > git for-each-ref --format=%(refname)%00%(upstream:short)%00%(objectname)%00%(upstream:track)%00%(upstream:remotename)%00%(upstream:remoteref) refs/heads/main refs/remotes/main [3ms]
2024-01-16 14:01:59.134 [warning] ENOENT: no such file or directory, open '/home/dylan/Seafile/My Library/Temp_Git_Files/bigdale123.github.io/.git/refs/remotes/origin/main'
2024-01-16 14:01:59.137 [info] > git rev-parse refs/remotes/origin/main [2ms]
2024-01-16 14:01:59.164 [info] > git status -z -uall [6ms]
2024-01-16 14:02:09.030 [info] > git config --get commit.template [6ms]
2024-01-16 14:02:09.056 [info] > git for-each-ref --format=%(refname)%00%(upstream:short)%00%(objectname)%00%(upstream:track)%00%(upstream:remotename)%00%(upstream:remoteref) refs/heads/main refs/remotes/main [2ms]
2024-01-16 14:02:09.086 [warning] ENOENT: no such file or directory, open '/home/dylan/Seafile/My Library/Temp_Git_Files/bigdale123.github.io/.git/refs/remotes/origin/main'
2024-01-16 14:02:09.088 [info] > git rev-parse refs/remotes/origin/main [2ms]
2024-01-16 14:02:09.115 [info] > git status -z -uall [5ms]
2024-01-16 14:03:18.137 [info] > git config --get commit.template [22ms]
2024-01-16 14:03:18.139 [info] > git for-each-ref --format=%(refname)%00%(upstream:short)%00%(objectname)%00%(upstream:track)%00%(upstream:remotename)%00%(upstream:remoteref) refs/heads/main refs/remotes/main [3ms]
2024-01-16 14:03:18.157 [warning] ENOENT: no such file or directory, open '/home/dylan/Seafile/My Library/Temp_Git_Files/bigdale123.github.io/.git/refs/remotes/origin/main'
2024-01-16 14:03:18.160 [info] > git rev-parse refs/remotes/origin/main [3ms]
2024-01-16 14:03:18.182 [info] > git status -z -uall [3ms]
2024-01-16 14:04:03.734 [info] > git config --get commit.template [2ms]
2024-01-16 14:04:03.758 [info] > git for-each-ref --format=%(refname)%00%(upstream:short)%00%(objectname)%00%(upstream:track)%00%(upstream:remotename)%00%(upstream:remoteref) refs/heads/main refs/remotes/main [4ms]
2024-01-16 14:04:03.775 [warning] ENOENT: no such file or directory, open '/home/dylan/Seafile/My Library/Temp_Git_Files/bigdale123.github.io/.git/refs/remotes/origin/main'
2024-01-16 14:04:03.778 [info] > git rev-parse refs/remotes/origin/main [4ms]
2024-01-16 14:04:03.799 [info] > git status -z -uall [4ms]
2024-01-16 14:04:27.753 [info] > git config --get commit.template [15ms]
2024-01-16 14:04:27.755 [info] > git for-each-ref --format=%(refname)%00%(upstream:short)%00%(objectname)%00%(upstream:track)%00%(upstream:remotename)%00%(upstream:remoteref) refs/heads/main refs/remotes/main [3ms]
2024-01-16 14:04:27.768 [warning] ENOENT: no such file or directory, open '/home/dylan/Seafile/My Library/Temp_Git_Files/bigdale123.github.io/.git/refs/remotes/origin/main'
2024-01-16 14:04:27.769 [info] > git rev-parse refs/remotes/origin/main [1ms]
2024-01-16 14:04:27.789 [info] > git status -z -uall [4ms]
2024-01-16 14:05:21.617 [info] > git config --get commit.template [18ms]
2024-01-16 14:05:21.619 [info] > git for-each-ref --format=%(refname)%00%(upstream:short)%00%(objectname)%00%(upstream:track)%00%(upstream:remotename)%00%(upstream:remoteref) refs/heads/main refs/remotes/main [3ms]
2024-01-16 14:05:21.638 [warning] ENOENT: no such file or directory, open '/home/dylan/Seafile/My Library/Temp_Git_Files/bigdale123.github.io/.git/refs/remotes/origin/main'
2024-01-16 14:05:21.642 [info] > git rev-parse refs/remotes/origin/main [4ms]
2024-01-16 14:05:21.662 [info] > git status -z -uall [3ms]
2024-01-16 14:11:16.304 [info] > git config --get commit.template [16ms]
2024-01-16 14:11:16.305 [info] > git for-each-ref --format=%(refname)%00%(upstream:short)%00%(objectname)%00%(upstream:track)%00%(upstream:remotename)%00%(upstream:remoteref) refs/heads/main refs/remotes/main [2ms]
2024-01-16 14:11:16.319 [warning] ENOENT: no such file or directory, open '/home/dylan/Seafile/My Library/Temp_Git_Files/bigdale123.github.io/.git/refs/remotes/origin/main'
2024-01-16 14:11:16.320 [info] > git rev-parse refs/remotes/origin/main [2ms]
2024-01-16 14:11:16.339 [info] > git status -z -uall [4ms]
2024-01-16 14:11:51.998 [info] > git config --get commit.template [20ms]
2024-01-16 14:11:52.000 [info] > git for-each-ref --format=%(refname)%00%(upstream:short)%00%(objectname)%00%(upstream:track)%00%(upstream:remotename)%00%(upstream:remoteref) refs/heads/main refs/remotes/main [6ms]
2024-01-16 14:11:52.020 [warning] ENOENT: no such file or directory, open '/home/dylan/Seafile/My Library/Temp_Git_Files/bigdale123.github.io/.git/refs/remotes/origin/main'
2024-01-16 14:11:52.022 [info] > git rev-parse refs/remotes/origin/main [3ms]
2024-01-16 14:11:52.043 [info] > git status -z -uall [4ms]
2024-01-16 14:12:08.273 [info] > git config --get commit.template [17ms]
2024-01-16 14:12:08.276 [info] > git for-each-ref --format=%(refname)%00%(upstream:short)%00%(objectname)%00%(upstream:track)%00%(upstream:remotename)%00%(upstream:remoteref) refs/heads/main refs/remotes/main [3ms]
2024-01-16 14:12:08.292 [warning] ENOENT: no such file or directory, open '/home/dylan/Seafile/My Library/Temp_Git_Files/bigdale123.github.io/.git/refs/remotes/origin/main'
2024-01-16 14:12:08.294 [info] > git rev-parse refs/remotes/origin/main [2ms]
2024-01-16 14:12:08.313 [info] > git status -z -uall [3ms]
2024-01-16 14:12:51.181 [info] > git config --get commit.template [17ms]
2024-01-16 14:12:51.182 [info] > git for-each-ref --format=%(refname)%00%(upstream:short)%00%(objectname)%00%(upstream:track)%00%(upstream:remotename)%00%(upstream:remoteref) refs/heads/main refs/remotes/main [2ms]
2024-01-16 14:12:51.197 [warning] ENOENT: no such file or directory, open '/home/dylan/Seafile/My Library/Temp_Git_Files/bigdale123.github.io/.git/refs/remotes/origin/main'
2024-01-16 14:12:51.198 [info] > git rev-parse refs/remotes/origin/main [1ms]
2024-01-16 14:12:51.217 [info] > git status -z -uall [3ms]
2024-01-16 14:12:58.292 [info] > git config --get commit.template [18ms]
2024-01-16 14:12:58.293 [info] > git for-each-ref --format=%(refname)%00%(upstream:short)%00%(objectname)%00%(upstream:track)%00%(upstream:remotename)%00%(upstream:remoteref) refs/heads/main refs/remotes/main [3ms]
2024-01-16 14:12:58.307 [warning] ENOENT: no such file or directory, open '/home/dylan/Seafile/My Library/Temp_Git_Files/bigdale123.github.io/.git/refs/remotes/origin/main'
2024-01-16 14:12:58.309 [info] > git rev-parse refs/remotes/origin/main [2ms]
2024-01-16 14:12:58.326 [info] > git status -z -uall [3ms]
2024-01-16 14:13:17.690 [info] > git config --get commit.template [16ms]
2024-01-16 14:13:17.691 [info] > git for-each-ref --format=%(refname)%00%(upstream:short)%00%(objectname)%00%(upstream:track)%00%(upstream:remotename)%00%(upstream:remoteref) refs/heads/main refs/remotes/main [2ms]
2024-01-16 14:13:17.706 [warning] ENOENT: no such file or directory, open '/home/dylan/Seafile/My Library/Temp_Git_Files/bigdale123.github.io/.git/refs/remotes/origin/main'
2024-01-16 14:13:17.708 [info] > git rev-parse refs/remotes/origin/main [2ms]
2024-01-16 14:13:17.725 [info] > git status -z -uall [4ms]
2024-01-16 14:13:45.119 [info] > git config --get commit.template [22ms]
2024-01-16 14:13:45.120 [info] > git for-each-ref --format=%(refname)%00%(upstream:short)%00%(objectname)%00%(upstream:track)%00%(upstream:remotename)%00%(upstream:remoteref) refs/heads/main refs/remotes/main [3ms]
2024-01-16 14:13:45.143 [warning] ENOENT: no such file or directory, open '/home/dylan/Seafile/My Library/Temp_Git_Files/bigdale123.github.io/.git/refs/remotes/origin/main'
2024-01-16 14:13:45.147 [info] > git rev-parse refs/remotes/origin/main [4ms]
2024-01-16 14:13:45.169 [info] > git status -z -uall [4ms]
2024-01-16 14:17:33.263 [info] > git config --get commit.template [21ms]
2024-01-16 14:17:33.266 [info] > git for-each-ref --format=%(refname)%00%(upstream:short)%00%(objectname)%00%(upstream:track)%00%(upstream:remotename)%00%(upstream:remoteref) refs/heads/main refs/remotes/main [5ms]
2024-01-16 14:17:33.286 [warning] ENOENT: no such file or directory, open '/home/dylan/Seafile/My Library/Temp_Git_Files/bigdale123.github.io/.git/refs/remotes/origin/main'
2024-01-16 14:17:33.288 [info] > git rev-parse refs/remotes/origin/main [2ms]
2024-01-16 14:17:33.308 [info] > git status -z -uall [3ms]
2024-01-16 14:21:49.122 [info] > git config --get commit.template [17ms]
2024-01-16 14:21:49.123 [info] > git for-each-ref --format=%(refname)%00%(upstream:short)%00%(objectname)%00%(upstream:track)%00%(upstream:remotename)%00%(upstream:remoteref) refs/heads/main refs/remotes/main [2ms]
2024-01-16 14:21:49.142 [warning] ENOENT: no such file or directory, open '/home/dylan/Seafile/My Library/Temp_Git_Files/bigdale123.github.io/.git/refs/remotes/origin/main'
2024-01-16 14:21:49.144 [info] > git rev-parse refs/remotes/origin/main [2ms]
2024-01-16 14:21:49.167 [info] > git status -z -uall [5ms]
2024-01-16 14:23:24.373 [info] > git config --get commit.template [21ms]
2024-01-16 14:23:24.374 [info] > git for-each-ref --format=%(refname)%00%(upstream:short)%00%(objectname)%00%(upstream:track)%00%(upstream:remotename)%00%(upstream:remoteref) refs/heads/main refs/remotes/main [3ms]
2024-01-16 14:23:24.391 [warning] ENOENT: no such file or directory, open '/home/dylan/Seafile/My Library/Temp_Git_Files/bigdale123.github.io/.git/refs/remotes/origin/main'
2024-01-16 14:23:24.392 [info] > git rev-parse refs/remotes/origin/main [2ms]
2024-01-16 14:23:24.410 [info] > git status -z -uall [2ms]
2024-01-16 14:24:03.089 [info] > git config --get commit.template [22ms]
2024-01-16 14:24:03.091 [info] > git for-each-ref --format=%(refname)%00%(upstream:short)%00%(objectname)%00%(upstream:track)%00%(upstream:remotename)%00%(upstream:remoteref) refs/heads/main refs/remotes/main [4ms]
2024-01-16 14:24:03.112 [warning] ENOENT: no such file or directory, open '/home/dylan/Seafile/My Library/Temp_Git_Files/bigdale123.github.io/.git/refs/remotes/origin/main'
2024-01-16 14:24:03.115 [info] > git rev-parse refs/remotes/origin/main [3ms]
2024-01-16 14:24:03.144 [info] > git status -z -uall [5ms]
2024-01-16 14:24:11.495 [info] > git config --get commit.template [17ms]
2024-01-16 14:24:11.495 [info] > git for-each-ref --format=%(refname)%00%(upstream:short)%00%(objectname)%00%(upstream:track)%00%(upstream:remotename)%00%(upstream:remoteref) refs/heads/main refs/remotes/main [2ms]
2024-01-16 14:24:11.510 [warning] ENOENT: no such file or directory, open '/home/dylan/Seafile/My Library/Temp_Git_Files/bigdale123.github.io/.git/refs/remotes/origin/main'
2024-01-16 14:24:11.511 [info] > git rev-parse refs/remotes/origin/main [1ms]
2024-01-16 14:24:11.535 [info] > git status -z -uall [4ms]
2024-01-16 14:24:19.872 [info] > git config --get commit.template [18ms]
2024-01-16 14:24:19.873 [info] > git for-each-ref --format=%(refname)%00%(upstream:short)%00%(objectname)%00%(upstream:track)%00%(upstream:remotename)%00%(upstream:remoteref) refs/heads/main refs/remotes/main [3ms]
2024-01-16 14:24:19.889 [warning] ENOENT: no such file or directory, open '/home/dylan/Seafile/My Library/Temp_Git_Files/bigdale123.github.io/.git/refs/remotes/origin/main'
2024-01-16 14:24:19.891 [info] > git rev-parse refs/remotes/origin/main [3ms]
2024-01-16 14:24:19.909 [info] > git status -z -uall [3ms]
2024-01-16 14:25:03.283 [info] > git config --get commit.template [20ms]
2024-01-16 14:25:03.284 [info] > git for-each-ref --format=%(refname)%00%(upstream:short)%00%(objectname)%00%(upstream:track)%00%(upstream:remotename)%00%(upstream:remoteref) refs/heads/main refs/remotes/main [4ms]
2024-01-16 14:25:03.301 [warning] ENOENT: no such file or directory, open '/home/dylan/Seafile/My Library/Temp_Git_Files/bigdale123.github.io/.git/refs/remotes/origin/main'
2024-01-16 14:25:03.304 [info] > git rev-parse refs/remotes/origin/main [2ms]
2024-01-16 14:25:03.323 [info] > git status -z -uall [2ms]
2024-01-16 14:25:12.788 [info] > git config --get commit.template [16ms]
2024-01-16 14:25:12.790 [info] > git for-each-ref --format=%(refname)%00%(upstream:short)%00%(objectname)%00%(upstream:track)%00%(upstream:remotename)%00%(upstream:remoteref) refs/heads/main refs/remotes/main [3ms]
2024-01-16 14:25:12.803 [warning] ENOENT: no such file or directory, open '/home/dylan/Seafile/My Library/Temp_Git_Files/bigdale123.github.io/.git/refs/remotes/origin/main'
2024-01-16 14:25:12.805 [info] > git rev-parse refs/remotes/origin/main [2ms]
2024-01-16 14:25:12.821 [info] > git status -z -uall [2ms]
2024-01-16 14:29:58.776 [info] > git config --get commit.template [19ms]
2024-01-16 14:29:58.777 [info] > git for-each-ref --format=%(refname)%00%(upstream:short)%00%(objectname)%00%(upstream:track)%00%(upstream:remotename)%00%(upstream:remoteref) refs/heads/main refs/remotes/main [3ms]
2024-01-16 14:29:58.791 [warning] ENOENT: no such file or directory, open '/home/dylan/Seafile/My Library/Temp_Git_Files/bigdale123.github.io/.git/refs/remotes/origin/main'
2024-01-16 14:29:58.796 [info] > git rev-parse refs/remotes/origin/main [4ms]
2024-01-16 14:29:58.814 [info] > git status -z -uall [3ms]
2024-01-16 14:30:31.465 [info] > git show --textconv :dev/src/routes/+page.svelte [19ms]
2024-01-16 14:30:31.468 [info] > git ls-files --stage -- /home/dylan/Seafile/My Library/Temp_Git_Files/bigdale123.github.io/dev/src/routes/+page.svelte [4ms]
2024-01-16 14:32:21.135 [info] > git config --get commit.template [21ms]
2024-01-16 14:32:21.138 [info] > git for-each-ref --format=%(refname)%00%(upstream:short)%00%(objectname)%00%(upstream:track)%00%(upstream:remotename)%00%(upstream:remoteref) refs/heads/main refs/remotes/main [4ms]
2024-01-16 14:32:21.156 [warning] ENOENT: no such file or directory, open '/home/dylan/Seafile/My Library/Temp_Git_Files/bigdale123.github.io/.git/refs/remotes/origin/main'
2024-01-16 14:32:21.158 [info] > git rev-parse refs/remotes/origin/main [2ms]
2024-01-16 14:32:21.182 [info] > git status -z -uall [4ms]
2024-01-16 14:33:02.624 [info] > git config --get commit.template [17ms]
2024-01-16 14:33:02.626 [info] > git for-each-ref --format=%(refname)%00%(upstream:short)%00%(objectname)%00%(upstream:track)%00%(upstream:remotename)%00%(upstream:remoteref) refs/heads/main refs/remotes/main [3ms]
2024-01-16 14:33:02.641 [warning] ENOENT: no such file or directory, open '/home/dylan/Seafile/My Library/Temp_Git_Files/bigdale123.github.io/.git/refs/remotes/origin/main'
2024-01-16 14:33:02.643 [info] > git rev-parse refs/remotes/origin/main [2ms]
2024-01-16 14:33:02.661 [info] > git status -z -uall [3ms]
2024-01-16 14:33:14.030 [info] > git config --get commit.template [18ms]
2024-01-16 14:33:14.031 [info] > git for-each-ref --format=%(refname)%00%(upstream:short)%00%(objectname)%00%(upstream:track)%00%(upstream:remotename)%00%(upstream:remoteref) refs/heads/main refs/remotes/main [2ms]
2024-01-16 14:33:14.047 [warning] ENOENT: no such file or directory, open '/home/dylan/Seafile/My Library/Temp_Git_Files/bigdale123.github.io/.git/refs/remotes/origin/main'
2024-01-16 14:33:14.049 [info] > git rev-parse refs/remotes/origin/main [2ms]
2024-01-16 14:33:14.067 [info] > git status -z -uall [2ms]
2024-01-16 14:36:28.155 [info] > git config --get commit.template [3ms]
2024-01-16 14:36:28.181 [info] > git for-each-ref --format=%(refname)%00%(upstream:short)%00%(objectname)%00%(upstream:track)%00%(upstream:remotename)%00%(upstream:remoteref) refs/heads/main refs/remotes/main [4ms]
2024-01-16 14:36:28.211 [warning] ENOENT: no such file or directory, open '/home/dylan/Seafile/My Library/Temp_Git_Files/bigdale123.github.io/.git/refs/remotes/origin/main'
2024-01-16 14:36:28.215 [info] > git rev-parse refs/remotes/origin/main [4ms]
2024-01-16 14:36:28.234 [info] > git status -z -uall [2ms]
2024-01-16 14:38:11.775 [info] > git show --textconv :dev/src/routes/resume/page.svelte [18ms]
2024-01-16 14:38:11.777 [info] > git ls-files --stage -- /home/dylan/Seafile/My Library/Temp_Git_Files/bigdale123.github.io/dev/src/routes/resume/page.svelte [3ms]
2024-01-17 09:46:37.054 [info] > git config --get commit.template [16ms]
2024-01-17 09:46:37.056 [info] > git for-each-ref --format=%(refname)%00%(upstream:short)%00%(objectname)%00%(upstream:track)%00%(upstream:remotename)%00%(upstream:remoteref) refs/heads/main refs/remotes/main [3ms]
2024-01-17 09:46:37.071 [warning] ENOENT: no such file or directory, open '/home/dylan/Seafile/My Library/Temp_Git_Files/bigdale123.github.io/.git/refs/remotes/origin/main'
2024-01-17 09:46:37.073 [info] > git rev-parse refs/remotes/origin/main [2ms]
2024-01-17 09:46:37.091 [info] > git status -z -uall [3ms]
2024-01-17 09:46:42.135 [info] > git config --get commit.template [20ms]
2024-01-17 09:46:42.137 [info] > git for-each-ref --format=%(refname)%00%(upstream:short)%00%(objectname)%00%(upstream:track)%00%(upstream:remotename)%00%(upstream:remoteref) refs/heads/main refs/remotes/main [4ms]
2024-01-17 09:46:42.151 [warning] ENOENT: no such file or directory, open '/home/dylan/Seafile/My Library/Temp_Git_Files/bigdale123.github.io/.git/refs/remotes/origin/main'
2024-01-17 09:46:42.152 [info] > git rev-parse refs/remotes/origin/main [2ms]
2024-01-17 09:46:42.168 [info] > git status -z -uall [2ms]
2024-01-17 09:51:27.608 [info] > git check-ignore -v -z --stdin [2ms]
2024-01-17 09:51:36.831 [info] > git check-ignore -v -z --stdin [2ms]
2024-01-17 09:51:37.787 [info] > git config --get commit.template [6ms]
2024-01-17 09:51:37.828 [info] > git for-each-ref --format=%(refname)%00%(upstream:short)%00%(objectname)%00%(upstream:track)%00%(upstream:remotename)%00%(upstream:remoteref) refs/heads/main refs/remotes/main [7ms]
2024-01-17 09:51:37.866 [warning] ENOENT: no such file or directory, open '/home/dylan/Seafile/My Library/Temp_Git_Files/bigdale123.github.io/.git/refs/remotes/origin/main'
2024-01-17 09:51:37.869 [info] > git rev-parse refs/remotes/origin/main [2ms]
2024-01-17 09:51:37.887 [info] > git status -z -uall [3ms]
2024-01-17 09:51:42.912 [info] > git config --get commit.template [2ms]
2024-01-17 09:51:42.931 [info] > git for-each-ref --format=%(refname)%00%(upstream:short)%00%(objectname)%00%(upstream:track)%00%(upstream:remotename)%00%(upstream:remoteref) refs/heads/main refs/remotes/main [2ms]
2024-01-17 09:51:42.945 [warning] ENOENT: no such file or directory, open '/home/dylan/Seafile/My Library/Temp_Git_Files/bigdale123.github.io/.git/refs/remotes/origin/main'
2024-01-17 09:51:42.947 [info] > git rev-parse refs/remotes/origin/main [2ms]
2024-01-17 09:51:42.966 [info] > git status -z -uall [3ms]
2024-01-17 09:52:19.942 [info] > git config --get commit.template [6ms]
2024-01-17 09:52:19.964 [info] > git for-each-ref --format=%(refname)%00%(upstream:short)%00%(objectname)%00%(upstream:track)%00%(upstream:remotename)%00%(upstream:remoteref) refs/heads/main refs/remotes/main [3ms]
2024-01-17 09:52:19.981 [warning] ENOENT: no such file or directory, open '/home/dylan/Seafile/My Library/Temp_Git_Files/bigdale123.github.io/.git/refs/remotes/origin/main'
2024-01-17 09:52:19.983 [info] > git rev-parse refs/remotes/origin/main [2ms]
2024-01-17 09:52:20.005 [info] > git status -z -uall [4ms]
2024-01-17 09:52:25.030 [info] > git check-ignore -v -z --stdin [2ms]
2024-01-17 09:52:26.072 [info] > git config --get commit.template [18ms]
2024-01-17 09:52:26.074 [info] > git for-each-ref --format=%(refname)%00%(upstream:short)%00%(objectname)%00%(upstream:track)%00%(upstream:remotename)%00%(upstream:remoteref) refs/heads/main refs/remotes/main [3ms]
2024-01-17 09:52:26.088 [warning] ENOENT: no such file or directory, open '/home/dylan/Seafile/My Library/Temp_Git_Files/bigdale123.github.io/.git/refs/remotes/origin/main'
2024-01-17 09:52:26.090 [info] > git rev-parse refs/remotes/origin/main [2ms]
2024-01-17 09:52:26.106 [info] > git status -z -uall [3ms]
2024-01-17 09:52:37.529 [info] > git show --textconv :dev/src/routes/resume/+page.svelte [15ms]
2024-01-17 09:52:37.531 [info] > git ls-files --stage -- /home/dylan/Seafile/My Library/Temp_Git_Files/bigdale123.github.io/dev/src/routes/resume/+page.svelte [3ms]
2024-01-17 09:52:37.757 [info] > git check-ignore -v -z --stdin [3ms]
2024-01-17 09:52:38.508 [info] > git config --get commit.template [21ms]
2024-01-17 09:52:38.510 [info] > git for-each-ref --format=%(refname)%00%(upstream:short)%00%(objectname)%00%(upstream:track)%00%(upstream:remotename)%00%(upstream:remoteref) refs/heads/main refs/remotes/main [3ms]
2024-01-17 09:52:38.527 [warning] ENOENT: no such file or directory, open '/home/dylan/Seafile/My Library/Temp_Git_Files/bigdale123.github.io/.git/refs/remotes/origin/main'
2024-01-17 09:52:38.529 [info] > git rev-parse refs/remotes/origin/main [2ms]
2024-01-17 09:52:38.549 [info] > git status -z -uall [3ms]
2024-01-17 09:52:38.640 [info] > git show --textconv :dev/src/routes/projects/page.svelte [17ms]
2024-01-17 09:52:38.642 [info] > git ls-files --stage -- /home/dylan/Seafile/My Library/Temp_Git_Files/bigdale123.github.io/dev/src/routes/projects/page.svelte [3ms]
2024-01-17 09:52:41.386 [info] > git show --textconv :dev/src/routes/projects/+page.svelte [16ms]
2024-01-17 09:52:41.388 [info] > git ls-files --stage -- /home/dylan/Seafile/My Library/Temp_Git_Files/bigdale123.github.io/dev/src/routes/projects/+page.svelte [3ms]
2024-01-17 09:52:41.653 [info] > git check-ignore -v -z --stdin [3ms]
2024-01-17 09:52:42.633 [info] > git show --textconv :dev/src/routes/resume/+page.svelte [23ms]
2024-01-17 09:52:42.637 [info] > git ls-files --stage -- /home/dylan/Seafile/My Library/Temp_Git_Files/bigdale123.github.io/dev/src/routes/resume/+page.svelte [6ms]
2024-01-17 09:52:53.101 [info] > git config --get commit.template [19ms]
2024-01-17 09:52:53.102 [info] > git for-each-ref --format=%(refname)%00%(upstream:short)%00%(objectname)%00%(upstream:track)%00%(upstream:remotename)%00%(upstream:remoteref) refs/heads/main refs/remotes/main [3ms]
2024-01-17 09:52:53.119 [warning] ENOENT: no such file or directory, open '/home/dylan/Seafile/My Library/Temp_Git_Files/bigdale123.github.io/.git/refs/remotes/origin/main'
2024-01-17 09:52:53.121 [info] > git rev-parse refs/remotes/origin/main [2ms]
2024-01-17 09:52:53.144 [info] > git status -z -uall [2ms]
2024-01-17 09:53:32.812 [info] > git config --get commit.template [22ms]
2024-01-17 09:53:32.813 [info] > git for-each-ref --format=%(refname)%00%(upstream:short)%00%(objectname)%00%(upstream:track)%00%(upstream:remotename)%00%(upstream:remoteref) refs/heads/main refs/remotes/main [3ms]
2024-01-17 09:53:32.830 [warning] ENOENT: no such file or directory, open '/home/dylan/Seafile/My Library/Temp_Git_Files/bigdale123.github.io/.git/refs/remotes/origin/main'
2024-01-17 09:53:32.832 [info] > git rev-parse refs/remotes/origin/main [2ms]
2024-01-17 09:53:32.854 [info] > git status -z -uall [3ms]
2024-01-17 09:53:38.410 [info] > git check-ignore -v -z --stdin [2ms]
2024-01-17 09:53:39.494 [info] > git config --get commit.template [18ms]
2024-01-17 09:53:39.495 [info] > git for-each-ref --format=%(refname)%00%(upstream:short)%00%(objectname)%00%(upstream:track)%00%(upstream:remotename)%00%(upstream:remoteref) refs/heads/main refs/remotes/main [2ms]
2024-01-17 09:53:39.511 [warning] ENOENT: no such file or directory, open '/home/dylan/Seafile/My Library/Temp_Git_Files/bigdale123.github.io/.git/refs/remotes/origin/main'
2024-01-17 09:53:39.514 [info] > git rev-parse refs/remotes/origin/main [3ms]
2024-01-17 09:53:39.534 [info] > git status -z -uall [3ms]
2024-01-17 09:53:47.682 [info] > git config --get commit.template [3ms]
2024-01-17 09:53:47.707 [info] > git for-each-ref --format=%(refname)%00%(upstream:short)%00%(objectname)%00%(upstream:track)%00%(upstream:remotename)%00%(upstream:remoteref) refs/heads/main refs/remotes/main [6ms]
2024-01-17 09:53:47.733 [warning] ENOENT: no such file or directory, open '/home/dylan/Seafile/My Library/Temp_Git_Files/bigdale123.github.io/.git/refs/remotes/origin/main'
2024-01-17 09:53:47.739 [info] > git rev-parse refs/remotes/origin/main [6ms]
2024-01-17 09:53:47.772 [info] > git status -z -uall [4ms]
2024-01-17 09:54:08.851 [info] > git check-ignore -v -z --stdin [2ms]
2024-01-17 09:54:10.016 [info] > git config --get commit.template [13ms]
2024-01-17 09:54:10.017 [info] > git for-each-ref --format=%(refname)%00%(upstream:short)%00%(objectname)%00%(upstream:track)%00%(upstream:remotename)%00%(upstream:remoteref) refs/heads/main refs/remotes/main [2ms]
2024-01-17 09:54:10.030 [warning] ENOENT: no such file or directory, open '/home/dylan/Seafile/My Library/Temp_Git_Files/bigdale123.github.io/.git/refs/remotes/origin/main'
2024-01-17 09:54:10.032 [info] > git rev-parse refs/remotes/origin/main [2ms]
2024-01-17 09:54:10.048 [info] > git status -z -uall [2ms]
2024-01-17 09:54:52.250 [info] > git config --get commit.template [3ms]
2024-01-17 09:54:52.272 [info] > git for-each-ref --format=%(refname)%00%(upstream:short)%00%(objectname)%00%(upstream:track)%00%(upstream:remotename)%00%(upstream:remoteref) refs/heads/main refs/remotes/main [3ms]
2024-01-17 09:54:52.295 [warning] ENOENT: no such file or directory, open '/home/dylan/Seafile/My Library/Temp_Git_Files/bigdale123.github.io/.git/refs/remotes/origin/main'
2024-01-17 09:54:52.298 [info] > git rev-parse refs/remotes/origin/main [4ms]
2024-01-17 09:54:52.323 [info] > git status -z -uall [3ms]
2024-01-17 09:55:03.769 [info] > git config --get commit.template [19ms]
2024-01-17 09:55:03.773 [info] > git for-each-ref --format=%(refname)%00%(upstream:short)%00%(objectname)%00%(upstream:track)%00%(upstream:remotename)%00%(upstream:remoteref) refs/heads/main refs/remotes/main [5ms]
2024-01-17 09:55:03.794 [warning] ENOENT: no such file or directory, open '/home/dylan/Seafile/My Library/Temp_Git_Files/bigdale123.github.io/.git/refs/remotes/origin/main'
2024-01-17 09:55:03.797 [info] > git rev-parse refs/remotes/origin/main [3ms]
2024-01-17 09:55:03.816 [info] > git status -z -uall [3ms]
2024-01-17 09:58:10.177 [info] > git config --get commit.template [18ms]
2024-01-17 09:58:10.179 [info] > git for-each-ref --format=%(refname)%00%(upstream:short)%00%(objectname)%00%(upstream:track)%00%(upstream:remotename)%00%(upstream:remoteref) refs/heads/main refs/remotes/main [3ms]
2024-01-17 09:58:10.195 [warning] ENOENT: no such file or directory, open '/home/dylan/Seafile/My Library/Temp_Git_Files/bigdale123.github.io/.git/refs/remotes/origin/main'
2024-01-17 09:58:10.197 [info] > git rev-parse refs/remotes/origin/main [2ms]
2024-01-17 09:58:10.218 [info] > git status -z -uall [3ms]
2024-01-17 09:58:41.051 [info] > git config --get commit.template [18ms]
2024-01-17 09:58:41.052 [info] > git for-each-ref --format=%(refname)%00%(upstream:short)%00%(objectname)%00%(upstream:track)%00%(upstream:remotename)%00%(upstream:remoteref) refs/heads/main refs/remotes/main [2ms]
2024-01-17 09:58:41.064 [warning] ENOENT: no such file or directory, open '/home/dylan/Seafile/My Library/Temp_Git_Files/bigdale123.github.io/.git/refs/remotes/origin/main'
2024-01-17 09:58:41.066 [info] > git rev-parse refs/remotes/origin/main [2ms]
2024-01-17 09:58:41.082 [info] > git status -z -uall [2ms]
2024-01-17 10:00:18.601 [info] > git check-ignore -v -z --stdin [1ms]
2024-01-17 10:01:35.888 [info] > git config --get commit.template [19ms]
2024-01-17 10:01:35.890 [info] > git for-each-ref --format=%(refname)%00%(upstream:short)%00%(objectname)%00%(upstream:track)%00%(upstream:remotename)%00%(upstream:remoteref) refs/heads/main refs/remotes/main [3ms]
2024-01-17 10:01:35.929 [warning] ENOENT: no such file or directory, open '/home/dylan/Seafile/My Library/Temp_Git_Files/bigdale123.github.io/.git/refs/remotes/origin/main'
2024-01-17 10:01:35.931 [info] > git ls-files --stage -- /home/dylan/Seafile/My Library/Temp_Git_Files/bigdale123.github.io/dev/src/routes/resume/+page.svelte [19ms]
2024-01-17 10:01:35.932 [info] > git rev-parse refs/remotes/origin/main [3ms]
2024-01-17 10:01:35.953 [info] > git status -z -uall [4ms]
2024-01-17 10:01:35.981 [info] > git show --textconv :dev/src/routes/resume/+page.svelte [2ms]
2024-01-17 10:01:40.992 [info] > git config --get commit.template [18ms]
2024-01-17 10:01:40.994 [info] > git for-each-ref --format=%(refname)%00%(upstream:short)%00%(objectname)%00%(upstream:track)%00%(upstream:remotename)%00%(upstream:remoteref) refs/heads/main refs/remotes/main [4ms]
2024-01-17 10:01:41.007 [warning] ENOENT: no such file or directory, open '/home/dylan/Seafile/My Library/Temp_Git_Files/bigdale123.github.io/.git/refs/remotes/origin/main'
2024-01-17 10:01:41.009 [info] > git rev-parse refs/remotes/origin/main [2ms]
2024-01-17 10:01:41.028 [info] > git status -z -uall [3ms]
2024-01-17 10:01:46.067 [info] > git config --get commit.template [18ms]
2024-01-17 10:01:46.069 [info] > git for-each-ref --format=%(refname)%00%(upstream:short)%00%(objectname)%00%(upstream:track)%00%(upstream:remotename)%00%(upstream:remoteref) refs/heads/main refs/remotes/main [2ms]
2024-01-17 10:01:46.085 [warning] ENOENT: no such file or directory, open '/home/dylan/Seafile/My Library/Temp_Git_Files/bigdale123.github.io/.git/refs/remotes/origin/main'
2024-01-17 10:01:46.087 [info] > git rev-parse refs/remotes/origin/main [2ms]
2024-01-17 10:01:46.106 [info] > git status -z -uall [3ms]
2024-01-17 10:05:19.220 [info] > git config --get commit.template [3ms]
2024-01-17 10:05:19.255 [info] > git for-each-ref --format=%(refname)%00%(upstream:short)%00%(objectname)%00%(upstream:track)%00%(upstream:remotename)%00%(upstream:remoteref) refs/heads/main refs/remotes/main [2ms]
2024-01-17 10:05:19.275 [warning] ENOENT: no such file or directory, open '/home/dylan/Seafile/My Library/Temp_Git_Files/bigdale123.github.io/.git/refs/remotes/origin/main'
2024-01-17 10:05:19.279 [info] > git rev-parse refs/remotes/origin/main [5ms]
2024-01-17 10:05:19.308 [info] > git status -z -uall [4ms]
2024-01-17 10:05:24.269 [info] > git check-ignore -v -z --stdin [2ms]
2024-01-17 10:05:25.257 [info] > git config --get commit.template [13ms]
2024-01-17 10:05:25.258 [info] > git for-each-ref --format=%(refname)%00%(upstream:short)%00%(objectname)%00%(upstream:track)%00%(upstream:remotename)%00%(upstream:remoteref) refs/heads/main refs/remotes/main [2ms]
2024-01-17 10:05:25.271 [warning] ENOENT: no such file or directory, open '/home/dylan/Seafile/My Library/Temp_Git_Files/bigdale123.github.io/.git/refs/remotes/origin/main'
2024-01-17 10:05:25.273 [info] > git rev-parse refs/remotes/origin/main [1ms]
2024-01-17 10:05:25.289 [info] > git status -z -uall [3ms]
2024-01-17 10:06:17.939 [info] > git config --get commit.template [20ms]
2024-01-17 10:06:17.941 [info] > git for-each-ref --format=%(refname)%00%(upstream:short)%00%(objectname)%00%(upstream:track)%00%(upstream:remotename)%00%(upstream:remoteref) refs/heads/main refs/remotes/main [2ms]
2024-01-17 10:06:17.957 [warning] ENOENT: no such file or directory, open '/home/dylan/Seafile/My Library/Temp_Git_Files/bigdale123.github.io/.git/refs/remotes/origin/main'
2024-01-17 10:06:17.959 [info] > git rev-parse refs/remotes/origin/main [3ms]
2024-01-17 10:06:17.979 [info] > git status -z -uall [5ms]
2024-01-17 10:06:28.263 [info] > git check-ignore -v -z --stdin [2ms]
2024-01-17 10:06:28.447 [info] > git config --get commit.template [2ms]
2024-01-17 10:06:28.467 [info] > git for-each-ref --format=%(refname)%00%(upstream:short)%00%(objectname)%00%(upstream:track)%00%(upstream:remotename)%00%(upstream:remoteref) refs/heads/main refs/remotes/main [2ms]
2024-01-17 10:06:28.481 [warning] ENOENT: no such file or directory, open '/home/dylan/Seafile/My Library/Temp_Git_Files/bigdale123.github.io/.git/refs/remotes/origin/main'
2024-01-17 10:06:28.483 [info] > git rev-parse refs/remotes/origin/main [2ms]
2024-01-17 10:06:28.515 [info] > git status -z -uall [18ms]
2024-01-17 10:06:28.518 [info] > git ls-files --stage -- /home/dylan/Seafile/My Library/Temp_Git_Files/bigdale123.github.io/dev/src/routes/resume/+page.svelte [4ms]
2024-01-17 10:06:28.550 [info] > git show --textconv :dev/src/routes/resume/+page.svelte [3ms]
2024-01-17 10:06:37.721 [info] > git config --get commit.template [1ms]
2024-01-17 10:06:37.740 [info] > git for-each-ref --format=%(refname)%00%(upstream:short)%00%(objectname)%00%(upstream:track)%00%(upstream:remotename)%00%(upstream:remoteref) refs/heads/main refs/remotes/main [3ms]
2024-01-17 10:06:37.758 [warning] ENOENT: no such file or directory, open '/home/dylan/Seafile/My Library/Temp_Git_Files/bigdale123.github.io/.git/refs/remotes/origin/main'
2024-01-17 10:06:37.760 [info] > git rev-parse refs/remotes/origin/main [2ms]
2024-01-17 10:06:37.782 [info] > git status -z -uall [4ms]
2024-01-17 10:06:45.959 [info] > git config --get commit.template [16ms]
2024-01-17 10:06:45.960 [info] > git for-each-ref --format=%(refname)%00%(upstream:short)%00%(objectname)%00%(upstream:track)%00%(upstream:remotename)%00%(upstream:remoteref) refs/heads/main refs/remotes/main [2ms]
2024-01-17 10:06:45.974 [warning] ENOENT: no such file or directory, open '/home/dylan/Seafile/My Library/Temp_Git_Files/bigdale123.github.io/.git/refs/remotes/origin/main'
2024-01-17 10:06:45.976 [info] > git rev-parse refs/remotes/origin/main [2ms]
2024-01-17 10:06:45.993 [info] > git status -z -uall [3ms]
2024-01-17 10:07:17.878 [info] > git show --textconv :dev/package-lock (SFConflict dylcal138@gmail.com 2024-01-17-10-06-27).json [23ms]
2024-01-17 10:07:17.886 [info] > git ls-files --stage -- /home/dylan/Seafile/My Library/Temp_Git_Files/bigdale123.github.io/dev/package-lock (SFConflict dylcal138@gmail.com 2024-01-17-10-06-27).json [7ms]
2024-01-17 10:07:22.913 [info] > git show --textconv :dev/src/routes/resume/+page.svelte [18ms]
2024-01-17 10:07:22.916 [info] > git ls-files --stage -- /home/dylan/Seafile/My Library/Temp_Git_Files/bigdale123.github.io/dev/src/routes/resume/+page.svelte [3ms]
2024-01-17 10:07:24.007 [info] > git config --get commit.template [16ms]
2024-01-17 10:07:24.009 [info] > git for-each-ref --format=%(refname)%00%(upstream:short)%00%(objectname)%00%(upstream:track)%00%(upstream:remotename)%00%(upstream:remoteref) refs/heads/main refs/remotes/main [3ms]
2024-01-17 10:07:24.023 [warning] ENOENT: no such file or directory, open '/home/dylan/Seafile/My Library/Temp_Git_Files/bigdale123.github.io/.git/refs/remotes/origin/main'
2024-01-17 10:07:24.025 [info] > git rev-parse refs/remotes/origin/main [2ms]
2024-01-17 10:07:24.042 [info] > git status -z -uall [3ms]
2024-01-17 10:07:35.089 [info] > git config --get commit.template [18ms]
2024-01-17 10:07:35.090 [info] > git for-each-ref --format=%(refname)%00%(upstream:short)%00%(objectname)%00%(upstream:track)%00%(upstream:remotename)%00%(upstream:remoteref) refs/heads/main refs/remotes/main [2ms]
2024-01-17 10:07:35.106 [warning] ENOENT: no such file or directory, open '/home/dylan/Seafile/My Library/Temp_Git_Files/bigdale123.github.io/.git/refs/remotes/origin/main'
2024-01-17 10:07:35.108 [info] > git rev-parse refs/remotes/origin/main [2ms]
2024-01-17 10:07:35.127 [info] > git status -z -uall [3ms]
2024-01-17 10:07:43.799 [info] > git check-ignore -v -z --stdin [3ms]
2024-01-17 10:07:44.815 [info] > git config --get commit.template [22ms]
2024-01-17 10:07:44.816 [info] > git for-each-ref --format=%(refname)%00%(upstream:short)%00%(objectname)%00%(upstream:track)%00%(upstream:remotename)%00%(upstream:remoteref) refs/heads/main refs/remotes/main [2ms]
2024-01-17 10:07:44.834 [warning] ENOENT: no such file or directory, open '/home/dylan/Seafile/My Library/Temp_Git_Files/bigdale123.github.io/.git/refs/remotes/origin/main'
2024-01-17 10:07:44.836 [info] > git rev-parse refs/remotes/origin/main [2ms]
2024-01-17 10:07:44.857 [info] > git status -z -uall [4ms]
2024-01-17 10:11:38.441 [info] > git check-ignore -v -z --stdin [2ms]
2024-01-17 10:11:41.907 [info] > git check-ignore -v -z --stdin [2ms]
2024-01-17 10:11:46.754 [info] > git check-ignore -v -z --stdin [3ms]
2024-01-17 10:11:50.555 [info] > git check-ignore -v -z --stdin [3ms]
2024-01-17 10:11:54.022 [info] > git check-ignore -v -z --stdin [3ms]
2024-01-17 10:11:54.548 [info] > git config --get commit.template [16ms]
2024-01-17 10:11:54.549 [info] > git for-each-ref --format=%(refname)%00%(upstream:short)%00%(objectname)%00%(upstream:track)%00%(upstream:remotename)%00%(upstream:remoteref) refs/heads/main refs/remotes/main [2ms]
2024-01-17 10:11:54.565 [warning] ENOENT: no such file or directory, open '/home/dylan/Seafile/My Library/Temp_Git_Files/bigdale123.github.io/.git/refs/remotes/origin/main'
2024-01-17 10:11:54.567 [info] > git rev-parse refs/remotes/origin/main [1ms]
2024-01-17 10:11:54.586 [info] > git status -z -uall [2ms]
2024-01-17 10:11:55.243 [info] > git check-ignore -v -z --stdin [4ms]
2024-01-17 10:14:28.465 [info] > git check-ignore -v -z --stdin [2ms]
2024-01-17 10:14:36.357 [info] > git show --textconv :dev/node_modules/svelte-pdf-scrollable/PdfViewer.svelte [19ms]
2024-01-17 10:14:36.358 [info] > git ls-files --stage -- /home/dylan/Seafile/My Library/Temp_Git_Files/bigdale123.github.io/dev/node_modules/svelte-pdf-scrollable/PdfViewer.svelte [2ms]
2024-01-17 10:14:46.199 [info] > git show --textconv :dev/src/routes/resume/+page.svelte [16ms]
2024-01-17 10:14:46.202 [info] > git ls-files --stage -- /home/dylan/Seafile/My Library/Temp_Git_Files/bigdale123.github.io/dev/src/routes/resume/+page.svelte [4ms]
2024-01-17 10:14:46.567 [info] > git check-ignore -v -z --stdin [2ms]
2024-01-17 10:14:52.035 [info] > git show --textconv :dev/node_modules/svelte-pdf-scrollable/PdfViewer.svelte [17ms]
2024-01-17 10:14:52.037 [info] > git ls-files --stage -- /home/dylan/Seafile/My Library/Temp_Git_Files/bigdale123.github.io/dev/node_modules/svelte-pdf-scrollable/PdfViewer.svelte [2ms]
2024-01-17 10:14:55.956 [info] > git show --textconv :dev/src/routes/resume/+page.svelte [19ms]
2024-01-17 10:14:55.958 [info] > git ls-files --stage -- /home/dylan/Seafile/My Library/Temp_Git_Files/bigdale123.github.io/dev/src/routes/resume/+page.svelte [3ms]
2024-01-17 10:15:01.727 [info] > git config --get commit.template [2ms]
2024-01-17 10:15:01.750 [info] > git for-each-ref --format=%(refname)%00%(upstream:short)%00%(objectname)%00%(upstream:track)%00%(upstream:remotename)%00%(upstream:remoteref) refs/heads/main refs/remotes/main [2ms]
2024-01-17 10:15:01.771 [warning] ENOENT: no such file or directory, open '/home/dylan/Seafile/My Library/Temp_Git_Files/bigdale123.github.io/.git/refs/remotes/origin/main'
2024-01-17 10:15:01.773 [info] > git rev-parse refs/remotes/origin/main [1ms]
2024-01-17 10:15:01.794 [info] > git status -z -uall [4ms]
2024-01-17 10:15:11.599 [info] > git config --get commit.template [24ms]
2024-01-17 10:15:11.601 [info] > git for-each-ref --format=%(refname)%00%(upstream:short)%00%(objectname)%00%(upstream:track)%00%(upstream:remotename)%00%(upstream:remoteref) refs/heads/main refs/remotes/main [3ms]
2024-01-17 10:15:11.624 [warning] ENOENT: no such file or directory, open '/home/dylan/Seafile/My Library/Temp_Git_Files/bigdale123.github.io/.git/refs/remotes/origin/main'
2024-01-17 10:15:11.627 [info] > git rev-parse refs/remotes/origin/main [4ms]
2024-01-17 10:15:11.655 [info] > git status -z -uall [8ms]
2024-01-17 10:15:37.985 [info] > git show --textconv :dev/node_modules/svelte-pdf-scrollable/PdfViewer.svelte [21ms]
2024-01-17 10:15:37.987 [info] > git ls-files --stage -- /home/dylan/Seafile/My Library/Temp_Git_Files/bigdale123.github.io/dev/node_modules/svelte-pdf-scrollable/PdfViewer.svelte [3ms]
2024-01-17 10:15:42.409 [info] > git show --textconv :dev/src/routes/resume/+page.svelte [18ms]
2024-01-17 10:15:42.414 [info] > git ls-files --stage -- /home/dylan/Seafile/My Library/Temp_Git_Files/bigdale123.github.io/dev/src/routes/resume/+page.svelte [6ms]
2024-01-17 10:15:46.936 [info] > git config --get commit.template [25ms]
2024-01-17 10:15:46.937 [info] > git for-each-ref --format=%(refname)%00%(upstream:short)%00%(objectname)%00%(upstream:track)%00%(upstream:remotename)%00%(upstream:remoteref) refs/heads/main refs/remotes/main [2ms]
2024-01-17 10:15:46.954 [warning] ENOENT: no such file or directory, open '/home/dylan/Seafile/My Library/Temp_Git_Files/bigdale123.github.io/.git/refs/remotes/origin/main'
2024-01-17 10:15:46.956 [info] > git rev-parse refs/remotes/origin/main [2ms]
2024-01-17 10:15:46.980 [info] > git status -z -uall [6ms]
2024-01-17 10:17:52.163 [info] > git config --get commit.template [18ms]
2024-01-17 10:17:52.165 [info] > git for-each-ref --format=%(refname)%00%(upstream:short)%00%(objectname)%00%(upstream:track)%00%(upstream:remotename)%00%(upstream:remoteref) refs/heads/main refs/remotes/main [3ms]
2024-01-17 10:17:52.182 [warning] ENOENT: no such file or directory, open '/home/dylan/Seafile/My Library/Temp_Git_Files/bigdale123.github.io/.git/refs/remotes/origin/main'
2024-01-17 10:17:52.185 [info] > git rev-parse refs/remotes/origin/main [2ms]
2024-01-17 10:17:52.205 [info] > git status -z -uall [3ms]
2024-01-17 10:19:52.221 [info] > git show --textconv :dev/src/lib/index.js [19ms]
2024-01-17 10:19:52.223 [info] > git ls-files --stage -- /home/dylan/Seafile/My Library/Temp_Git_Files/bigdale123.github.io/dev/src/lib/index.js [3ms]
2024-01-17 10:21:29.948 [info] > git show --textconv :dev/src/routes/resume/+page.svelte [15ms]
2024-01-17 10:21:29.949 [info] > git ls-files --stage -- /home/dylan/Seafile/My Library/Temp_Git_Files/bigdale123.github.io/dev/src/routes/resume/+page.svelte [2ms]
2024-01-17 10:27:16.112 [info] > git config --get commit.template [24ms]
2024-01-17 10:27:16.114 [info] > git for-each-ref --format=%(refname)%00%(upstream:short)%00%(objectname)%00%(upstream:track)%00%(upstream:remotename)%00%(upstream:remoteref) refs/heads/main refs/remotes/main [3ms]
2024-01-17 10:27:16.130 [warning] ENOENT: no such file or directory, open '/home/dylan/Seafile/My Library/Temp_Git_Files/bigdale123.github.io/.git/refs/remotes/origin/main'
2024-01-17 10:27:16.132 [info] > git rev-parse refs/remotes/origin/main [2ms]
2024-01-17 10:27:16.154 [info] > git status -z -uall [4ms]
2024-01-17 10:30:05.929 [info] > git config --get commit.template [3ms]
2024-01-17 10:30:05.949 [info] > git for-each-ref --format=%(refname)%00%(upstream:short)%00%(objectname)%00%(upstream:track)%00%(upstream:remotename)%00%(upstream:remoteref) refs/heads/main refs/remotes/main [2ms]
2024-01-17 10:30:05.964 [warning] ENOENT: no such file or directory, open '/home/dylan/Seafile/My Library/Temp_Git_Files/bigdale123.github.io/.git/refs/remotes/origin/main'
2024-01-17 10:30:05.966 [info] > git rev-parse refs/remotes/origin/main [2ms]
2024-01-17 10:30:05.986 [info] > git status -z -uall [3ms]
2024-01-17 10:30:29.483 [info] > git config --get commit.template [16ms]
2024-01-17 10:30:29.484 [info] > git for-each-ref --format=%(refname)%00%(upstream:short)%00%(objectname)%00%(upstream:track)%00%(upstream:remotename)%00%(upstream:remoteref) refs/heads/main refs/remotes/main [3ms]
2024-01-17 10:30:29.499 [warning] ENOENT: no such file or directory, open '/home/dylan/Seafile/My Library/Temp_Git_Files/bigdale123.github.io/.git/refs/remotes/origin/main'
2024-01-17 10:30:29.501 [info] > git rev-parse refs/remotes/origin/main [2ms]
2024-01-17 10:30:29.519 [info] > git status -z -uall [3ms]
2024-01-17 10:30:43.874 [info] > git config --get commit.template [16ms]
2024-01-17 10:30:43.876 [info] > git for-each-ref --format=%(refname)%00%(upstream:short)%00%(objectname)%00%(upstream:track)%00%(upstream:remotename)%00%(upstream:remoteref) refs/heads/main refs/remotes/main [4ms]
2024-01-17 10:30:43.891 [warning] ENOENT: no such file or directory, open '/home/dylan/Seafile/My Library/Temp_Git_Files/bigdale123.github.io/.git/refs/remotes/origin/main'
2024-01-17 10:30:43.893 [info] > git rev-parse refs/remotes/origin/main [2ms]
2024-01-17 10:30:43.912 [info] > git status -z -uall [3ms]
2024-01-17 10:31:45.406 [info] > git config --get commit.template [2ms]
2024-01-17 10:31:45.424 [info] > git for-each-ref --format=%(refname)%00%(upstream:short)%00%(objectname)%00%(upstream:track)%00%(upstream:remotename)%00%(upstream:remoteref) refs/heads/main refs/remotes/main [2ms]
2024-01-17 10:31:45.440 [warning] ENOENT: no such file or directory, open '/home/dylan/Seafile/My Library/Temp_Git_Files/bigdale123.github.io/.git/refs/remotes/origin/main'
2024-01-17 10:31:45.442 [info] > git rev-parse refs/remotes/origin/main [2ms]
2024-01-17 10:31:45.461 [info] > git status -z -uall [4ms]
2024-01-17 10:31:50.496 [info] > git config --get commit.template [17ms]
2024-01-17 10:31:50.498 [info] > git for-each-ref --format=%(refname)%00%(upstream:short)%00%(objectname)%00%(upstream:track)%00%(upstream:remotename)%00%(upstream:remoteref) refs/heads/main refs/remotes/main [4ms]
2024-01-17 10:31:50.511 [warning] ENOENT: no such file or directory, open '/home/dylan/Seafile/My Library/Temp_Git_Files/bigdale123.github.io/.git/refs/remotes/origin/main'
2024-01-17 10:31:50.513 [info] > git rev-parse refs/remotes/origin/main [2ms]
2024-01-17 10:31:50.528 [info] > git status -z -uall [3ms]
2024-01-17 10:32:03.801 [info] > git config --get commit.template [23ms]
2024-01-17 10:32:03.802 [info] > git for-each-ref --format=%(refname)%00%(upstream:short)%00%(objectname)%00%(upstream:track)%00%(upstream:remotename)%00%(upstream:remoteref) refs/heads/main refs/remotes/main [2ms]
2024-01-17 10:32:03.819 [warning] ENOENT: no such file or directory, open '/home/dylan/Seafile/My Library/Temp_Git_Files/bigdale123.github.io/.git/refs/remotes/origin/main'
2024-01-17 10:32:03.822 [info] > git rev-parse refs/remotes/origin/main [4ms]
2024-01-17 10:32:03.840 [info] > git status -z -uall [3ms]
2024-01-17 10:32:21.417 [info] > git config --get commit.template [18ms]
2024-01-17 10:32:21.419 [info] > git for-each-ref --format=%(refname)%00%(upstream:short)%00%(objectname)%00%(upstream:track)%00%(upstream:remotename)%00%(upstream:remoteref) refs/heads/main refs/remotes/main [3ms]
2024-01-17 10:32:21.435 [warning] ENOENT: no such file or directory, open '/home/dylan/Seafile/My Library/Temp_Git_Files/bigdale123.github.io/.git/refs/remotes/origin/main'
2024-01-17 10:32:21.437 [info] > git rev-parse refs/remotes/origin/main [3ms]
2024-01-17 10:32:21.452 [info] > git status -z -uall [2ms]
2024-01-17 10:32:27.241 [info] > git config --get commit.template [17ms]
2024-01-17 10:32:27.242 [info] > git for-each-ref --format=%(refname)%00%(upstream:short)%00%(objectname)%00%(upstream:track)%00%(upstream:remotename)%00%(upstream:remoteref) refs/heads/main refs/remotes/main [2ms]
2024-01-17 10:32:27.256 [warning] ENOENT: no such file or directory, open '/home/dylan/Seafile/My Library/Temp_Git_Files/bigdale123.github.io/.git/refs/remotes/origin/main'
2024-01-17 10:32:27.257 [info] > git rev-parse refs/remotes/origin/main [1ms]
2024-01-17 10:32:27.276 [info] > git status -z -uall [2ms]
2024-01-17 10:33:45.371 [info] > git config --get commit.template [19ms]
2024-01-17 10:33:45.372 [info] > git for-each-ref --format=%(refname)%00%(upstream:short)%00%(objectname)%00%(upstream:track)%00%(upstream:remotename)%00%(upstream:remoteref) refs/heads/main refs/remotes/main [3ms]
2024-01-17 10:33:45.388 [warning] ENOENT: no such file or directory, open '/home/dylan/Seafile/My Library/Temp_Git_Files/bigdale123.github.io/.git/refs/remotes/origin/main'
2024-01-17 10:33:45.390 [info] > git rev-parse refs/remotes/origin/main [1ms]
2024-01-17 10:33:45.411 [info] > git status -z -uall [4ms]
2024-01-17 10:33:54.656 [info] > git config --get commit.template [18ms]
2024-01-17 10:33:54.657 [info] > git for-each-ref --format=%(refname)%00%(upstream:short)%00%(objectname)%00%(upstream:track)%00%(upstream:remotename)%00%(upstream:remoteref) refs/heads/main refs/remotes/main [2ms]
2024-01-17 10:33:54.675 [warning] ENOENT: no such file or directory, open '/home/dylan/Seafile/My Library/Temp_Git_Files/bigdale123.github.io/.git/refs/remotes/origin/main'
2024-01-17 10:33:54.677 [info] > git rev-parse refs/remotes/origin/main [2ms]
2024-01-17 10:33:54.696 [info] > git status -z -uall [3ms]
2024-01-17 10:34:24.612 [info] > git config --get commit.template [23ms]
2024-01-17 10:34:24.613 [info] > git for-each-ref --format=%(refname)%00%(upstream:short)%00%(objectname)%00%(upstream:track)%00%(upstream:remotename)%00%(upstream:remoteref) refs/heads/main refs/remotes/main [3ms]
2024-01-17 10:34:24.632 [warning] ENOENT: no such file or directory, open '/home/dylan/Seafile/My Library/Temp_Git_Files/bigdale123.github.io/.git/refs/remotes/origin/main'
2024-01-17 10:34:24.635 [info] > git rev-parse refs/remotes/origin/main [3ms]
2024-01-17 10:34:24.657 [info] > git status -z -uall [4ms]
2024-01-17 10:36:04.105 [info] > git config --get commit.template [29ms]
2024-01-17 10:36:04.107 [info] > git for-each-ref --format=%(refname)%00%(upstream:short)%00%(objectname)%00%(upstream:track)%00%(upstream:remotename)%00%(upstream:remoteref) refs/heads/main refs/remotes/main [4ms]
2024-01-17 10:36:04.125 [warning] ENOENT: no such file or directory, open '/home/dylan/Seafile/My Library/Temp_Git_Files/bigdale123.github.io/.git/refs/remotes/origin/main'
2024-01-17 10:36:04.128 [info] > git rev-parse refs/remotes/origin/main [2ms]
2024-01-17 10:36:04.152 [info] > git status -z -uall [5ms]
2024-01-17 10:36:11.121 [info] > git check-ignore -v -z --stdin [4ms]
2024-01-17 10:36:12.212 [info] > git config --get commit.template [21ms]
2024-01-17 10:36:12.214 [info] > git for-each-ref --format=%(refname)%00%(upstream:short)%00%(objectname)%00%(upstream:track)%00%(upstream:remotename)%00%(upstream:remoteref) refs/heads/main refs/remotes/main [2ms]
2024-01-17 10:36:12.231 [warning] ENOENT: no such file or directory, open '/home/dylan/Seafile/My Library/Temp_Git_Files/bigdale123.github.io/.git/refs/remotes/origin/main'
2024-01-17 10:36:12.233 [info] > git rev-parse refs/remotes/origin/main [2ms]
2024-01-17 10:36:12.253 [info] > git status -z -uall [3ms]
2024-01-17 10:36:52.077 [info] > git config --get commit.template [21ms]
2024-01-17 10:36:52.078 [info] > git for-each-ref --format=%(refname)%00%(upstream:short)%00%(objectname)%00%(upstream:track)%00%(upstream:remotename)%00%(upstream:remoteref) refs/heads/main refs/remotes/main [3ms]
2024-01-17 10:36:52.093 [warning] ENOENT: no such file or directory, open '/home/dylan/Seafile/My Library/Temp_Git_Files/bigdale123.github.io/.git/refs/remotes/origin/main'
2024-01-17 10:36:52.095 [info] > git rev-parse refs/remotes/origin/main [2ms]
2024-01-17 10:36:52.112 [info] > git status -z -uall [3ms]
2024-01-17 10:37:04.176 [info] > git config --get commit.template [20ms]
2024-01-17 10:37:04.177 [info] > git for-each-ref --format=%(refname)%00%(upstream:short)%00%(objectname)%00%(upstream:track)%00%(upstream:remotename)%00%(upstream:remoteref) refs/heads/main refs/remotes/main [3ms]
2024-01-17 10:37:04.193 [warning] ENOENT: no such file or directory, open '/home/dylan/Seafile/My Library/Temp_Git_Files/bigdale123.github.io/.git/refs/remotes/origin/main'
2024-01-17 10:37:04.194 [info] > git rev-parse refs/remotes/origin/main [2ms]
2024-01-17 10:37:04.210 [info] > git status -z -uall [2ms]
2024-01-17 10:37:09.249 [info] > git config --get commit.template [17ms]
2024-01-17 10:37:09.250 [info] > git for-each-ref --format=%(refname)%00%(upstream:short)%00%(objectname)%00%(upstream:track)%00%(upstream:remotename)%00%(upstream:remoteref) refs/heads/main refs/remotes/main [2ms]
2024-01-17 10:37:09.265 [warning] ENOENT: no such file or directory, open '/home/dylan/Seafile/My Library/Temp_Git_Files/bigdale123.github.io/.git/refs/remotes/origin/main'
2024-01-17 10:37:09.267 [info] > git rev-parse refs/remotes/origin/main [2ms]
2024-01-17 10:37:09.286 [info] > git status -z -uall [3ms]
2024-01-17 10:37:15.274 [info] > git config --get commit.template [2ms]
2024-01-17 10:37:15.294 [info] > git for-each-ref --format=%(refname)%00%(upstream:short)%00%(objectname)%00%(upstream:track)%00%(upstream:remotename)%00%(upstream:remoteref) refs/heads/main refs/remotes/main [3ms]
2024-01-17 10:37:15.311 [warning] ENOENT: no such file or directory, open '/home/dylan/Seafile/My Library/Temp_Git_Files/bigdale123.github.io/.git/refs/remotes/origin/main'
2024-01-17 10:37:15.313 [info] > git rev-parse refs/remotes/origin/main [2ms]
2024-01-17 10:37:15.334 [info] > git status -z -uall [3ms]
2024-01-17 10:37:22.487 [info] > git config --get commit.template [21ms]
2024-01-17 10:37:22.489 [info] > git for-each-ref --format=%(refname)%00%(upstream:short)%00%(objectname)%00%(upstream:track)%00%(upstream:remotename)%00%(upstream:remoteref) refs/heads/main refs/remotes/main [4ms]
2024-01-17 10:37:22.507 [warning] ENOENT: no such file or directory, open '/home/dylan/Seafile/My Library/Temp_Git_Files/bigdale123.github.io/.git/refs/remotes/origin/main'
2024-01-17 10:37:22.510 [info] > git rev-parse refs/remotes/origin/main [3ms]
2024-01-17 10:37:22.532 [info] > git status -z -uall [3ms]
2024-01-17 10:37:48.317 [info] > git config --get commit.template [20ms]
2024-01-17 10:37:48.318 [info] > git for-each-ref --format=%(refname)%00%(upstream:short)%00%(objectname)%00%(upstream:track)%00%(upstream:remotename)%00%(upstream:remoteref) refs/heads/main refs/remotes/main [3ms]
2024-01-17 10:37:48.334 [warning] ENOENT: no such file or directory, open '/home/dylan/Seafile/My Library/Temp_Git_Files/bigdale123.github.io/.git/refs/remotes/origin/main'
2024-01-17 10:37:48.336 [info] > git rev-parse refs/remotes/origin/main [2ms]
2024-01-17 10:37:48.358 [info] > git status -z -uall [4ms]
2024-01-17 10:38:01.054 [info] > git config --get commit.template [23ms]
2024-01-17 10:38:01.056 [info] > git for-each-ref --format=%(refname)%00%(upstream:short)%00%(objectname)%00%(upstream:track)%00%(upstream:remotename)%00%(upstream:remoteref) refs/heads/main refs/remotes/main [4ms]
2024-01-17 10:38:01.074 [warning] ENOENT: no such file or directory, open '/home/dylan/Seafile/My Library/Temp_Git_Files/bigdale123.github.io/.git/refs/remotes/origin/main'
2024-01-17 10:38:01.076 [info] > git rev-parse refs/remotes/origin/main [2ms]
2024-01-17 10:38:01.097 [info] > git status -z -uall [3ms]
2024-01-17 10:39:00.593 [info] > git config --get commit.template [20ms]
2024-01-17 10:39:00.594 [info] > git for-each-ref --format=%(refname)%00%(upstream:short)%00%(objectname)%00%(upstream:track)%00%(upstream:remotename)%00%(upstream:remoteref) refs/heads/main refs/remotes/main [3ms]
2024-01-17 10:39:00.611 [warning] ENOENT: no such file or directory, open '/home/dylan/Seafile/My Library/Temp_Git_Files/bigdale123.github.io/.git/refs/remotes/origin/main'
2024-01-17 10:39:00.613 [info] > git rev-parse refs/remotes/origin/main [2ms]
2024-01-17 10:39:00.630 [info] > git status -z -uall [2ms]
2024-01-17 10:41:47.895 [info] > git show --textconv :dev/src/routes/projects/+page.svelte [15ms]
2024-01-17 10:41:47.896 [info] > git ls-files --stage -- /home/dylan/Seafile/My Library/Temp_Git_Files/bigdale123.github.io/dev/src/routes/projects/+page.svelte [2ms]
2024-01-17 10:42:56.413 [info] > git config --get commit.template [3ms]
2024-01-17 10:42:56.438 [info] > git for-each-ref --format=%(refname)%00%(upstream:short)%00%(objectname)%00%(upstream:track)%00%(upstream:remotename)%00%(upstream:remoteref) refs/heads/main refs/remotes/main [3ms]
2024-01-17 10:42:56.461 [warning] ENOENT: no such file or directory, open '/home/dylan/Seafile/My Library/Temp_Git_Files/bigdale123.github.io/.git/refs/remotes/origin/main'
2024-01-17 10:42:56.462 [info] > git rev-parse refs/remotes/origin/main [1ms]
2024-01-17 10:42:56.484 [info] > git status -z -uall [3ms]
2024-01-17 10:43:54.892 [info] > git config --get commit.template [19ms]
2024-01-17 10:43:54.894 [info] > git for-each-ref --format=%(refname)%00%(upstream:short)%00%(objectname)%00%(upstream:track)%00%(upstream:remotename)%00%(upstream:remoteref) refs/heads/main refs/remotes/main [3ms]
2024-01-17 10:43:54.909 [warning] ENOENT: no such file or directory, open '/home/dylan/Seafile/My Library/Temp_Git_Files/bigdale123.github.io/.git/refs/remotes/origin/main'
2024-01-17 10:43:54.911 [info] > git rev-parse refs/remotes/origin/main [2ms]
2024-01-17 10:43:54.926 [info] > git status -z -uall [2ms]
2024-01-17 10:44:00.684 [info] > git config --get commit.template [16ms]
2024-01-17 10:44:00.685 [info] > git for-each-ref --format=%(refname)%00%(upstream:short)%00%(objectname)%00%(upstream:track)%00%(upstream:remotename)%00%(upstream:remoteref) refs/heads/main refs/remotes/main [2ms]
2024-01-17 10:44:00.700 [warning] ENOENT: no such file or directory, open '/home/dylan/Seafile/My Library/Temp_Git_Files/bigdale123.github.io/.git/refs/remotes/origin/main'
2024-01-17 10:44:00.702 [info] > git rev-parse refs/remotes/origin/main [2ms]
2024-01-17 10:44:00.719 [info] > git status -z -uall [4ms]
2024-01-17 10:44:08.989 [info] > git config --get commit.template [17ms]
2024-01-17 10:44:08.991 [info] > git for-each-ref --format=%(refname)%00%(upstream:short)%00%(objectname)%00%(upstream:track)%00%(upstream:remotename)%00%(upstream:remoteref) refs/heads/main refs/remotes/main [2ms]
2024-01-17 10:44:09.005 [warning] ENOENT: no such file or directory, open '/home/dylan/Seafile/My Library/Temp_Git_Files/bigdale123.github.io/.git/refs/remotes/origin/main'
2024-01-17 10:44:09.007 [info] > git rev-parse refs/remotes/origin/main [2ms]
2024-01-17 10:44:09.026 [info] > git status -z -uall [2ms]
2024-01-17 10:44:14.801 [info] > git config --get commit.template [3ms]
2024-01-17 10:44:14.823 [info] > git for-each-ref --format=%(refname)%00%(upstream:short)%00%(objectname)%00%(upstream:track)%00%(upstream:remotename)%00%(upstream:remoteref) refs/heads/main refs/remotes/main [4ms]
2024-01-17 10:44:14.839 [warning] ENOENT: no such file or directory, open '/home/dylan/Seafile/My Library/Temp_Git_Files/bigdale123.github.io/.git/refs/remotes/origin/main'
2024-01-17 10:44:14.842 [info] > git rev-parse refs/remotes/origin/main [2ms]
2024-01-17 10:44:14.859 [info] > git status -z -uall [3ms]
2024-01-17 10:44:21.751 [info] > git config --get commit.template [19ms]
2024-01-17 10:44:21.753 [info] > git for-each-ref --format=%(refname)%00%(upstream:short)%00%(objectname)%00%(upstream:track)%00%(upstream:remotename)%00%(upstream:remoteref) refs/heads/main refs/remotes/main [3ms]
2024-01-17 10:44:21.772 [warning] ENOENT: no such file or directory, open '/home/dylan/Seafile/My Library/Temp_Git_Files/bigdale123.github.io/.git/refs/remotes/origin/main'
2024-01-17 10:44:21.774 [info] > git rev-parse refs/remotes/origin/main [2ms]
2024-01-17 10:44:21.797 [info] > git status -z -uall [3ms]
2024-01-17 10:44:29.961 [info] > git config --get commit.template [2ms]
2024-01-17 10:44:29.980 [info] > git for-each-ref --format=%(refname)%00%(upstream:short)%00%(objectname)%00%(upstream:track)%00%(upstream:remotename)%00%(upstream:remoteref) refs/heads/main refs/remotes/main [2ms]
2024-01-17 10:44:30.001 [warning] ENOENT: no such file or directory, open '/home/dylan/Seafile/My Library/Temp_Git_Files/bigdale123.github.io/.git/refs/remotes/origin/main'
2024-01-17 10:44:30.004 [info] > git rev-parse refs/remotes/origin/main [3ms]
2024-01-17 10:44:30.023 [info] > git status -z -uall [2ms]
2024-01-17 10:44:35.055 [info] > git config --get commit.template [14ms]
2024-01-17 10:44:35.056 [info] > git for-each-ref --format=%(refname)%00%(upstream:short)%00%(objectname)%00%(upstream:track)%00%(upstream:remotename)%00%(upstream:remoteref) refs/heads/main refs/remotes/main [2ms]
2024-01-17 10:44:35.070 [warning] ENOENT: no such file or directory, open '/home/dylan/Seafile/My Library/Temp_Git_Files/bigdale123.github.io/.git/refs/remotes/origin/main'
2024-01-17 10:44:35.072 [info] > git rev-parse refs/remotes/origin/main [1ms]
2024-01-17 10:44:35.088 [info] > git status -z -uall [3ms]
2024-01-17 10:44:41.106 [info] > git config --get commit.template [20ms]
2024-01-17 10:44:41.108 [info] > git for-each-ref --format=%(refname)%00%(upstream:short)%00%(objectname)%00%(upstream:track)%00%(upstream:remotename)%00%(upstream:remoteref) refs/heads/main refs/remotes/main [3ms]
2024-01-17 10:44:41.126 [warning] ENOENT: no such file or directory, open '/home/dylan/Seafile/My Library/Temp_Git_Files/bigdale123.github.io/.git/refs/remotes/origin/main'
2024-01-17 10:44:41.130 [info] > git rev-parse refs/remotes/origin/main [4ms]
2024-01-17 10:44:41.150 [info] > git status -z -uall [3ms]
2024-01-17 10:44:46.572 [info] > git config --get commit.template [20ms]
2024-01-17 10:44:46.573 [info] > git for-each-ref --format=%(refname)%00%(upstream:short)%00%(objectname)%00%(upstream:track)%00%(upstream:remotename)%00%(upstream:remoteref) refs/heads/main refs/remotes/main [3ms]
2024-01-17 10:44:46.591 [warning] ENOENT: no such file or directory, open '/home/dylan/Seafile/My Library/Temp_Git_Files/bigdale123.github.io/.git/refs/remotes/origin/main'
2024-01-17 10:44:46.593 [info] > git rev-parse refs/remotes/origin/main [3ms]
2024-01-17 10:44:46.611 [info] > git status -z -uall [3ms]
2024-01-17 10:45:57.309 [info] > git config --get commit.template [18ms]
2024-01-17 10:45:57.310 [info] > git for-each-ref --format=%(refname)%00%(upstream:short)%00%(objectname)%00%(upstream:track)%00%(upstream:remotename)%00%(upstream:remoteref) refs/heads/main refs/remotes/main [3ms]
2024-01-17 10:45:57.326 [warning] ENOENT: no such file or directory, open '/home/dylan/Seafile/My Library/Temp_Git_Files/bigdale123.github.io/.git/refs/remotes/origin/main'
2024-01-17 10:45:57.328 [info] > git rev-parse refs/remotes/origin/main [2ms]
2024-01-17 10:45:57.343 [info] > git status -z -uall [2ms]
2024-01-17 10:46:09.759 [info] > git config --get commit.template [22ms]
2024-01-17 10:46:09.760 [info] > git for-each-ref --format=%(refname)%00%(upstream:short)%00%(objectname)%00%(upstream:track)%00%(upstream:remotename)%00%(upstream:remoteref) refs/heads/main refs/remotes/main [4ms]
2024-01-17 10:46:09.777 [warning] ENOENT: no such file or directory, open '/home/dylan/Seafile/My Library/Temp_Git_Files/bigdale123.github.io/.git/refs/remotes/origin/main'
2024-01-17 10:46:09.780 [info] > git rev-parse refs/remotes/origin/main [2ms]
2024-01-17 10:46:09.798 [info] > git status -z -uall [3ms]
2024-01-17 10:46:15.307 [info] > git config --get commit.template [19ms]
2024-01-17 10:46:15.308 [info] > git for-each-ref --format=%(refname)%00%(upstream:short)%00%(objectname)%00%(upstream:track)%00%(upstream:remotename)%00%(upstream:remoteref) refs/heads/main refs/remotes/main [3ms]
2024-01-17 10:46:15.326 [warning] ENOENT: no such file or directory, open '/home/dylan/Seafile/My Library/Temp_Git_Files/bigdale123.github.io/.git/refs/remotes/origin/main'
2024-01-17 10:46:15.329 [info] > git rev-parse refs/remotes/origin/main [3ms]
2024-01-17 10:46:15.349 [info] > git status -z -uall [3ms]
2024-01-17 10:56:25.228 [info] > git config --get commit.template [2ms]
2024-01-17 10:56:25.250 [info] > git for-each-ref --format=%(refname)%00%(upstream:short)%00%(objectname)%00%(upstream:track)%00%(upstream:remotename)%00%(upstream:remoteref) refs/heads/main refs/remotes/main [3ms]
2024-01-17 10:56:25.267 [warning] ENOENT: no such file or directory, open '/home/dylan/Seafile/My Library/Temp_Git_Files/bigdale123.github.io/.git/refs/remotes/origin/main'
2024-01-17 10:56:25.270 [info] > git rev-parse refs/remotes/origin/main [3ms]
2024-01-17 10:56:25.292 [info] > git status -z -uall [3ms]
2024-01-17 10:56:33.813 [info] > git config --get commit.template [3ms]
2024-01-17 10:56:33.836 [info] > git for-each-ref --format=%(refname)%00%(upstream:short)%00%(objectname)%00%(upstream:track)%00%(upstream:remotename)%00%(upstream:remoteref) refs/heads/main refs/remotes/main [2ms]
2024-01-17 10:56:33.854 [warning] ENOENT: no such file or directory, open '/home/dylan/Seafile/My Library/Temp_Git_Files/bigdale123.github.io/.git/refs/remotes/origin/main'
2024-01-17 10:56:33.856 [info] > git rev-parse refs/remotes/origin/main [2ms]
2024-01-17 10:56:33.880 [info] > git status -z -uall [4ms]
2024-01-17 11:01:12.594 [info] > git config --get commit.template [5ms]
2024-01-17 11:01:12.616 [info] > git for-each-ref --format=%(refname)%00%(upstream:short)%00%(objectname)%00%(upstream:track)%00%(upstream:remotename)%00%(upstream:remoteref) refs/heads/main refs/remotes/main [3ms]
2024-01-17 11:01:12.635 [warning] ENOENT: no such file or directory, open '/home/dylan/Seafile/My Library/Temp_Git_Files/bigdale123.github.io/.git/refs/remotes/origin/main'
2024-01-17 11:01:12.636 [info] > git rev-parse refs/remotes/origin/main [1ms]
2024-01-17 11:01:12.657 [info] > git status -z -uall [4ms]
2024-01-17 11:01:49.028 [info] > git config --get commit.template [17ms]
2024-01-17 11:01:49.030 [info] > git for-each-ref --format=%(refname)%00%(upstream:short)%00%(objectname)%00%(upstream:track)%00%(upstream:remotename)%00%(upstream:remoteref) refs/heads/main refs/remotes/main [3ms]
2024-01-17 11:01:49.042 [warning] ENOENT: no such file or directory, open '/home/dylan/Seafile/My Library/Temp_Git_Files/bigdale123.github.io/.git/refs/remotes/origin/main'
2024-01-17 11:01:49.043 [info] > git rev-parse refs/remotes/origin/main [2ms]
2024-01-17 11:01:49.063 [info] > git status -z -uall [4ms]
2024-01-17 11:01:58.910 [info] > git config --get commit.template [19ms]
2024-01-17 11:01:58.914 [info] > git for-each-ref --format=%(refname)%00%(upstream:short)%00%(objectname)%00%(upstream:track)%00%(upstream:remotename)%00%(upstream:remoteref) refs/heads/main refs/remotes/main [5ms]
2024-01-17 11:01:58.934 [warning] ENOENT: no such file or directory, open '/home/dylan/Seafile/My Library/Temp_Git_Files/bigdale123.github.io/.git/refs/remotes/origin/main'
2024-01-17 11:01:58.937 [info] > git rev-parse refs/remotes/origin/main [2ms]
2024-01-17 11:01:58.962 [info] > git status -z -uall [4ms]
2024-01-17 11:03:20.179 [info] > git config --get commit.template [22ms]
2024-01-17 11:03:20.180 [info] > git for-each-ref --format=%(refname)%00%(upstream:short)%00%(objectname)%00%(upstream:track)%00%(upstream:remotename)%00%(upstream:remoteref) refs/heads/main refs/remotes/main [4ms]
2024-01-17 11:03:20.198 [warning] ENOENT: no such file or directory, open '/home/dylan/Seafile/My Library/Temp_Git_Files/bigdale123.github.io/.git/refs/remotes/origin/main'
2024-01-17 11:03:20.202 [info] > git rev-parse refs/remotes/origin/main [4ms]
2024-01-17 11:03:20.226 [info] > git status -z -uall [3ms]
2024-01-17 11:08:45.462 [info] > git config --get commit.template [19ms]
2024-01-17 11:08:45.464 [info] > git for-each-ref --format=%(refname)%00%(upstream:short)%00%(objectname)%00%(upstream:track)%00%(upstream:remotename)%00%(upstream:remoteref) refs/heads/main refs/remotes/main [3ms]
2024-01-17 11:08:45.486 [warning] ENOENT: no such file or directory, open '/home/dylan/Seafile/My Library/Temp_Git_Files/bigdale123.github.io/.git/refs/remotes/origin/main'
2024-01-17 11:08:45.488 [info] > git rev-parse refs/remotes/origin/main [2ms]
2024-01-17 11:08:45.509 [info] > git status -z -uall [4ms]
2024-01-17 11:08:52.398 [info] > git check-ignore -v -z --stdin [2ms]
2024-01-17 11:10:11.645 [info] > git config --get commit.template [20ms]
2024-01-17 11:10:11.647 [info] > git for-each-ref --format=%(refname)%00%(upstream:short)%00%(objectname)%00%(upstream:track)%00%(upstream:remotename)%00%(upstream:remoteref) refs/heads/main refs/remotes/main [2ms]
2024-01-17 11:10:11.663 [warning] ENOENT: no such file or directory, open '/home/dylan/Seafile/My Library/Temp_Git_Files/bigdale123.github.io/.git/refs/remotes/origin/main'
2024-01-17 11:10:11.665 [info] > git rev-parse refs/remotes/origin/main [2ms]
2024-01-17 11:10:11.684 [info] > git status -z -uall [3ms]
2024-01-17 11:10:21.884 [info] > git config --get commit.template [21ms]
2024-01-17 11:10:21.885 [info] > git for-each-ref --format=%(refname)%00%(upstream:short)%00%(objectname)%00%(upstream:track)%00%(upstream:remotename)%00%(upstream:remoteref) refs/heads/main refs/remotes/main [3ms]
2024-01-17 11:10:21.901 [warning] ENOENT: no such file or directory, open '/home/dylan/Seafile/My Library/Temp_Git_Files/bigdale123.github.io/.git/refs/remotes/origin/main'
2024-01-17 11:10:21.903 [info] > git rev-parse refs/remotes/origin/main [2ms]
2024-01-17 11:10:21.922 [info] > git status -z -uall [3ms]
2024-01-17 11:14:50.501 [info] > git config --get commit.template [1ms]
2024-01-17 11:14:50.521 [info] > git for-each-ref --format=%(refname)%00%(upstream:short)%00%(objectname)%00%(upstream:track)%00%(upstream:remotename)%00%(upstream:remoteref) refs/heads/main refs/remotes/main [3ms]
2024-01-17 11:14:50.540 [warning] ENOENT: no such file or directory, open '/home/dylan/Seafile/My Library/Temp_Git_Files/bigdale123.github.io/.git/refs/remotes/origin/main'
2024-01-17 11:14:50.543 [info] > git rev-parse refs/remotes/origin/main [3ms]
2024-01-17 11:14:50.563 [info] > git status -z -uall [3ms]
2024-01-17 11:16:15.150 [info] > git config --get commit.template [3ms]
2024-01-17 11:16:15.176 [info] > git for-each-ref --format=%(refname)%00%(upstream:short)%00%(objectname)%00%(upstream:track)%00%(upstream:remotename)%00%(upstream:remoteref) refs/heads/main refs/remotes/main [3ms]
2024-01-17 11:16:15.193 [warning] ENOENT: no such file or directory, open '/home/dylan/Seafile/My Library/Temp_Git_Files/bigdale123.github.io/.git/refs/remotes/origin/main'
2024-01-17 11:16:15.195 [info] > git rev-parse refs/remotes/origin/main [2ms]
2024-01-17 11:16:15.218 [info] > git status -z -uall [4ms]
2024-01-17 11:16:46.658 [info] > git config --get commit.template [21ms]
2024-01-17 11:16:46.659 [info] > git for-each-ref --format=%(refname)%00%(upstream:short)%00%(objectname)%00%(upstream:track)%00%(upstream:remotename)%00%(upstream:remoteref) refs/heads/main refs/remotes/main [3ms]
2024-01-17 11:16:46.675 [warning] ENOENT: no such file or directory, open '/home/dylan/Seafile/My Library/Temp_Git_Files/bigdale123.github.io/.git/refs/remotes/origin/main'
2024-01-17 11:16:46.676 [info] > git rev-parse refs/remotes/origin/main [1ms]
2024-01-17 11:16:46.694 [info] > git status -z -uall [2ms]
2024-01-17 11:16:54.302 [info] > git config --get commit.template [3ms]
2024-01-17 11:16:54.323 [info] > git for-each-ref --format=%(refname)%00%(upstream:short)%00%(objectname)%00%(upstream:track)%00%(upstream:remotename)%00%(upstream:remoteref) refs/heads/main refs/remotes/main [3ms]
2024-01-17 11:16:54.341 [warning] ENOENT: no such file or directory, open '/home/dylan/Seafile/My Library/Temp_Git_Files/bigdale123.github.io/.git/refs/remotes/origin/main'
2024-01-17 11:16:54.344 [info] > git rev-parse refs/remotes/origin/main [2ms]
2024-01-17 11:16:54.362 [info] > git status -z -uall [3ms]
2024-01-17 11:17:14.752 [info] > git show --textconv :dev/src/routes/+layout.svelte [17ms]
2024-01-17 11:17:14.754 [info] > git ls-files --stage -- /home/dylan/Seafile/My Library/Temp_Git_Files/bigdale123.github.io/dev/src/routes/+layout.svelte [3ms]
2024-01-17 11:17:22.566 [info] > git show --textconv :dev/src/routes/projects/+page.svelte [17ms]
2024-01-17 11:17:22.569 [info] > git ls-files --stage -- /home/dylan/Seafile/My Library/Temp_Git_Files/bigdale123.github.io/dev/src/routes/projects/+page.svelte [3ms]
2024-01-17 11:17:32.805 [info] > git config --get commit.template [2ms]
2024-01-17 11:17:32.827 [info] > git for-each-ref --format=%(refname)%00%(upstream:short)%00%(objectname)%00%(upstream:track)%00%(upstream:remotename)%00%(upstream:remoteref) refs/heads/main refs/remotes/main [4ms]
2024-01-17 11:17:32.847 [warning] ENOENT: no such file or directory, open '/home/dylan/Seafile/My Library/Temp_Git_Files/bigdale123.github.io/.git/refs/remotes/origin/main'
2024-01-17 11:17:32.850 [info] > git rev-parse refs/remotes/origin/main [2ms]
2024-01-17 11:17:32.868 [info] > git status -z -uall [3ms]
2024-01-17 11:17:46.730 [info] > git show --textconv :dev/src/routes/+layout.svelte [17ms]
2024-01-17 11:17:46.731 [info] > git ls-files --stage -- /home/dylan/Seafile/My Library/Temp_Git_Files/bigdale123.github.io/dev/src/routes/+layout.svelte [2ms]
2024-01-17 11:17:53.905 [info] > git show --textconv :dev/src/routes/projects/+page.svelte [21ms]
2024-01-17 11:17:53.908 [info] > git ls-files --stage -- /home/dylan/Seafile/My Library/Temp_Git_Files/bigdale123.github.io/dev/src/routes/projects/+page.svelte [4ms]
2024-01-17 11:18:03.617 [info] > git config --get commit.template [2ms]
2024-01-17 11:18:03.639 [info] > git for-each-ref --format=%(refname)%00%(upstream:short)%00%(objectname)%00%(upstream:track)%00%(upstream:remotename)%00%(upstream:remoteref) refs/heads/main refs/remotes/main [4ms]
2024-01-17 11:18:03.660 [warning] ENOENT: no such file or directory, open '/home/dylan/Seafile/My Library/Temp_Git_Files/bigdale123.github.io/.git/refs/remotes/origin/main'
2024-01-17 11:18:03.661 [info] > git rev-parse refs/remotes/origin/main [1ms]
2024-01-17 11:18:03.685 [info] > git status -z -uall [4ms]
2024-01-17 11:18:10.230 [info] > git config --get commit.template [3ms]
2024-01-17 11:18:10.251 [info] > git for-each-ref --format=%(refname)%00%(upstream:short)%00%(objectname)%00%(upstream:track)%00%(upstream:remotename)%00%(upstream:remoteref) refs/heads/main refs/remotes/main [2ms]
2024-01-17 11:18:10.269 [warning] ENOENT: no such file or directory, open '/home/dylan/Seafile/My Library/Temp_Git_Files/bigdale123.github.io/.git/refs/remotes/origin/main'
2024-01-17 11:18:10.271 [info] > git rev-parse refs/remotes/origin/main [2ms]
2024-01-17 11:18:10.291 [info] > git status -z -uall [3ms]
2024-01-17 11:18:15.869 [info] > git config --get commit.template [9ms]
2024-01-17 11:18:15.900 [info] > git for-each-ref --format=%(refname)%00%(upstream:short)%00%(objectname)%00%(upstream:track)%00%(upstream:remotename)%00%(upstream:remoteref) refs/heads/main refs/remotes/main [1ms]
2024-01-17 11:18:15.925 [warning] ENOENT: no such file or directory, open '/home/dylan/Seafile/My Library/Temp_Git_Files/bigdale123.github.io/.git/refs/remotes/origin/main'
2024-01-17 11:18:15.929 [info] > git rev-parse refs/remotes/origin/main [3ms]
2024-01-17 11:18:15.957 [info] > git status -z -uall [3ms]
2024-01-17 11:18:37.888 [info] > git config --get commit.template [19ms]
2024-01-17 11:18:37.889 [info] > git for-each-ref --format=%(refname)%00%(upstream:short)%00%(objectname)%00%(upstream:track)%00%(upstream:remotename)%00%(upstream:remoteref) refs/heads/main refs/remotes/main [3ms]
2024-01-17 11:18:37.905 [warning] ENOENT: no such file or directory, open '/home/dylan/Seafile/My Library/Temp_Git_Files/bigdale123.github.io/.git/refs/remotes/origin/main'
2024-01-17 11:18:37.907 [info] > git rev-parse refs/remotes/origin/main [3ms]
2024-01-17 11:18:37.925 [info] > git status -z -uall [2ms]
2024-01-17 11:18:45.503 [info] > git config --get commit.template [23ms]
2024-01-17 11:18:45.505 [info] > git for-each-ref --format=%(refname)%00%(upstream:short)%00%(objectname)%00%(upstream:track)%00%(upstream:remotename)%00%(upstream:remoteref) refs/heads/main refs/remotes/main [3ms]
2024-01-17 11:18:45.521 [warning] ENOENT: no such file or directory, open '/home/dylan/Seafile/My Library/Temp_Git_Files/bigdale123.github.io/.git/refs/remotes/origin/main'
2024-01-17 11:18:45.523 [info] > git rev-parse refs/remotes/origin/main [2ms]
2024-01-17 11:18:45.541 [info] > git status -z -uall [3ms]
2024-01-17 11:19:12.931 [info] > git config --get commit.template [3ms]
2024-01-17 11:19:12.952 [info] > git for-each-ref --format=%(refname)%00%(upstream:short)%00%(objectname)%00%(upstream:track)%00%(upstream:remotename)%00%(upstream:remoteref) refs/heads/main refs/remotes/main [3ms]
2024-01-17 11:19:12.969 [warning] ENOENT: no such file or directory, open '/home/dylan/Seafile/My Library/Temp_Git_Files/bigdale123.github.io/.git/refs/remotes/origin/main'
2024-01-17 11:19:12.971 [info] > git rev-parse refs/remotes/origin/main [2ms]
2024-01-17 11:19:12.990 [info] > git status -z -uall [2ms]
2024-01-17 11:19:18.542 [info] > git config --get commit.template [25ms]
2024-01-17 11:19:18.545 [info] > git for-each-ref --format=%(refname)%00%(upstream:short)%00%(objectname)%00%(upstream:track)%00%(upstream:remotename)%00%(upstream:remoteref) refs/heads/main refs/remotes/main [4ms]
2024-01-17 11:19:18.563 [warning] ENOENT: no such file or directory, open '/home/dylan/Seafile/My Library/Temp_Git_Files/bigdale123.github.io/.git/refs/remotes/origin/main'
2024-01-17 11:19:18.566 [info] > git rev-parse refs/remotes/origin/main [3ms]
2024-01-17 11:19:18.588 [info] > git status -z -uall [4ms]
2024-01-17 11:19:26.108 [info] > git config --get commit.template [20ms]
2024-01-17 11:19:26.109 [info] > git for-each-ref --format=%(refname)%00%(upstream:short)%00%(objectname)%00%(upstream:track)%00%(upstream:remotename)%00%(upstream:remoteref) refs/heads/main refs/remotes/main [3ms]
2024-01-17 11:19:26.126 [warning] ENOENT: no such file or directory, open '/home/dylan/Seafile/My Library/Temp_Git_Files/bigdale123.github.io/.git/refs/remotes/origin/main'
2024-01-17 11:19:26.128 [info] > git rev-parse refs/remotes/origin/main [2ms]
2024-01-17 11:19:26.146 [info] > git status -z -uall [3ms]
2024-01-17 11:19:46.907 [info] > git config --get commit.template [9ms]
2024-01-17 11:19:46.935 [info] > git for-each-ref --format=%(refname)%00%(upstream:short)%00%(objectname)%00%(upstream:track)%00%(upstream:remotename)%00%(upstream:remoteref) refs/heads/main refs/remotes/main [5ms]
2024-01-17 11:19:46.960 [warning] ENOENT: no such file or directory, open '/home/dylan/Seafile/My Library/Temp_Git_Files/bigdale123.github.io/.git/refs/remotes/origin/main'
2024-01-17 11:19:46.962 [info] > git rev-parse refs/remotes/origin/main [3ms]
2024-01-17 11:19:46.990 [info] > git status -z -uall [4ms]
2024-01-17 11:21:27.911 [info] > git config --get commit.template [18ms]
2024-01-17 11:21:27.912 [info] > git for-each-ref --format=%(refname)%00%(upstream:short)%00%(objectname)%00%(upstream:track)%00%(upstream:remotename)%00%(upstream:remoteref) refs/heads/main refs/remotes/main [2ms]
2024-01-17 11:21:27.929 [warning] ENOENT: no such file or directory, open '/home/dylan/Seafile/My Library/Temp_Git_Files/bigdale123.github.io/.git/refs/remotes/origin/main'
2024-01-17 11:21:27.931 [info] > git rev-parse refs/remotes/origin/main [2ms]
2024-01-17 11:21:27.951 [info] > git status -z -uall [3ms]
