2024-01-19 11:51:25.474 [info] Log level: Info
2024-01-19 11:51:25.474 [info] Validating found git in: "git"
2024-01-19 11:51:25.474 [info] Using git "2.43.0" from "git"
2024-01-19 11:51:25.474 [info] > git rev-parse --show-toplevel [6ms]
2024-01-19 11:51:25.474 [info] > git rev-parse --git-dir --git-common-dir [2ms]
2024-01-19 11:51:25.474 [info] Open repository: /home/dylan/Seafile/My Library/Temp_Git_Files/bigdale123.github.io
2024-01-19 11:51:25.506 [info] > git config --get commit.template [16ms]
2024-01-19 11:51:25.509 [info] > git rev-parse --show-toplevel [7ms]
2024-01-19 11:51:25.545 [info] > git for-each-ref --format=%(refname)%00%(upstream:short)%00%(objectname)%00%(upstream:track)%00%(upstream:remotename)%00%(upstream:remoteref) refs/heads/main refs/remotes/main [19ms]
2024-01-19 11:51:25.562 [warning] ENOENT: no such file or directory, open '/home/dylan/Seafile/My Library/Temp_Git_Files/bigdale123.github.io/.git/refs/remotes/origin/main'
2024-01-19 11:51:25.564 [info] > git rev-parse --show-toplevel [20ms]
2024-01-19 11:51:25.567 [info] > git rev-parse refs/remotes/origin/main [5ms]
2024-01-19 11:51:25.588 [info] > git status -z -uall [6ms]
2024-01-19 11:51:25.622 [info] > git config --get commit.template [2ms]
2024-01-19 11:51:25.638 [info] > git for-each-ref --format=%(refname)%00%(upstream:short)%00%(objectname)%00%(upstream:track)%00%(upstream:remotename)%00%(upstream:remoteref) refs/heads/main refs/remotes/main [2ms]
2024-01-19 11:51:25.652 [warning] ENOENT: no such file or directory, open '/home/dylan/Seafile/My Library/Temp_Git_Files/bigdale123.github.io/.git/refs/remotes/origin/main'
2024-01-19 11:51:25.654 [info] > git rev-parse refs/remotes/origin/main [2ms]
2024-01-19 11:51:25.669 [info] > git status -z -uall [2ms]
2024-01-19 11:51:26.492 [info] > git check-ignore -v -z --stdin [4ms]
2024-01-19 11:51:27.736 [info] > git show --textconv :dev/src/routes/projects/+page.svelte [45ms]
2024-01-19 11:51:27.739 [info] > git ls-files --stage -- /home/dylan/Seafile/My Library/Temp_Git_Files/bigdale123.github.io/dev/src/routes/projects/+page.svelte [29ms]
2024-01-19 11:52:25.709 [info] > git config --get commit.template [2ms]
2024-01-19 11:52:25.724 [info] > git for-each-ref --format=%(refname)%00%(upstream:short)%00%(objectname)%00%(upstream:track)%00%(upstream:remotename)%00%(upstream:remoteref) refs/heads/main refs/remotes/main [3ms]
2024-01-19 11:52:25.737 [warning] ENOENT: no such file or directory, open '/home/dylan/Seafile/My Library/Temp_Git_Files/bigdale123.github.io/.git/refs/remotes/origin/main'
2024-01-19 11:52:25.739 [info] > git rev-parse refs/remotes/origin/main [2ms]
2024-01-19 11:52:25.754 [info] > git status -z -uall [2ms]
2024-01-19 11:53:05.270 [info] > git check-ignore -v -z --stdin [2ms]
2024-01-19 11:53:17.809 [info] > git config --get commit.template [20ms]
2024-01-19 11:53:17.810 [info] > git for-each-ref --format=%(refname)%00%(upstream:short)%00%(objectname)%00%(upstream:track)%00%(upstream:remotename)%00%(upstream:remoteref) refs/heads/main refs/remotes/main [3ms]
2024-01-19 11:53:17.825 [warning] ENOENT: no such file or directory, open '/home/dylan/Seafile/My Library/Temp_Git_Files/bigdale123.github.io/.git/refs/remotes/origin/main'
2024-01-19 11:53:17.826 [info] > git rev-parse refs/remotes/origin/main [2ms]
2024-01-19 11:53:17.845 [info] > git status -z -uall [3ms]
2024-01-19 11:53:46.918 [info] > git config --get commit.template [2ms]
2024-01-19 11:53:46.932 [info] > git for-each-ref --format=%(refname)%00%(upstream:short)%00%(objectname)%00%(upstream:track)%00%(upstream:remotename)%00%(upstream:remoteref) refs/heads/main refs/remotes/main [2ms]
2024-01-19 11:53:46.944 [warning] ENOENT: no such file or directory, open '/home/dylan/Seafile/My Library/Temp_Git_Files/bigdale123.github.io/.git/refs/remotes/origin/main'
2024-01-19 11:53:46.946 [info] > git rev-parse refs/remotes/origin/main [2ms]
2024-01-19 11:53:46.959 [info] > git status -z -uall [2ms]
2024-01-19 11:53:52.001 [info] > git config --get commit.template [16ms]
2024-01-19 11:53:52.003 [info] > git for-each-ref --format=%(refname)%00%(upstream:short)%00%(objectname)%00%(upstream:track)%00%(upstream:remotename)%00%(upstream:remoteref) refs/heads/main refs/remotes/main [3ms]
2024-01-19 11:53:52.017 [warning] ENOENT: no such file or directory, open '/home/dylan/Seafile/My Library/Temp_Git_Files/bigdale123.github.io/.git/refs/remotes/origin/main'
2024-01-19 11:53:52.019 [info] > git rev-parse refs/remotes/origin/main [3ms]
2024-01-19 11:53:52.034 [info] > git status -z -uall [3ms]
2024-01-19 11:54:07.347 [info] > git config --get commit.template [13ms]
2024-01-19 11:54:07.348 [info] > git for-each-ref --format=%(refname)%00%(upstream:short)%00%(objectname)%00%(upstream:track)%00%(upstream:remotename)%00%(upstream:remoteref) refs/heads/main refs/remotes/main [2ms]
2024-01-19 11:54:07.361 [warning] ENOENT: no such file or directory, open '/home/dylan/Seafile/My Library/Temp_Git_Files/bigdale123.github.io/.git/refs/remotes/origin/main'
2024-01-19 11:54:07.362 [info] > git rev-parse refs/remotes/origin/main [1ms]
2024-01-19 11:54:07.377 [info] > git status -z -uall [3ms]
2024-01-19 11:54:12.414 [info] > git config --get commit.template [13ms]
2024-01-19 11:54:12.415 [info] > git for-each-ref --format=%(refname)%00%(upstream:short)%00%(objectname)%00%(upstream:track)%00%(upstream:remotename)%00%(upstream:remoteref) refs/heads/main refs/remotes/main [2ms]
2024-01-19 11:54:12.427 [warning] ENOENT: no such file or directory, open '/home/dylan/Seafile/My Library/Temp_Git_Files/bigdale123.github.io/.git/refs/remotes/origin/main'
2024-01-19 11:54:12.429 [info] > git rev-parse refs/remotes/origin/main [2ms]
2024-01-19 11:54:12.444 [info] > git status -z -uall [2ms]
2024-01-19 11:54:30.876 [info] > git config --get commit.template [15ms]
2024-01-19 11:54:30.877 [info] > git for-each-ref --format=%(refname)%00%(upstream:short)%00%(objectname)%00%(upstream:track)%00%(upstream:remotename)%00%(upstream:remoteref) refs/heads/main refs/remotes/main [2ms]
2024-01-19 11:54:30.890 [warning] ENOENT: no such file or directory, open '/home/dylan/Seafile/My Library/Temp_Git_Files/bigdale123.github.io/.git/refs/remotes/origin/main'
2024-01-19 11:54:30.892 [info] > git rev-parse refs/remotes/origin/main [2ms]
2024-01-19 11:54:30.908 [info] > git status -z -uall [3ms]
2024-01-19 11:54:36.480 [info] > git config --get commit.template [15ms]
2024-01-19 11:54:36.481 [info] > git for-each-ref --format=%(refname)%00%(upstream:short)%00%(objectname)%00%(upstream:track)%00%(upstream:remotename)%00%(upstream:remoteref) refs/heads/main refs/remotes/main [3ms]
2024-01-19 11:54:36.494 [warning] ENOENT: no such file or directory, open '/home/dylan/Seafile/My Library/Temp_Git_Files/bigdale123.github.io/.git/refs/remotes/origin/main'
2024-01-19 11:54:36.496 [info] > git rev-parse refs/remotes/origin/main [2ms]
2024-01-19 11:54:36.511 [info] > git status -z -uall [2ms]
2024-01-19 11:55:02.196 [info] > git config --get commit.template [16ms]
2024-01-19 11:55:02.198 [info] > git for-each-ref --format=%(refname)%00%(upstream:short)%00%(objectname)%00%(upstream:track)%00%(upstream:remotename)%00%(upstream:remoteref) refs/heads/main refs/remotes/main [4ms]
2024-01-19 11:55:02.218 [warning] ENOENT: no such file or directory, open '/home/dylan/Seafile/My Library/Temp_Git_Files/bigdale123.github.io/.git/refs/remotes/origin/main'
2024-01-19 11:55:02.222 [info] > git rev-parse refs/remotes/origin/main [3ms]
2024-01-19 11:55:02.241 [info] > git status -z -uall [2ms]
2024-01-19 11:55:13.353 [info] > git config --get commit.template [13ms]
2024-01-19 11:55:13.354 [info] > git for-each-ref --format=%(refname)%00%(upstream:short)%00%(objectname)%00%(upstream:track)%00%(upstream:remotename)%00%(upstream:remoteref) refs/heads/main refs/remotes/main [2ms]
2024-01-19 11:55:13.366 [warning] ENOENT: no such file or directory, open '/home/dylan/Seafile/My Library/Temp_Git_Files/bigdale123.github.io/.git/refs/remotes/origin/main'
2024-01-19 11:55:13.368 [info] > git rev-parse refs/remotes/origin/main [2ms]
2024-01-19 11:55:13.385 [info] > git status -z -uall [4ms]
2024-01-19 11:55:29.234 [info] > git config --get commit.template [15ms]
2024-01-19 11:55:29.235 [info] > git for-each-ref --format=%(refname)%00%(upstream:short)%00%(objectname)%00%(upstream:track)%00%(upstream:remotename)%00%(upstream:remoteref) refs/heads/main refs/remotes/main [2ms]
2024-01-19 11:55:29.247 [warning] ENOENT: no such file or directory, open '/home/dylan/Seafile/My Library/Temp_Git_Files/bigdale123.github.io/.git/refs/remotes/origin/main'
2024-01-19 11:55:29.249 [info] > git rev-parse refs/remotes/origin/main [2ms]
2024-01-19 11:55:29.264 [info] > git status -z -uall [3ms]
2024-01-19 11:55:34.299 [info] > git config --get commit.template [13ms]
2024-01-19 11:55:34.300 [info] > git for-each-ref --format=%(refname)%00%(upstream:short)%00%(objectname)%00%(upstream:track)%00%(upstream:remotename)%00%(upstream:remoteref) refs/heads/main refs/remotes/main [2ms]
2024-01-19 11:55:34.312 [warning] ENOENT: no such file or directory, open '/home/dylan/Seafile/My Library/Temp_Git_Files/bigdale123.github.io/.git/refs/remotes/origin/main'
2024-01-19 11:55:34.314 [info] > git rev-parse refs/remotes/origin/main [2ms]
2024-01-19 11:55:34.331 [info] > git status -z -uall [3ms]
2024-01-19 11:55:42.253 [info] > git config --get commit.template [2ms]
2024-01-19 11:55:42.266 [info] > git for-each-ref --format=%(refname)%00%(upstream:short)%00%(objectname)%00%(upstream:track)%00%(upstream:remotename)%00%(upstream:remoteref) refs/heads/main refs/remotes/main [2ms]
2024-01-19 11:55:42.277 [warning] ENOENT: no such file or directory, open '/home/dylan/Seafile/My Library/Temp_Git_Files/bigdale123.github.io/.git/refs/remotes/origin/main'
2024-01-19 11:55:42.279 [info] > git rev-parse refs/remotes/origin/main [2ms]
2024-01-19 11:55:42.295 [info] > git status -z -uall [3ms]
2024-01-19 11:56:04.614 [info] > git config --get commit.template [14ms]
2024-01-19 11:56:04.615 [info] > git for-each-ref --format=%(refname)%00%(upstream:short)%00%(objectname)%00%(upstream:track)%00%(upstream:remotename)%00%(upstream:remoteref) refs/heads/main refs/remotes/main [2ms]
2024-01-19 11:56:04.631 [warning] ENOENT: no such file or directory, open '/home/dylan/Seafile/My Library/Temp_Git_Files/bigdale123.github.io/.git/refs/remotes/origin/main'
2024-01-19 11:56:04.634 [info] > git rev-parse refs/remotes/origin/main [3ms]
2024-01-19 11:56:04.651 [info] > git status -z -uall [3ms]
2024-01-19 11:57:15.961 [info] > git config --get commit.template [3ms]
2024-01-19 11:57:15.984 [info] > git for-each-ref --format=%(refname)%00%(upstream:short)%00%(objectname)%00%(upstream:track)%00%(upstream:remotename)%00%(upstream:remoteref) refs/heads/main refs/remotes/main [3ms]
2024-01-19 11:57:16.001 [warning] ENOENT: no such file or directory, open '/home/dylan/Seafile/My Library/Temp_Git_Files/bigdale123.github.io/.git/refs/remotes/origin/main'
2024-01-19 11:57:16.004 [info] > git rev-parse refs/remotes/origin/main [3ms]
2024-01-19 11:57:16.025 [info] > git status -z -uall [5ms]
2024-01-19 11:57:20.963 [info] > git show --textconv :dev/svelte.config.js [23ms]
2024-01-19 11:57:20.966 [info] > git ls-files --stage -- /home/dylan/Seafile/My Library/Temp_Git_Files/bigdale123.github.io/dev/svelte.config.js [6ms]
2024-01-19 11:57:30.293 [info] > git for-each-ref --format=%(refname)%00%(upstream:short)%00%(objectname)%00%(upstream:track)%00%(upstream:remotename)%00%(upstream:remoteref) refs/heads/main refs/remotes/main [3ms]
2024-01-19 11:57:30.293 [info] > git config --get commit.template [18ms]
2024-01-19 11:57:30.306 [warning] ENOENT: no such file or directory, open '/home/dylan/Seafile/My Library/Temp_Git_Files/bigdale123.github.io/.git/refs/remotes/origin/main'
2024-01-19 11:57:30.309 [info] > git rev-parse refs/remotes/origin/main [2ms]
2024-01-19 11:57:30.342 [info] > git status -z -uall [18ms]
2024-01-19 11:57:46.029 [info] > git config --get commit.template [24ms]
2024-01-19 11:57:46.030 [info] > git for-each-ref --format=%(refname)%00%(upstream:short)%00%(objectname)%00%(upstream:track)%00%(upstream:remotename)%00%(upstream:remoteref) refs/heads/main refs/remotes/main [5ms]
2024-01-19 11:57:46.046 [warning] ENOENT: no such file or directory, open '/home/dylan/Seafile/My Library/Temp_Git_Files/bigdale123.github.io/.git/refs/remotes/origin/main'
2024-01-19 11:57:46.048 [info] > git rev-parse refs/remotes/origin/main [2ms]
2024-01-19 11:57:46.069 [info] > git status -z -uall [4ms]
2024-01-19 11:57:48.261 [info] > git show --textconv :dev/src/routes/+layout.svelte [16ms]
2024-01-19 11:57:48.262 [info] > git ls-files --stage -- /home/dylan/Seafile/My Library/Temp_Git_Files/bigdale123.github.io/dev/src/routes/+layout.svelte [2ms]
2024-01-19 11:58:32.748 [info] > git config --get commit.template [19ms]
2024-01-19 11:58:32.749 [info] > git for-each-ref --format=%(refname)%00%(upstream:short)%00%(objectname)%00%(upstream:track)%00%(upstream:remotename)%00%(upstream:remoteref) refs/heads/main refs/remotes/main [2ms]
2024-01-19 11:58:32.775 [warning] ENOENT: no such file or directory, open '/home/dylan/Seafile/My Library/Temp_Git_Files/bigdale123.github.io/.git/refs/remotes/origin/main'
2024-01-19 11:58:32.778 [info] > git rev-parse refs/remotes/origin/main [2ms]
2024-01-19 11:58:32.797 [info] > git status -z -uall [3ms]
2024-01-19 11:59:15.623 [info] > git check-ignore -v -z --stdin [2ms]
2024-01-19 11:59:16.770 [info] > git config --get commit.template [18ms]
2024-01-19 11:59:16.771 [info] > git for-each-ref --format=%(refname)%00%(upstream:short)%00%(objectname)%00%(upstream:track)%00%(upstream:remotename)%00%(upstream:remoteref) refs/heads/main refs/remotes/main [3ms]
2024-01-19 11:59:16.786 [warning] ENOENT: no such file or directory, open '/home/dylan/Seafile/My Library/Temp_Git_Files/bigdale123.github.io/.git/refs/remotes/origin/main'
2024-01-19 11:59:16.800 [info] > git rev-parse refs/remotes/origin/main [14ms]
2024-01-19 11:59:16.819 [info] > git status -z -uall [4ms]
2024-01-19 11:59:21.843 [info] > git config --get commit.template [2ms]
2024-01-19 11:59:21.859 [info] > git for-each-ref --format=%(refname)%00%(upstream:short)%00%(objectname)%00%(upstream:track)%00%(upstream:remotename)%00%(upstream:remoteref) refs/heads/main refs/remotes/main [2ms]
2024-01-19 11:59:21.871 [warning] ENOENT: no such file or directory, open '/home/dylan/Seafile/My Library/Temp_Git_Files/bigdale123.github.io/.git/refs/remotes/origin/main'
2024-01-19 11:59:21.873 [info] > git rev-parse refs/remotes/origin/main [2ms]
2024-01-19 11:59:21.889 [info] > git status -z -uall [4ms]
2024-01-19 11:59:49.042 [info] > git check-ignore -v -z --stdin [2ms]
2024-01-19 11:59:56.578 [info] > git show --textconv :dev/src/app.html [15ms]
2024-01-19 11:59:56.581 [info] > git ls-files --stage -- /home/dylan/Seafile/My Library/Temp_Git_Files/bigdale123.github.io/dev/src/app.html [4ms]
2024-01-19 12:00:00.278 [info] > git show --textconv :dev/src/routes/+layout.svelte [15ms]
2024-01-19 12:00:00.280 [info] > git ls-files --stage -- /home/dylan/Seafile/My Library/Temp_Git_Files/bigdale123.github.io/dev/src/routes/+layout.svelte [2ms]
2024-01-19 12:01:07.254 [info] > git show --textconv :dev/src/routes/+layout.js [14ms]
2024-01-19 12:01:07.255 [info] > git ls-files --stage -- /home/dylan/Seafile/My Library/Temp_Git_Files/bigdale123.github.io/dev/src/routes/+layout.js [2ms]
2024-01-19 12:01:07.490 [info] > git check-ignore -v -z --stdin [2ms]
2024-01-19 12:01:08.074 [info] > git config --get commit.template [19ms]
2024-01-19 12:01:08.076 [info] > git for-each-ref --format=%(refname)%00%(upstream:short)%00%(objectname)%00%(upstream:track)%00%(upstream:remotename)%00%(upstream:remoteref) refs/heads/main refs/remotes/main [2ms]
2024-01-19 12:01:08.093 [warning] ENOENT: no such file or directory, open '/home/dylan/Seafile/My Library/Temp_Git_Files/bigdale123.github.io/.git/refs/remotes/origin/main'
2024-01-19 12:01:08.095 [info] > git rev-parse refs/remotes/origin/main [2ms]
2024-01-19 12:01:08.116 [info] > git status -z -uall [3ms]
2024-01-19 12:01:10.214 [info] > git show --textconv :dev/src/routes/+layout.svelte [17ms]
2024-01-19 12:01:10.216 [info] > git ls-files --stage -- /home/dylan/Seafile/My Library/Temp_Git_Files/bigdale123.github.io/dev/src/routes/+layout.svelte [3ms]
2024-01-19 12:01:14.705 [info] > git show --textconv :dev/src/routes/+layout.js [22ms]
2024-01-19 12:01:14.708 [info] > git ls-files --stage -- /home/dylan/Seafile/My Library/Temp_Git_Files/bigdale123.github.io/dev/src/routes/+layout.js [2ms]
2024-01-19 12:01:16.857 [info] > git config --get commit.template [2ms]
2024-01-19 12:01:16.873 [info] > git for-each-ref --format=%(refname)%00%(upstream:short)%00%(objectname)%00%(upstream:track)%00%(upstream:remotename)%00%(upstream:remoteref) refs/heads/main refs/remotes/main [3ms]
2024-01-19 12:01:16.887 [warning] ENOENT: no such file or directory, open '/home/dylan/Seafile/My Library/Temp_Git_Files/bigdale123.github.io/.git/refs/remotes/origin/main'
2024-01-19 12:01:16.890 [info] > git rev-parse refs/remotes/origin/main [3ms]
2024-01-19 12:01:16.909 [info] > git status -z -uall [5ms]
2024-01-19 12:01:19.368 [info] > git check-ignore -v -z --stdin [1ms]
2024-01-19 12:01:21.930 [info] > git config --get commit.template [2ms]
2024-01-19 12:01:21.948 [info] > git for-each-ref --format=%(refname)%00%(upstream:short)%00%(objectname)%00%(upstream:track)%00%(upstream:remotename)%00%(upstream:remoteref) refs/heads/main refs/remotes/main [3ms]
2024-01-19 12:01:21.964 [warning] ENOENT: no such file or directory, open '/home/dylan/Seafile/My Library/Temp_Git_Files/bigdale123.github.io/.git/refs/remotes/origin/main'
2024-01-19 12:01:21.965 [info] > git rev-parse refs/remotes/origin/main [1ms]
2024-01-19 12:01:21.981 [info] > git status -z -uall [2ms]
2024-01-19 12:01:25.011 [info] > git check-ignore -v -z --stdin [2ms]
2024-01-19 12:01:27.015 [info] > git config --get commit.template [15ms]
2024-01-19 12:01:27.016 [info] > git for-each-ref --format=%(refname)%00%(upstream:short)%00%(objectname)%00%(upstream:track)%00%(upstream:remotename)%00%(upstream:remoteref) refs/heads/main refs/remotes/main [2ms]
2024-01-19 12:01:27.030 [warning] ENOENT: no such file or directory, open '/home/dylan/Seafile/My Library/Temp_Git_Files/bigdale123.github.io/.git/refs/remotes/origin/main'
2024-01-19 12:01:27.031 [info] > git rev-parse refs/remotes/origin/main [2ms]
2024-01-19 12:01:27.048 [info] > git status -z -uall [2ms]
2024-01-19 12:01:36.601 [info] > git show --textconv :dev/src/app.html [16ms]
2024-01-19 12:01:36.603 [info] > git ls-files --stage -- /home/dylan/Seafile/My Library/Temp_Git_Files/bigdale123.github.io/dev/src/app.html [3ms]
2024-01-19 12:02:01.369 [info] > git check-ignore -v -z --stdin [3ms]
2024-01-19 12:02:03.313 [info] > git check-ignore -v -z --stdin [1ms]
2024-01-19 12:02:06.248 [info] > git check-ignore -v -z --stdin [2ms]
2024-01-19 12:02:07.656 [info] > git check-ignore -v -z --stdin [2ms]
2024-01-19 12:02:08.713 [info] > git check-ignore -v -z --stdin [1ms]
2024-01-19 12:02:15.051 [info] > git check-ignore -v -z --stdin [3ms]
2024-01-19 12:02:17.030 [info] > git check-ignore -v -z --stdin [1ms]
2024-01-19 12:02:20.387 [info] > git check-ignore -v -z --stdin [3ms]
2024-01-19 12:02:35.212 [info] > git check-ignore -v -z --stdin [2ms]
2024-01-19 12:02:36.102 [info] > git config --get commit.template [16ms]
2024-01-19 12:02:36.104 [info] > git for-each-ref --format=%(refname)%00%(upstream:short)%00%(objectname)%00%(upstream:track)%00%(upstream:remotename)%00%(upstream:remoteref) refs/heads/main refs/remotes/main [3ms]
2024-01-19 12:02:36.117 [warning] ENOENT: no such file or directory, open '/home/dylan/Seafile/My Library/Temp_Git_Files/bigdale123.github.io/.git/refs/remotes/origin/main'
2024-01-19 12:02:36.119 [info] > git rev-parse refs/remotes/origin/main [2ms]
2024-01-19 12:02:36.132 [info] > git status -z -uall [2ms]
2024-01-19 12:03:50.231 [info] > git check-ignore -v -z --stdin [2ms]
2024-01-19 12:03:51.053 [info] > git config --get commit.template [18ms]
2024-01-19 12:03:51.056 [info] > git for-each-ref --format=%(refname)%00%(upstream:short)%00%(objectname)%00%(upstream:track)%00%(upstream:remotename)%00%(upstream:remoteref) refs/heads/main refs/remotes/main [4ms]
2024-01-19 12:03:51.073 [warning] ENOENT: no such file or directory, open '/home/dylan/Seafile/My Library/Temp_Git_Files/bigdale123.github.io/.git/refs/remotes/origin/main'
2024-01-19 12:03:51.076 [info] > git rev-parse refs/remotes/origin/main [4ms]
2024-01-19 12:03:51.096 [info] > git status -z -uall [4ms]
2024-01-19 12:03:51.415 [info] > git check-ignore -v -z --stdin [2ms]
2024-01-19 12:03:54.244 [info] > git show --textconv :index copy.html [19ms]
2024-01-19 12:03:54.246 [info] > git ls-files --stage -- /home/dylan/Seafile/My Library/Temp_Git_Files/bigdale123.github.io/index copy.html [2ms]
2024-01-19 12:03:56.108 [info] > git show --textconv :index.html [15ms]
2024-01-19 12:03:56.110 [info] > git ls-files --stage -- /home/dylan/Seafile/My Library/Temp_Git_Files/bigdale123.github.io/index.html [3ms]
2024-01-19 12:03:56.172 [info] > git cat-file -s 980a0d5f19a64b4b30a87d4206aade58726b60e3 [46ms]
2024-01-19 12:04:01.084 [info] > git show --textconv :dev/src/routes/+layout.js [16ms]
2024-01-19 12:04:01.087 [info] > git ls-files --stage -- /home/dylan/Seafile/My Library/Temp_Git_Files/bigdale123.github.io/dev/src/routes/+layout.js [4ms]
2024-01-19 12:04:01.909 [info] > git config --get commit.template [16ms]
2024-01-19 12:04:01.911 [info] > git for-each-ref --format=%(refname)%00%(upstream:short)%00%(objectname)%00%(upstream:track)%00%(upstream:remotename)%00%(upstream:remoteref) refs/heads/main refs/remotes/main [3ms]
2024-01-19 12:04:01.924 [warning] ENOENT: no such file or directory, open '/home/dylan/Seafile/My Library/Temp_Git_Files/bigdale123.github.io/.git/refs/remotes/origin/main'
2024-01-19 12:04:01.926 [info] > git rev-parse refs/remotes/origin/main [2ms]
2024-01-19 12:04:01.943 [info] > git status -z -uall [3ms]
2024-01-19 12:04:09.976 [info] > git config --get commit.template [13ms]
2024-01-19 12:04:09.977 [info] > git for-each-ref --format=%(refname)%00%(upstream:short)%00%(objectname)%00%(upstream:track)%00%(upstream:remotename)%00%(upstream:remoteref) refs/heads/main refs/remotes/main [1ms]
2024-01-19 12:04:09.989 [warning] ENOENT: no such file or directory, open '/home/dylan/Seafile/My Library/Temp_Git_Files/bigdale123.github.io/.git/refs/remotes/origin/main'
2024-01-19 12:04:09.990 [info] > git rev-parse refs/remotes/origin/main [2ms]
2024-01-19 12:04:10.005 [info] > git status -z -uall [2ms]
2024-01-19 12:04:17.981 [info] > git check-ignore -v -z --stdin [2ms]
2024-01-19 12:04:27.064 [info] > git config --get commit.template [15ms]
2024-01-19 12:04:27.065 [info] > git for-each-ref --format=%(refname)%00%(upstream:short)%00%(objectname)%00%(upstream:track)%00%(upstream:remotename)%00%(upstream:remoteref) refs/heads/main refs/remotes/main [2ms]
2024-01-19 12:04:27.079 [warning] ENOENT: no such file or directory, open '/home/dylan/Seafile/My Library/Temp_Git_Files/bigdale123.github.io/.git/refs/remotes/origin/main'
2024-01-19 12:04:27.081 [info] > git rev-parse refs/remotes/origin/main [1ms]
2024-01-19 12:04:27.097 [info] > git status -z -uall [3ms]
2024-01-19 12:04:27.151 [info] > git ls-files --stage -- /home/dylan/Seafile/My Library/Temp_Git_Files/bigdale123.github.io/dev/src/routes/+layout.js [2ms]
2024-01-19 12:04:27.167 [info] > git cat-file -s c8cacf0895342e5b27842850d40b3efc28f5a4ab [2ms]
2024-01-19 12:04:27.184 [info] > git show --textconv :dev/src/routes/+layout.js [2ms]
2024-01-19 12:04:37.195 [info] > git config --get commit.template [2ms]
2024-01-19 12:04:37.210 [info] > git for-each-ref --format=%(refname)%00%(upstream:short)%00%(objectname)%00%(upstream:track)%00%(upstream:remotename)%00%(upstream:remoteref) refs/heads/main refs/remotes/main [2ms]
2024-01-19 12:04:37.221 [warning] ENOENT: no such file or directory, open '/home/dylan/Seafile/My Library/Temp_Git_Files/bigdale123.github.io/.git/refs/remotes/origin/main'
2024-01-19 12:04:37.223 [info] > git rev-parse refs/remotes/origin/main [2ms]
2024-01-19 12:04:37.240 [info] > git status -z -uall [4ms]
2024-01-19 12:04:37.303 [info] > git ls-files --stage -- /home/dylan/Seafile/My Library/Temp_Git_Files/bigdale123.github.io/dev/src/routes/+layout.js [3ms]
2024-01-19 12:04:37.322 [info] > git cat-file -s c8cacf0895342e5b27842850d40b3efc28f5a4ab [2ms]
2024-01-19 12:04:37.347 [info] > git show --textconv :dev/src/routes/+layout.js [7ms]
2024-01-19 12:04:43.086 [info] > git config --get commit.template [13ms]
2024-01-19 12:04:43.088 [info] > git for-each-ref --format=%(refname)%00%(upstream:short)%00%(objectname)%00%(upstream:track)%00%(upstream:remotename)%00%(upstream:remoteref) refs/heads/main refs/remotes/main [3ms]
2024-01-19 12:04:43.102 [info] > git status -z -uall [3ms]
2024-01-19 12:04:43.175 [info] > git ls-files --stage -- /home/dylan/Seafile/My Library/Temp_Git_Files/bigdale123.github.io/dev/src/routes/+layout.js [2ms]
2024-01-19 12:04:43.190 [info] > git cat-file -s c8cacf0895342e5b27842850d40b3efc28f5a4ab [2ms]
2024-01-19 12:04:43.209 [info] > git show --textconv :dev/src/routes/+layout.js [4ms]
2024-01-19 12:05:01.716 [info] > git check-ignore -v -z --stdin [3ms]
2024-01-19 12:05:02.057 [info] > git for-each-ref --format %(refname) %(objectname) %(*objectname) refs/tags [16ms]
2024-01-19 12:05:02.058 [info] > git show -s --format=%H%n%aN%n%aE%n%at%n%ct%n%P%n%D%n%B -z 5870b9710b58ca9cc031d539759a37a8fb69a4e3 [3ms]
2024-01-19 12:05:02.106 [info] > git status -z -uall [30ms]
2024-01-19 12:05:02.151 [info] > git ls-files --stage -- /home/dylan/Seafile/My Library/Temp_Git_Files/bigdale123.github.io/dev/src/routes/+layout.js [2ms]
2024-01-19 12:05:02.167 [info] > git cat-file -s c8cacf0895342e5b27842850d40b3efc28f5a4ab [2ms]
2024-01-19 12:05:02.184 [info] > git show --textconv :dev/src/routes/+layout.js [3ms]
2024-01-19 12:05:16.866 [info] > git show -s --format=%H%n%aN%n%aE%n%at%n%ct%n%P%n%D%n%B -z HEAD [11ms]
2024-01-19 12:05:16.868 [info] > git show -s --format=%H%n%aN%n%aE%n%at%n%ct%n%P%n%D%n%B -z REBASE_HEAD [3ms]
2024-01-19 12:05:16.994 [info] > git show --textconv :1:index.html [30ms]
2024-01-19 12:05:16.994 [info] > git show --textconv cd19be5eb24d8285fbfacffec8df2bf673cf99d5:index.html [3ms]
2024-01-19 12:05:17.073 [info] > git show --textconv 5870b9710b58ca9cc031d539759a37a8fb69a4e3:index.html [48ms]
2024-01-19 12:05:17.074 [info] > git ls-tree -l cd19be5eb24d8285fbfacffec8df2bf673cf99d5 -- /home/dylan/Seafile/My Library/Temp_Git_Files/bigdale123.github.io/index.html [16ms]
2024-01-19 12:05:17.075 [info] > git ls-tree -l :1 -- /home/dylan/Seafile/My Library/Temp_Git_Files/bigdale123.github.io/index.html [34ms]
2024-01-19 12:05:17.075 [info] fatal: Not a valid object name :1
2024-01-19 12:05:17.079 [info] > git ls-tree -l 5870b9710b58ca9cc031d539759a37a8fb69a4e3 -- /home/dylan/Seafile/My Library/Temp_Git_Files/bigdale123.github.io/index.html [8ms]
2024-01-19 12:05:26.032 [info] > git add -A -- /home/dylan/Seafile/My Library/Temp_Git_Files/bigdale123.github.io/index.html [32ms]
2024-01-19 12:05:26.070 [info] > git for-each-ref --format %(refname) %(objectname) %(*objectname) refs/tags [17ms]
2024-01-19 12:05:26.072 [info] > git show -s --format=%H%n%aN%n%aE%n%at%n%ct%n%P%n%D%n%B -z 5870b9710b58ca9cc031d539759a37a8fb69a4e3 [3ms]
2024-01-19 12:05:26.089 [info] > git status -z -uall [3ms]
2024-01-19 12:05:26.768 [info] > git show --textconv :dev/src/routes/+layout.js [19ms]
2024-01-19 12:05:26.772 [info] > git ls-files --stage -- /home/dylan/Seafile/My Library/Temp_Git_Files/bigdale123.github.io/dev/src/routes/+layout.js [4ms]
2024-01-19 12:05:26.788 [info] > git cat-file -s c8cacf0895342e5b27842850d40b3efc28f5a4ab [2ms]
2024-01-19 12:05:27.026 [info] > git check-ignore -v -z --stdin [2ms]
2024-01-19 12:05:27.552 [info] > git for-each-ref --format %(refname) %(objectname) %(*objectname) refs/tags [17ms]
2024-01-19 12:05:27.554 [info] > git show -s --format=%H%n%aN%n%aE%n%at%n%ct%n%P%n%D%n%B -z 5870b9710b58ca9cc031d539759a37a8fb69a4e3 [3ms]
2024-01-19 12:05:27.575 [info] > git status -z -uall [3ms]
2024-01-19 12:05:27.631 [info] > git ls-files --stage -- /home/dylan/Seafile/My Library/Temp_Git_Files/bigdale123.github.io/dev/src/routes/+layout.js [2ms]
2024-01-19 12:05:27.648 [info] > git cat-file -s c8cacf0895342e5b27842850d40b3efc28f5a4ab [2ms]
2024-01-19 12:05:27.667 [info] > git show --textconv :dev/src/routes/+layout.js [2ms]
2024-01-19 12:05:32.615 [info] > git for-each-ref --format %(refname) %(objectname) %(*objectname) refs/tags [15ms]
2024-01-19 12:05:32.616 [info] > git show -s --format=%H%n%aN%n%aE%n%at%n%ct%n%P%n%D%n%B -z 5870b9710b58ca9cc031d539759a37a8fb69a4e3 [2ms]
2024-01-19 12:05:32.633 [info] > git status -z -uall [3ms]
2024-01-19 12:05:37.907 [info] > git config --get commit.template [2ms]
2024-01-19 12:05:37.937 [info] > git for-each-ref --format %(refname) %(objectname) %(*objectname) refs/tags [15ms]
2024-01-19 12:05:37.939 [info] > git show -s --format=%H%n%aN%n%aE%n%at%n%ct%n%P%n%D%n%B -z 5870b9710b58ca9cc031d539759a37a8fb69a4e3 [3ms]
2024-01-19 12:05:37.957 [info] > git status -z -uall [3ms]
2024-01-19 12:05:38.011 [info] > git ls-files --stage -- /home/dylan/Seafile/My Library/Temp_Git_Files/bigdale123.github.io/dev/src/routes/+layout.js [3ms]
2024-01-19 12:05:38.027 [info] > git cat-file -s c8cacf0895342e5b27842850d40b3efc28f5a4ab [1ms]
2024-01-19 12:05:38.047 [info] > git show --textconv :dev/src/routes/+layout.js [3ms]
2024-01-19 12:05:43.008 [info] > git config --get commit.template [27ms]
2024-01-19 12:05:43.008 [info] > git for-each-ref --format %(refname) %(objectname) %(*objectname) refs/tags [13ms]
2024-01-19 12:05:43.010 [info] > git show -s --format=%H%n%aN%n%aE%n%at%n%ct%n%P%n%D%n%B -z 5870b9710b58ca9cc031d539759a37a8fb69a4e3 [3ms]
2024-01-19 12:05:43.025 [info] > git status -z -uall [3ms]
2024-01-19 12:07:01.784 [info] > git for-each-ref --format=%(refname)%00%(upstream:short)%00%(objectname)%00%(upstream:track)%00%(upstream:remotename)%00%(upstream:remoteref) refs/heads/main refs/remotes/main [13ms]
2024-01-19 12:07:01.785 [info] > git config --get commit.template [27ms]
2024-01-19 12:07:01.786 [info] > git show -s --format=%H%n%aN%n%aE%n%at%n%ct%n%P%n%D%n%B -z 5870b9710b58ca9cc031d539759a37a8fb69a4e3 [2ms]
2024-01-19 12:07:01.803 [info] > git status -z -uall [3ms]
2024-01-19 12:07:01.862 [info] > git ls-files --stage -- /home/dylan/Seafile/My Library/Temp_Git_Files/bigdale123.github.io/dev/src/routes/+layout.js [2ms]
2024-01-19 12:07:01.877 [info] > git cat-file -s c8cacf0895342e5b27842850d40b3efc28f5a4ab [2ms]
2024-01-19 12:07:01.896 [info] > git show --textconv :dev/src/routes/+layout.js [2ms]
2024-01-19 12:07:04.083 [info] > git show --textconv :index.html [15ms]
2024-01-19 12:07:04.085 [info] > git ls-files --stage -- /home/dylan/Seafile/My Library/Temp_Git_Files/bigdale123.github.io/index.html [2ms]
2024-01-19 12:07:04.101 [info] > git cat-file -s eefcee9576e136104d39be2f687781a4319669ec [2ms]
2024-01-19 12:07:06.825 [info] > git config --get commit.template [2ms]
2024-01-19 12:07:06.851 [info] > git for-each-ref --format=%(refname)%00%(upstream:short)%00%(objectname)%00%(upstream:track)%00%(upstream:remotename)%00%(upstream:remoteref) refs/heads/main refs/remotes/main [13ms]
2024-01-19 12:07:06.853 [info] > git show -s --format=%H%n%aN%n%aE%n%at%n%ct%n%P%n%D%n%B -z 5870b9710b58ca9cc031d539759a37a8fb69a4e3 [3ms]
2024-01-19 12:07:06.868 [info] > git status -z -uall [3ms]
2024-01-19 12:07:16.624 [info] > git for-each-ref --format=%(refname)%00%(upstream:short)%00%(objectname)%00%(upstream:track)%00%(upstream:remotename)%00%(upstream:remoteref) refs/heads/main refs/remotes/main [14ms]
2024-01-19 12:07:16.624 [info] > git config --get commit.template [27ms]
2024-01-19 12:07:16.626 [info] > git show -s --format=%H%n%aN%n%aE%n%at%n%ct%n%P%n%D%n%B -z 5870b9710b58ca9cc031d539759a37a8fb69a4e3 [3ms]
2024-01-19 12:07:16.643 [info] > git status -z -uall [3ms]
2024-01-19 12:07:16.698 [info] > git ls-files --stage -- /home/dylan/Seafile/My Library/Temp_Git_Files/bigdale123.github.io/index.html [2ms]
2024-01-19 12:07:16.713 [info] > git cat-file -s eefcee9576e136104d39be2f687781a4319669ec [2ms]
2024-01-19 12:07:16.731 [info] > git show --textconv :index.html [3ms]
2024-01-19 12:07:21.291 [info] > git ls-files --stage -- /home/dylan/Seafile/My Library/Temp_Git_Files/bigdale123.github.io/index.html [2ms]
2024-01-19 12:07:21.307 [info] > git cat-file -s eefcee9576e136104d39be2f687781a4319669ec [2ms]
2024-01-19 12:07:21.324 [info] > git show --textconv :index.html [3ms]
2024-01-19 12:07:21.688 [info] > git for-each-ref --format=%(refname)%00%(upstream:short)%00%(objectname)%00%(upstream:track)%00%(upstream:remotename)%00%(upstream:remoteref) refs/heads/main refs/remotes/main [14ms]
2024-01-19 12:07:21.688 [info] > git config --get commit.template [28ms]
2024-01-19 12:07:21.690 [info] > git show -s --format=%H%n%aN%n%aE%n%at%n%ct%n%P%n%D%n%B -z 5870b9710b58ca9cc031d539759a37a8fb69a4e3 [3ms]
2024-01-19 12:07:21.707 [info] > git status -z -uall [2ms]
2024-01-19 12:07:26.753 [info] > git for-each-ref --format=%(refname)%00%(upstream:short)%00%(objectname)%00%(upstream:track)%00%(upstream:remotename)%00%(upstream:remoteref) refs/heads/main refs/remotes/main [15ms]
2024-01-19 12:07:26.753 [info] > git config --get commit.template [27ms]
2024-01-19 12:07:26.755 [info] > git show -s --format=%H%n%aN%n%aE%n%at%n%ct%n%P%n%D%n%B -z 5870b9710b58ca9cc031d539759a37a8fb69a4e3 [3ms]
2024-01-19 12:07:26.772 [info] > git status -z -uall [3ms]
2024-01-19 12:07:32.854 [info] > git config --get commit.template [13ms]
2024-01-19 12:07:32.855 [info] > git for-each-ref --format=%(refname)%00%(upstream:short)%00%(objectname)%00%(upstream:track)%00%(upstream:remotename)%00%(upstream:remoteref) refs/heads/main refs/remotes/main [3ms]
2024-01-19 12:07:32.874 [info] > git status -z -uall [3ms]
2024-01-19 12:07:32.954 [info] > git ls-files --stage -- /home/dylan/Seafile/My Library/Temp_Git_Files/bigdale123.github.io/index.html [1ms]
2024-01-19 12:07:32.975 [info] > git cat-file -s eefcee9576e136104d39be2f687781a4319669ec [2ms]
2024-01-19 12:07:33.010 [info] > git show --textconv :index.html [3ms]
2024-01-19 12:07:37.902 [info] > git config --get commit.template [2ms]
2024-01-19 12:07:37.918 [info] > git for-each-ref --format=%(refname)%00%(upstream:short)%00%(objectname)%00%(upstream:track)%00%(upstream:remotename)%00%(upstream:remoteref) refs/heads/main refs/remotes/main [3ms]
2024-01-19 12:07:37.933 [info] > git status -z -uall [2ms]
2024-01-19 12:07:40.042 [info] > git ls-files --stage -- /home/dylan/Seafile/My Library/Temp_Git_Files/bigdale123.github.io/index.html [2ms]
2024-01-19 12:07:40.057 [info] > git cat-file -s eefcee9576e136104d39be2f687781a4319669ec [2ms]
2024-01-19 12:07:40.074 [info] > git show --textconv :index.html [2ms]
2024-01-19 12:07:42.970 [info] > git config --get commit.template [17ms]
2024-01-19 12:07:42.971 [info] > git for-each-ref --format=%(refname)%00%(upstream:short)%00%(objectname)%00%(upstream:track)%00%(upstream:remotename)%00%(upstream:remoteref) refs/heads/main refs/remotes/main [2ms]
2024-01-19 12:07:42.987 [info] > git status -z -uall [3ms]
2024-01-19 12:08:02.155 [info] > git config --get commit.template [13ms]
2024-01-19 12:08:02.157 [info] > git for-each-ref --format=%(refname)%00%(upstream:short)%00%(objectname)%00%(upstream:track)%00%(upstream:remotename)%00%(upstream:remoteref) refs/heads/main refs/remotes/main [3ms]
2024-01-19 12:08:02.172 [info] > git status -z -uall [3ms]
2024-01-19 12:08:02.245 [info] > git ls-files --stage -- /home/dylan/Seafile/My Library/Temp_Git_Files/bigdale123.github.io/index.html [1ms]
2024-01-19 12:08:02.262 [info] > git cat-file -s eefcee9576e136104d39be2f687781a4319669ec [2ms]
2024-01-19 12:08:02.280 [info] > git show --textconv :index.html [4ms]
2024-01-19 12:08:05.141 [info] > git ls-files --stage -- /home/dylan/Seafile/My Library/Temp_Git_Files/bigdale123.github.io/index.html [2ms]
2024-01-19 12:08:05.159 [info] > git cat-file -s 980a0d5f19a64b4b30a87d4206aade58726b60e3 [3ms]
2024-01-19 12:08:05.179 [info] > git show --textconv :index.html [2ms]
2024-01-19 12:08:07.209 [info] > git for-each-ref --format %(refname) %(objectname) %(*objectname) refs/tags [16ms]
2024-01-19 12:08:07.211 [info] > git show -s --format=%H%n%aN%n%aE%n%at%n%ct%n%P%n%D%n%B -z 5870b9710b58ca9cc031d539759a37a8fb69a4e3 [3ms]
2024-01-19 12:08:07.262 [info] > git status -z -uall [32ms]
2024-01-19 12:08:16.195 [info] > git show -s --format=%H%n%aN%n%aE%n%at%n%ct%n%P%n%D%n%B -z HEAD [16ms]
2024-01-19 12:08:16.198 [info] > git show -s --format=%H%n%aN%n%aE%n%at%n%ct%n%P%n%D%n%B -z REBASE_HEAD [4ms]
2024-01-19 12:08:16.279 [info] > git show --textconv :1:index.html [33ms]
2024-01-19 12:08:16.279 [info] > git show --textconv cd19be5eb24d8285fbfacffec8df2bf673cf99d5:index.html [17ms]
2024-01-19 12:08:16.330 [info] > git show --textconv 5870b9710b58ca9cc031d539759a37a8fb69a4e3:index.html [52ms]
2024-01-19 12:08:16.330 [info] > git ls-tree -l cd19be5eb24d8285fbfacffec8df2bf673cf99d5 -- /home/dylan/Seafile/My Library/Temp_Git_Files/bigdale123.github.io/index.html [17ms]
2024-01-19 12:08:16.331 [info] > git ls-tree -l :1 -- /home/dylan/Seafile/My Library/Temp_Git_Files/bigdale123.github.io/index.html [33ms]
2024-01-19 12:08:16.331 [info] fatal: Not a valid object name :1
2024-01-19 12:08:16.333 [info] > git ls-tree -l 5870b9710b58ca9cc031d539759a37a8fb69a4e3 -- /home/dylan/Seafile/My Library/Temp_Git_Files/bigdale123.github.io/index.html [5ms]
2024-01-19 12:08:17.459 [info] > git for-each-ref --format %(refname) %(objectname) %(*objectname) refs/tags [16ms]
2024-01-19 12:08:17.461 [info] > git show -s --format=%H%n%aN%n%aE%n%at%n%ct%n%P%n%D%n%B -z 5870b9710b58ca9cc031d539759a37a8fb69a4e3 [3ms]
2024-01-19 12:08:17.508 [info] > git status -z -uall [31ms]
2024-01-19 12:08:27.070 [info] > git add -A -- /home/dylan/Seafile/My Library/Temp_Git_Files/bigdale123.github.io/index.html [43ms]
2024-01-19 12:08:27.109 [info] > git for-each-ref --format %(refname) %(objectname) %(*objectname) refs/tags [20ms]
2024-01-19 12:08:27.115 [info] > git show -s --format=%H%n%aN%n%aE%n%at%n%ct%n%P%n%D%n%B -z 5870b9710b58ca9cc031d539759a37a8fb69a4e3 [9ms]
2024-01-19 12:08:27.134 [info] > git status -z -uall [3ms]
2024-01-19 12:08:27.583 [info] > git show --textconv :index.html [15ms]
2024-01-19 12:08:27.584 [info] > git ls-files --stage -- /home/dylan/Seafile/My Library/Temp_Git_Files/bigdale123.github.io/index.html [2ms]
2024-01-19 12:08:27.603 [info] > git cat-file -s eefcee9576e136104d39be2f687781a4319669ec [3ms]
2024-01-19 12:08:28.377 [info] > git for-each-ref --format %(refname) %(objectname) %(*objectname) refs/tags [16ms]
2024-01-19 12:08:28.379 [info] > git show -s --format=%H%n%aN%n%aE%n%at%n%ct%n%P%n%D%n%B -z 5870b9710b58ca9cc031d539759a37a8fb69a4e3 [3ms]
2024-01-19 12:08:28.397 [info] > git status -z -uall [3ms]
2024-01-19 12:08:28.466 [info] > git ls-files --stage -- /home/dylan/Seafile/My Library/Temp_Git_Files/bigdale123.github.io/index.html [2ms]
2024-01-19 12:08:28.483 [info] > git cat-file -s eefcee9576e136104d39be2f687781a4319669ec [3ms]
2024-01-19 12:08:28.511 [info] > git show --textconv :index.html [11ms]
2024-01-19 12:08:33.432 [info] > git for-each-ref --format %(refname) %(objectname) %(*objectname) refs/tags [14ms]
2024-01-19 12:08:33.433 [info] > git show -s --format=%H%n%aN%n%aE%n%at%n%ct%n%P%n%D%n%B -z 5870b9710b58ca9cc031d539759a37a8fb69a4e3 [3ms]
2024-01-19 12:08:33.449 [info] > git status -z -uall [3ms]
2024-01-19 12:08:39.866 [info] > git for-each-ref --format %(refname) %(objectname) %(*objectname) refs/tags [12ms]
2024-01-19 12:08:39.868 [info] > git show -s --format=%H%n%aN%n%aE%n%at%n%ct%n%P%n%D%n%B -z 5870b9710b58ca9cc031d539759a37a8fb69a4e3 [3ms]
2024-01-19 12:08:39.883 [info] > git status -z -uall [3ms]
2024-01-19 12:08:39.958 [info] > git ls-files --stage -- /home/dylan/Seafile/My Library/Temp_Git_Files/bigdale123.github.io/index.html [2ms]
2024-01-19 12:08:39.973 [info] > git cat-file -s eefcee9576e136104d39be2f687781a4319669ec [3ms]
2024-01-19 12:08:39.996 [info] > git show --textconv :index.html [9ms]
2024-01-19 12:08:44.713 [info] > git show --textconv :dev/src/routes/+layout.js [18ms]
2024-01-19 12:08:44.715 [info] > git ls-files --stage -- /home/dylan/Seafile/My Library/Temp_Git_Files/bigdale123.github.io/dev/src/routes/+layout.js [2ms]
2024-01-19 12:08:44.732 [info] > git cat-file -s c8cacf0895342e5b27842850d40b3efc28f5a4ab [3ms]
2024-01-19 12:08:44.918 [info] > git for-each-ref --format %(refname) %(objectname) %(*objectname) refs/tags [15ms]
2024-01-19 12:08:44.920 [info] > git show -s --format=%H%n%aN%n%aE%n%at%n%ct%n%P%n%D%n%B -z 5870b9710b58ca9cc031d539759a37a8fb69a4e3 [3ms]
2024-01-19 12:08:44.937 [info] > git status -z -uall [3ms]
2024-01-19 12:08:45.261 [info] > git show --textconv :dev/src/routes/+layout.svelte [15ms]
2024-01-19 12:08:45.264 [info] > git ls-files --stage -- /home/dylan/Seafile/My Library/Temp_Git_Files/bigdale123.github.io/dev/src/routes/+layout.svelte [4ms]
2024-01-19 12:08:45.283 [info] > git cat-file -s 42467b842cdc6f54d0eadcee538123e13afc873d [2ms]
2024-01-19 12:08:49.972 [info] > git for-each-ref --format %(refname) %(objectname) %(*objectname) refs/tags [14ms]
2024-01-19 12:08:49.974 [info] > git show -s --format=%H%n%aN%n%aE%n%at%n%ct%n%P%n%D%n%B -z 5870b9710b58ca9cc031d539759a37a8fb69a4e3 [3ms]
2024-01-19 12:08:49.989 [info] > git status -z -uall [2ms]
2024-01-19 12:09:38.131 [info] > git for-each-ref --format %(refname) %(objectname) %(*objectname) refs/tags [14ms]
2024-01-19 12:09:38.133 [info] > git show -s --format=%H%n%aN%n%aE%n%at%n%ct%n%P%n%D%n%B -z 5870b9710b58ca9cc031d539759a37a8fb69a4e3 [3ms]
2024-01-19 12:09:38.151 [info] > git status -z -uall [2ms]
2024-01-19 12:09:38.216 [info] > git ls-files --stage -- /home/dylan/Seafile/My Library/Temp_Git_Files/bigdale123.github.io/dev/src/routes/+layout.svelte [2ms]
2024-01-19 12:09:38.229 [info] > git cat-file -s a70a3f3c0b095aa33ca770fc6335030cdac8d045 [2ms]
2024-01-19 12:09:38.246 [info] > git show --textconv :dev/src/routes/+layout.svelte [2ms]
2024-01-19 12:09:40.167 [info] > git ls-files --stage -- /home/dylan/Seafile/My Library/Temp_Git_Files/bigdale123.github.io/dev/src/routes/+layout.svelte [1ms]
2024-01-19 12:09:40.180 [info] > git cat-file -s a70a3f3c0b095aa33ca770fc6335030cdac8d045 [1ms]
2024-01-19 12:09:40.197 [info] > git show --textconv :dev/src/routes/+layout.svelte [2ms]
2024-01-19 12:09:43.186 [info] > git for-each-ref --format %(refname) %(objectname) %(*objectname) refs/tags [14ms]
2024-01-19 12:09:43.188 [info] > git show -s --format=%H%n%aN%n%aE%n%at%n%ct%n%P%n%D%n%B -z 5870b9710b58ca9cc031d539759a37a8fb69a4e3 [3ms]
2024-01-19 12:09:43.205 [info] > git status -z -uall [3ms]
2024-01-19 12:09:46.723 [info] > git show --textconv :dev/src/routes/+layout.js [40ms]
2024-01-19 12:09:46.729 [info] > git ls-files --stage -- /home/dylan/Seafile/My Library/Temp_Git_Files/bigdale123.github.io/dev/src/routes/+layout.js [7ms]
2024-01-19 12:09:46.749 [info] > git cat-file -s c8cacf0895342e5b27842850d40b3efc28f5a4ab [3ms]
2024-01-19 12:09:49.733 [info] > git for-each-ref --format %(refname) %(objectname) %(*objectname) refs/tags [13ms]
2024-01-19 12:09:49.735 [info] > git show -s --format=%H%n%aN%n%aE%n%at%n%ct%n%P%n%D%n%B -z 5870b9710b58ca9cc031d539759a37a8fb69a4e3 [3ms]
2024-01-19 12:09:49.752 [info] > git status -z -uall [5ms]
2024-01-19 12:09:49.821 [info] > git ls-files --stage -- /home/dylan/Seafile/My Library/Temp_Git_Files/bigdale123.github.io/dev/src/routes/+layout.js [2ms]
2024-01-19 12:09:49.836 [info] > git cat-file -s c8cacf0895342e5b27842850d40b3efc28f5a4ab [2ms]
2024-01-19 12:09:49.863 [info] > git show --textconv :dev/src/routes/+layout.js [12ms]
2024-01-19 12:09:54.786 [info] > git for-each-ref --format %(refname) %(objectname) %(*objectname) refs/tags [15ms]
2024-01-19 12:09:54.788 [info] > git show -s --format=%H%n%aN%n%aE%n%at%n%ct%n%P%n%D%n%B -z 5870b9710b58ca9cc031d539759a37a8fb69a4e3 [3ms]
2024-01-19 12:09:54.803 [info] > git status -z -uall [3ms]
2024-01-19 12:10:17.195 [info] > git for-each-ref --format %(refname) %(objectname) %(*objectname) refs/tags [15ms]
2024-01-19 12:10:17.197 [info] > git show -s --format=%H%n%aN%n%aE%n%at%n%ct%n%P%n%D%n%B -z 5870b9710b58ca9cc031d539759a37a8fb69a4e3 [2ms]
2024-01-19 12:10:17.212 [info] > git status -z -uall [3ms]
2024-01-19 12:10:17.281 [info] > git ls-files --stage -- /home/dylan/Seafile/My Library/Temp_Git_Files/bigdale123.github.io/dev/src/routes/+layout.js [2ms]
2024-01-19 12:10:17.295 [info] > git cat-file -s c8cacf0895342e5b27842850d40b3efc28f5a4ab [2ms]
2024-01-19 12:10:17.321 [info] > git show --textconv :dev/src/routes/+layout.js [10ms]
2024-01-19 12:10:22.249 [info] > git for-each-ref --format %(refname) %(objectname) %(*objectname) refs/tags [13ms]
2024-01-19 12:10:22.251 [info] > git show -s --format=%H%n%aN%n%aE%n%at%n%ct%n%P%n%D%n%B -z 5870b9710b58ca9cc031d539759a37a8fb69a4e3 [3ms]
2024-01-19 12:10:22.267 [info] > git status -z -uall [3ms]
2024-01-19 12:10:32.536 [info] > git for-each-ref --format %(refname) %(objectname) %(*objectname) refs/tags [13ms]
2024-01-19 12:10:32.538 [info] > git show -s --format=%H%n%aN%n%aE%n%at%n%ct%n%P%n%D%n%B -z 5870b9710b58ca9cc031d539759a37a8fb69a4e3 [3ms]
2024-01-19 12:10:32.553 [info] > git status -z -uall [3ms]
2024-01-19 12:10:32.625 [info] > git ls-files --stage -- /home/dylan/Seafile/My Library/Temp_Git_Files/bigdale123.github.io/dev/src/routes/+layout.js [2ms]
2024-01-19 12:10:32.643 [info] > git cat-file -s c8cacf0895342e5b27842850d40b3efc28f5a4ab [2ms]
2024-01-19 12:10:32.668 [info] > git show --textconv :dev/src/routes/+layout.js [8ms]
2024-01-19 12:10:37.588 [info] > git for-each-ref --format %(refname) %(objectname) %(*objectname) refs/tags [12ms]
2024-01-19 12:10:37.590 [info] > git show -s --format=%H%n%aN%n%aE%n%at%n%ct%n%P%n%D%n%B -z 5870b9710b58ca9cc031d539759a37a8fb69a4e3 [2ms]
2024-01-19 12:10:37.605 [info] > git status -z -uall [3ms]
2024-01-19 12:10:42.641 [info] > git config --get commit.template [17ms]
2024-01-19 12:10:42.654 [info] > git ls-files --stage -- /home/dylan/Seafile/My Library/Temp_Git_Files/bigdale123.github.io/dev/src/routes/+layout.js [14ms]
2024-01-19 12:10:42.667 [info] > git for-each-ref --format=%(refname)%00%(upstream:short)%00%(objectname)%00%(upstream:track)%00%(upstream:remotename)%00%(upstream:remoteref) refs/heads/main refs/remotes/main [13ms]
2024-01-19 12:10:42.668 [info] > git cat-file -s c8cacf0895342e5b27842850d40b3efc28f5a4ab [2ms]
2024-01-19 12:10:42.698 [info] > git status -z -uall [15ms]
2024-01-19 12:10:42.704 [info] > git show --textconv :dev/src/routes/+layout.js [7ms]
2024-01-19 12:11:04.023 [info] > git config --get commit.template [16ms]
2024-01-19 12:11:04.024 [info] > git for-each-ref --format=%(refname)%00%(upstream:short)%00%(objectname)%00%(upstream:track)%00%(upstream:remotename)%00%(upstream:remoteref) refs/heads/main refs/remotes/main [2ms]
2024-01-19 12:11:04.040 [info] > git status -z -uall [2ms]
2024-01-19 12:11:04.111 [info] > git ls-files --stage -- /home/dylan/Seafile/My Library/Temp_Git_Files/bigdale123.github.io/dev/src/routes/+layout.js [1ms]
2024-01-19 12:11:04.129 [info] > git cat-file -s c8cacf0895342e5b27842850d40b3efc28f5a4ab [3ms]
2024-01-19 12:11:04.149 [info] > git show --textconv :dev/src/routes/+layout.js [5ms]
2024-01-19 12:11:09.080 [info] > git config --get commit.template [16ms]
2024-01-19 12:11:09.081 [info] > git for-each-ref --format=%(refname)%00%(upstream:short)%00%(objectname)%00%(upstream:track)%00%(upstream:remotename)%00%(upstream:remoteref) refs/heads/main refs/remotes/main [3ms]
2024-01-19 12:11:09.098 [info] > git status -z -uall [3ms]
2024-01-19 12:11:10.796 [info] > git ls-files --stage -- /home/dylan/Seafile/My Library/Temp_Git_Files/bigdale123.github.io/dev/src/routes/+layout.js [2ms]
2024-01-19 12:11:10.811 [info] > git cat-file -s c8cacf0895342e5b27842850d40b3efc28f5a4ab [2ms]
2024-01-19 12:11:10.828 [info] > git show --textconv :dev/src/routes/+layout.js [2ms]
2024-01-19 12:11:13.098 [info] > git ls-files --stage -- /home/dylan/Seafile/My Library/Temp_Git_Files/bigdale123.github.io/dev/src/routes/+layout.js [2ms]
2024-01-19 12:11:13.112 [info] > git cat-file -s c8cacf0895342e5b27842850d40b3efc28f5a4ab [2ms]
2024-01-19 12:11:13.129 [info] > git show --textconv :dev/src/routes/+layout.js [2ms]
2024-01-19 12:11:14.133 [info] > git config --get commit.template [16ms]
2024-01-19 12:11:14.134 [info] > git for-each-ref --format=%(refname)%00%(upstream:short)%00%(objectname)%00%(upstream:track)%00%(upstream:remotename)%00%(upstream:remoteref) refs/heads/main refs/remotes/main [3ms]
2024-01-19 12:11:14.152 [info] > git status -z -uall [4ms]
2024-01-19 12:13:21.561 [info] > git config --get commit.template [24ms]
2024-01-19 12:13:21.581 [info] > git ls-files --stage -- /home/dylan/Seafile/My Library/Temp_Git_Files/bigdale123.github.io/dev/src/routes/+layout.js [24ms]
2024-01-19 12:13:21.604 [info] > git cat-file -s c8cacf0895342e5b27842850d40b3efc28f5a4ab [1ms]
2024-01-19 12:13:21.605 [info] > git for-each-ref --format=%(refname)%00%(upstream:short)%00%(objectname)%00%(upstream:track)%00%(upstream:remotename)%00%(upstream:remoteref) refs/heads/main refs/remotes/main [25ms]
2024-01-19 12:13:21.647 [info] > git status -z -uall [21ms]
2024-01-19 12:13:21.654 [info] > git show --textconv :dev/src/routes/+layout.js [8ms]
2024-01-19 12:13:35.623 [info] > git show --textconv :resume.html [16ms]
2024-01-19 12:13:35.625 [info] > git ls-files --stage -- /home/dylan/Seafile/My Library/Temp_Git_Files/bigdale123.github.io/resume.html [3ms]
2024-01-19 12:13:35.639 [info] > git cat-file -s fb5e7475d1914f3a1eae4364d59820a5bad84864 [2ms]
2024-01-19 12:14:21.221 [info] > git check-ignore -v -z --stdin [2ms]
2024-01-19 12:14:22.287 [info] > git config --get commit.template [17ms]
2024-01-19 12:14:22.288 [info] > git for-each-ref --format=%(refname)%00%(upstream:short)%00%(objectname)%00%(upstream:track)%00%(upstream:remotename)%00%(upstream:remoteref) refs/heads/main refs/remotes/main [2ms]
2024-01-19 12:14:22.309 [info] > git status -z -uall [4ms]
2024-01-19 12:14:27.351 [info] > git config --get commit.template [19ms]
2024-01-19 12:14:27.354 [info] > git for-each-ref --format=%(refname)%00%(upstream:short)%00%(objectname)%00%(upstream:track)%00%(upstream:remotename)%00%(upstream:remoteref) refs/heads/main refs/remotes/main [4ms]
2024-01-19 12:14:27.372 [info] > git status -z -uall [3ms]
2024-01-19 12:15:02.273 [info] > git show --textconv :dev/tailwind.config.js [16ms]
2024-01-19 12:15:02.276 [info] > git ls-files --stage -- /home/dylan/Seafile/My Library/Temp_Git_Files/bigdale123.github.io/dev/tailwind.config.js [5ms]
2024-01-19 12:15:02.295 [info] > git cat-file -s 13207ccbb9263973d5f4a01049b2c665b11c269a [4ms]
2024-01-19 12:15:03.005 [info] > git show --textconv :dev/svelte.config.js [14ms]
2024-01-19 12:15:03.007 [info] > git ls-files --stage -- /home/dylan/Seafile/My Library/Temp_Git_Files/bigdale123.github.io/dev/svelte.config.js [2ms]
2024-01-19 12:15:03.023 [info] > git cat-file -s 2c17874bbf12eb5a35692ea62db644801a1f6825 [4ms]
2024-01-19 12:15:21.587 [info] > git config --get commit.template [3ms]
2024-01-19 12:15:21.605 [info] > git for-each-ref --format=%(refname)%00%(upstream:short)%00%(objectname)%00%(upstream:track)%00%(upstream:remotename)%00%(upstream:remoteref) refs/heads/main refs/remotes/main [2ms]
2024-01-19 12:15:21.627 [info] > git status -z -uall [4ms]
2024-01-19 12:15:57.392 [info] > git config --get commit.template [4ms]
2024-01-19 12:15:57.410 [info] > git for-each-ref --format=%(refname)%00%(upstream:short)%00%(objectname)%00%(upstream:track)%00%(upstream:remotename)%00%(upstream:remoteref) refs/heads/main refs/remotes/main [3ms]
2024-01-19 12:15:57.431 [info] > git status -z -uall [4ms]
2024-01-19 12:16:08.145 [info] > git check-ignore -v -z --stdin [2ms]
2024-01-19 12:16:09.601 [info] > git config --get commit.template [18ms]
2024-01-19 12:16:09.602 [info] > git for-each-ref --format=%(refname)%00%(upstream:short)%00%(objectname)%00%(upstream:track)%00%(upstream:remotename)%00%(upstream:remoteref) refs/heads/main refs/remotes/main [3ms]
2024-01-19 12:16:09.621 [info] > git status -z -uall [3ms]
2024-01-19 12:16:21.632 [info] > git config --get commit.template [2ms]
2024-01-19 12:16:21.658 [info] > git for-each-ref --format=%(refname)%00%(upstream:short)%00%(objectname)%00%(upstream:track)%00%(upstream:remotename)%00%(upstream:remoteref) refs/heads/main refs/remotes/main [3ms]
2024-01-19 12:16:21.682 [info] > git status -z -uall [3ms]
2024-01-19 12:16:27.895 [info] > git check-ignore -v -z --stdin [2ms]
2024-01-19 12:16:29.010 [info] > git config --get commit.template [17ms]
2024-01-19 12:16:29.011 [info] > git for-each-ref --format=%(refname)%00%(upstream:short)%00%(objectname)%00%(upstream:track)%00%(upstream:remotename)%00%(upstream:remoteref) refs/heads/main refs/remotes/main [2ms]
2024-01-19 12:16:29.029 [info] > git status -z -uall [3ms]
2024-01-19 12:16:34.067 [info] > git config --get commit.template [18ms]
2024-01-19 12:16:34.069 [info] > git for-each-ref --format=%(refname)%00%(upstream:short)%00%(objectname)%00%(upstream:track)%00%(upstream:remotename)%00%(upstream:remoteref) refs/heads/main refs/remotes/main [3ms]
2024-01-19 12:16:34.089 [info] > git status -z -uall [3ms]
2024-01-19 12:16:50.080 [info] > git show --textconv :dev/svelte.config.js [16ms]
2024-01-19 12:16:50.082 [info] > git ls-files --stage -- /home/dylan/Seafile/My Library/Temp_Git_Files/bigdale123.github.io/dev/svelte.config.js [3ms]
2024-01-19 12:16:50.100 [info] > git cat-file -s 2c17874bbf12eb5a35692ea62db644801a1f6825 [3ms]
2024-01-19 12:16:50.970 [info] > git config --get commit.template [15ms]
2024-01-19 12:16:50.971 [info] > git for-each-ref --format=%(refname)%00%(upstream:short)%00%(objectname)%00%(upstream:track)%00%(upstream:remotename)%00%(upstream:remoteref) refs/heads/main refs/remotes/main [2ms]
2024-01-19 12:16:50.988 [info] > git status -z -uall [3ms]
2024-01-19 12:16:56.023 [info] > git config --get commit.template [16ms]
2024-01-19 12:16:56.025 [info] > git for-each-ref --format=%(refname)%00%(upstream:short)%00%(objectname)%00%(upstream:track)%00%(upstream:remotename)%00%(upstream:remoteref) refs/heads/main refs/remotes/main [3ms]
2024-01-19 12:16:56.044 [info] > git status -z -uall [3ms]
2024-01-19 12:17:00.132 [info] > git check-ignore -v -z --stdin [2ms]
2024-01-19 12:17:01.088 [info] > git config --get commit.template [20ms]
2024-01-19 12:17:01.090 [info] > git for-each-ref --format=%(refname)%00%(upstream:short)%00%(objectname)%00%(upstream:track)%00%(upstream:remotename)%00%(upstream:remoteref) refs/heads/main refs/remotes/main [2ms]
2024-01-19 12:17:01.140 [info] > git status -z -uall [32ms]
2024-01-19 12:17:16.440 [info] > git config --get commit.template [16ms]
2024-01-19 12:17:16.442 [info] > git for-each-ref --format=%(refname)%00%(upstream:short)%00%(objectname)%00%(upstream:track)%00%(upstream:remotename)%00%(upstream:remoteref) refs/heads/main refs/remotes/main [3ms]
2024-01-19 12:17:16.457 [info] > git status -z -uall [3ms]
2024-01-19 12:18:46.104 [info] > git config --get commit.template [3ms]
2024-01-19 12:18:46.128 [info] > git for-each-ref --format=%(refname)%00%(upstream:short)%00%(objectname)%00%(upstream:track)%00%(upstream:remotename)%00%(upstream:remoteref) refs/heads/main refs/remotes/main [4ms]
2024-01-19 12:18:46.150 [info] > git status -z -uall [3ms]
2024-01-19 12:18:48.079 [info] > git show --textconv :dev/svelte.config.js [17ms]
2024-01-19 12:18:48.081 [info] > git ls-files --stage -- /home/dylan/Seafile/My Library/Temp_Git_Files/bigdale123.github.io/dev/svelte.config.js [3ms]
2024-01-19 12:18:48.099 [info] > git cat-file -s f11f300726771c7a99d0d0ccdb0fc5cff311c7d5 [4ms]
2024-01-19 12:18:48.909 [info] > git show --textconv :dev/tailwind.config.js [15ms]
2024-01-19 12:18:48.911 [info] > git ls-files --stage -- /home/dylan/Seafile/My Library/Temp_Git_Files/bigdale123.github.io/dev/tailwind.config.js [3ms]
2024-01-19 12:18:48.929 [info] > git cat-file -s 13207ccbb9263973d5f4a01049b2c665b11c269a [3ms]
2024-01-19 12:18:49.737 [info] > git show --textconv :dev/src/routes/+layout.js [16ms]
2024-01-19 12:18:49.739 [info] > git ls-files --stage -- /home/dylan/Seafile/My Library/Temp_Git_Files/bigdale123.github.io/dev/src/routes/+layout.js [3ms]
2024-01-19 12:18:49.755 [info] > git cat-file -s c8cacf0895342e5b27842850d40b3efc28f5a4ab [3ms]
2024-01-19 12:19:18.598 [info] > git show --textconv :dev/src/routes/+layout.svelte [17ms]
2024-01-19 12:19:18.600 [info] > git ls-files --stage -- /home/dylan/Seafile/My Library/Temp_Git_Files/bigdale123.github.io/dev/src/routes/+layout.svelte [3ms]
2024-01-19 12:19:18.617 [info] > git cat-file -s a70a3f3c0b095aa33ca770fc6335030cdac8d045 [4ms]
2024-01-19 12:19:20.649 [info] > git show --textconv :dev/src/routes/+layout.js [17ms]
2024-01-19 12:19:20.651 [info] > git ls-files --stage -- /home/dylan/Seafile/My Library/Temp_Git_Files/bigdale123.github.io/dev/src/routes/+layout.js [3ms]
2024-01-19 12:19:20.667 [info] > git cat-file -s c8cacf0895342e5b27842850d40b3efc28f5a4ab [2ms]
2024-01-19 12:19:24.664 [info] > git show --textconv :dev/src/app.css [17ms]
2024-01-19 12:19:24.665 [info] > git ls-files --stage -- /home/dylan/Seafile/My Library/Temp_Git_Files/bigdale123.github.io/dev/src/app.css [2ms]
2024-01-19 12:19:24.683 [info] > git cat-file -s bd6213e1dfe6b0a79ce7d8b37d0d2dc70f0250bb [3ms]
2024-01-19 12:19:26.659 [info] > git show --textconv :dev/src/routes/+page.svelte [15ms]
2024-01-19 12:19:26.661 [info] > git ls-files --stage -- /home/dylan/Seafile/My Library/Temp_Git_Files/bigdale123.github.io/dev/src/routes/+page.svelte [3ms]
2024-01-19 12:19:26.677 [info] > git cat-file -s dac5eb290f159effd87a3bf15393bc8793b30001 [3ms]
2024-01-19 12:19:32.983 [info] > git config --get commit.template [20ms]
2024-01-19 12:19:32.986 [info] > git for-each-ref --format=%(refname)%00%(upstream:short)%00%(objectname)%00%(upstream:track)%00%(upstream:remotename)%00%(upstream:remoteref) refs/heads/main refs/remotes/main [4ms]
2024-01-19 12:19:33.012 [info] > git status -z -uall [4ms]
2024-01-19 12:19:33.923 [info] > git show --textconv :dev/src/routes/resume/+page.svelte [12ms]
2024-01-19 12:19:33.925 [info] > git ls-files --stage -- /home/dylan/Seafile/My Library/Temp_Git_Files/bigdale123.github.io/dev/src/routes/resume/+page.svelte [3ms]
2024-01-19 12:19:33.942 [info] > git cat-file -s ed81a0477fe167deaea4a8c3f7498f65ef784a93 [2ms]
2024-01-19 12:19:42.413 [info] > git config --get commit.template [1ms]
2024-01-19 12:19:42.445 [info] > git for-each-ref --format=%(refname)%00%(upstream:short)%00%(objectname)%00%(upstream:track)%00%(upstream:remotename)%00%(upstream:remoteref) refs/heads/main refs/remotes/main [8ms]
2024-01-19 12:19:42.480 [info] > git status -z -uall [4ms]
2024-01-19 12:19:43.157 [info] > git show --textconv :dev/src/routes/projects/+page.svelte [23ms]
2024-01-19 12:19:43.159 [info] > git ls-files --stage -- /home/dylan/Seafile/My Library/Temp_Git_Files/bigdale123.github.io/dev/src/routes/projects/+page.svelte [3ms]
2024-01-19 12:19:43.176 [info] > git cat-file -s 65031c1e439b4e5659e4b6ae9db5af03b29a8f47 [3ms]
2024-01-19 12:19:50.665 [info] > git config --get commit.template [18ms]
2024-01-19 12:19:50.667 [info] > git for-each-ref --format=%(refname)%00%(upstream:short)%00%(objectname)%00%(upstream:track)%00%(upstream:remotename)%00%(upstream:remoteref) refs/heads/main refs/remotes/main [3ms]
2024-01-19 12:19:50.689 [info] > git status -z -uall [5ms]
2024-01-19 12:20:03.466 [info] > git check-ignore -v -z --stdin [3ms]
2024-01-19 12:20:04.546 [info] > git config --get commit.template [19ms]
2024-01-19 12:20:04.548 [info] > git for-each-ref --format=%(refname)%00%(upstream:short)%00%(objectname)%00%(upstream:track)%00%(upstream:remotename)%00%(upstream:remoteref) refs/heads/main refs/remotes/main [4ms]
2024-01-19 12:20:04.569 [info] > git status -z -uall [3ms]
2024-01-19 12:20:09.604 [info] > git config --get commit.template [14ms]
2024-01-19 12:20:09.605 [info] > git for-each-ref --format=%(refname)%00%(upstream:short)%00%(objectname)%00%(upstream:track)%00%(upstream:remotename)%00%(upstream:remoteref) refs/heads/main refs/remotes/main [3ms]
2024-01-19 12:20:09.626 [info] > git status -z -uall [4ms]
2024-01-19 12:20:28.953 [info] > git show --textconv :dev/src/routes/resume/+page.svelte [19ms]
2024-01-19 12:20:28.956 [info] > git ls-files --stage -- /home/dylan/Seafile/My Library/Temp_Git_Files/bigdale123.github.io/dev/src/routes/resume/+page.svelte [3ms]
2024-01-19 12:20:28.978 [info] > git cat-file -s ed81a0477fe167deaea4a8c3f7498f65ef784a93 [3ms]
2024-01-19 12:20:33.159 [info] > git show --textconv :dev/src/routes/+layout.svelte [15ms]
2024-01-19 12:20:33.160 [info] > git ls-files --stage -- /home/dylan/Seafile/My Library/Temp_Git_Files/bigdale123.github.io/dev/src/routes/+layout.svelte [2ms]
2024-01-19 12:20:33.180 [info] > git cat-file -s a70a3f3c0b095aa33ca770fc6335030cdac8d045 [4ms]
2024-01-19 12:20:35.150 [info] > git show --textconv :dev/src/routes/+page.svelte [15ms]
2024-01-19 12:20:35.152 [info] > git ls-files --stage -- /home/dylan/Seafile/My Library/Temp_Git_Files/bigdale123.github.io/dev/src/routes/+page.svelte [2ms]
2024-01-19 12:20:35.168 [info] > git cat-file -s dac5eb290f159effd87a3bf15393bc8793b30001 [3ms]
2024-01-19 12:20:42.733 [info] > git show --textconv :dev/src/routes/+layout.js [17ms]
2024-01-19 12:20:42.735 [info] > git ls-files --stage -- /home/dylan/Seafile/My Library/Temp_Git_Files/bigdale123.github.io/dev/src/routes/+layout.js [3ms]
2024-01-19 12:20:42.756 [info] > git cat-file -s c8cacf0895342e5b27842850d40b3efc28f5a4ab [5ms]
2024-01-19 12:20:43.981 [info] > git show --textconv :dev/src/routes/+layout.svelte [14ms]
2024-01-19 12:20:43.984 [info] > git ls-files --stage -- /home/dylan/Seafile/My Library/Temp_Git_Files/bigdale123.github.io/dev/src/routes/+layout.svelte [2ms]
2024-01-19 12:20:44.000 [info] > git cat-file -s a70a3f3c0b095aa33ca770fc6335030cdac8d045 [2ms]
2024-01-19 12:20:45.362 [info] > git show --textconv :dev/src/routes/+layout.js [18ms]
2024-01-19 12:20:45.364 [info] > git ls-files --stage -- /home/dylan/Seafile/My Library/Temp_Git_Files/bigdale123.github.io/dev/src/routes/+layout.js [3ms]
2024-01-19 12:20:45.382 [info] > git cat-file -s c8cacf0895342e5b27842850d40b3efc28f5a4ab [4ms]
2024-01-19 12:20:57.150 [info] > git show --textconv :dev/src/routes/resume/+page.svelte [17ms]
2024-01-19 12:20:57.152 [info] > git ls-files --stage -- /home/dylan/Seafile/My Library/Temp_Git_Files/bigdale123.github.io/dev/src/routes/resume/+page.svelte [2ms]
2024-01-19 12:20:57.172 [info] > git cat-file -s ed81a0477fe167deaea4a8c3f7498f65ef784a93 [2ms]
2024-01-19 12:20:58.022 [info] > git show --textconv :dev/src/routes/projects/+page.svelte [15ms]
2024-01-19 12:20:58.023 [info] > git ls-files --stage -- /home/dylan/Seafile/My Library/Temp_Git_Files/bigdale123.github.io/dev/src/routes/projects/+page.svelte [2ms]
2024-01-19 12:20:58.041 [info] > git cat-file -s 65031c1e439b4e5659e4b6ae9db5af03b29a8f47 [3ms]
2024-01-19 12:20:59.303 [info] > git show --textconv :dev/src/routes/+page.svelte [45ms]
2024-01-19 12:20:59.304 [info] > git ls-files --stage -- /home/dylan/Seafile/My Library/Temp_Git_Files/bigdale123.github.io/dev/src/routes/+page.svelte [24ms]
2024-01-19 12:20:59.327 [info] > git cat-file -s dac5eb290f159effd87a3bf15393bc8793b30001 [5ms]
2024-01-19 12:20:59.329 [info] > git config --get commit.template [26ms]
2024-01-19 12:20:59.349 [info] > git for-each-ref --format=%(refname)%00%(upstream:short)%00%(objectname)%00%(upstream:track)%00%(upstream:remotename)%00%(upstream:remoteref) refs/heads/main refs/remotes/main [4ms]
2024-01-19 12:20:59.370 [info] > git status -z -uall [4ms]
2024-01-19 12:21:04.409 [info] > git config --get commit.template [17ms]
2024-01-19 12:21:04.410 [info] > git for-each-ref --format=%(refname)%00%(upstream:short)%00%(objectname)%00%(upstream:track)%00%(upstream:remotename)%00%(upstream:remoteref) refs/heads/main refs/remotes/main [2ms]
2024-01-19 12:21:04.428 [info] > git status -z -uall [4ms]
2024-01-19 12:21:04.500 [info] > git check-ignore -v -z --stdin [2ms]
2024-01-19 12:21:09.465 [info] > git config --get commit.template [16ms]
2024-01-19 12:21:09.466 [info] > git for-each-ref --format=%(refname)%00%(upstream:short)%00%(objectname)%00%(upstream:track)%00%(upstream:remotename)%00%(upstream:remoteref) refs/heads/main refs/remotes/main [3ms]
2024-01-19 12:21:09.484 [info] > git status -z -uall [4ms]
2024-01-19 12:21:14.518 [info] > git config --get commit.template [14ms]
2024-01-19 12:21:14.519 [info] > git for-each-ref --format=%(refname)%00%(upstream:short)%00%(objectname)%00%(upstream:track)%00%(upstream:remotename)%00%(upstream:remoteref) refs/heads/main refs/remotes/main [2ms]
2024-01-19 12:21:14.534 [info] > git status -z -uall [3ms]
2024-01-19 12:22:43.309 [info] > git show --textconv :projects.html [12ms]
2024-01-19 12:22:43.312 [info] > git ls-files --stage -- /home/dylan/Seafile/My Library/Temp_Git_Files/bigdale123.github.io/projects.html [2ms]
2024-01-19 12:22:43.327 [info] > git cat-file -s 156e2451cbb76b340702cf95084ad189b83a0837 [2ms]
2024-01-19 12:23:01.659 [info] > git config --get commit.template [20ms]
2024-01-19 12:23:01.661 [info] > git for-each-ref --format=%(refname)%00%(upstream:short)%00%(objectname)%00%(upstream:track)%00%(upstream:remotename)%00%(upstream:remoteref) refs/heads/main refs/remotes/main [3ms]
2024-01-19 12:23:01.684 [info] > git status -z -uall [5ms]
2024-01-19 12:23:06.721 [info] > git config --get commit.template [16ms]
2024-01-19 12:23:06.722 [info] > git for-each-ref --format=%(refname)%00%(upstream:short)%00%(objectname)%00%(upstream:track)%00%(upstream:remotename)%00%(upstream:remoteref) refs/heads/main refs/remotes/main [2ms]
2024-01-19 12:23:06.740 [info] > git status -z -uall [4ms]
2024-01-19 12:23:22.265 [info] > git config --get commit.template [2ms]
2024-01-19 12:23:22.281 [info] > git for-each-ref --format=%(refname)%00%(upstream:short)%00%(objectname)%00%(upstream:track)%00%(upstream:remotename)%00%(upstream:remoteref) refs/heads/main refs/remotes/main [1ms]
2024-01-19 12:23:22.300 [info] > git status -z -uall [4ms]
2024-01-19 12:23:22.367 [info] > git ls-files --stage -- /home/dylan/Seafile/My Library/Temp_Git_Files/bigdale123.github.io/projects.html [3ms]
2024-01-19 12:23:22.382 [info] > git cat-file -s 156e2451cbb76b340702cf95084ad189b83a0837 [3ms]
2024-01-19 12:23:22.406 [info] > git show --textconv :projects.html [6ms]
2024-01-19 12:23:31.194 [info] > git config --get commit.template [15ms]
2024-01-19 12:23:31.195 [info] > git for-each-ref --format=%(refname)%00%(upstream:short)%00%(objectname)%00%(upstream:track)%00%(upstream:remotename)%00%(upstream:remoteref) refs/heads/main refs/remotes/main [2ms]
2024-01-19 12:23:31.212 [info] > git status -z -uall [3ms]
2024-01-19 12:23:31.282 [info] > git ls-files --stage -- /home/dylan/Seafile/My Library/Temp_Git_Files/bigdale123.github.io/projects.html [2ms]
2024-01-19 12:23:31.297 [info] > git cat-file -s 156e2451cbb76b340702cf95084ad189b83a0837 [2ms]
2024-01-19 12:23:31.311 [info] > git show --textconv :projects.html [2ms]
2024-01-19 12:23:39.257 [info] > git config --get commit.template [18ms]
2024-01-19 12:23:39.274 [info] > git ls-files --stage -- /home/dylan/Seafile/My Library/Temp_Git_Files/bigdale123.github.io/projects.html [18ms]
2024-01-19 12:23:39.291 [info] > git for-each-ref --format=%(refname)%00%(upstream:short)%00%(objectname)%00%(upstream:track)%00%(upstream:remotename)%00%(upstream:remoteref) refs/heads/main refs/remotes/main [18ms]
2024-01-19 12:23:39.292 [info] > git cat-file -s 156e2451cbb76b340702cf95084ad189b83a0837 [3ms]
2024-01-19 12:23:39.316 [info] > git status -z -uall [4ms]
2024-01-19 12:23:39.340 [info] > git show --textconv :projects.html [2ms]
2024-01-19 12:24:49.775 [info] > git show --textconv :dev/src/app.css [15ms]
2024-01-19 12:24:49.777 [info] > git ls-files --stage -- /home/dylan/Seafile/My Library/Temp_Git_Files/bigdale123.github.io/dev/src/app.css [3ms]
2024-01-19 12:24:49.792 [info] > git cat-file -s bd6213e1dfe6b0a79ce7d8b37d0d2dc70f0250bb [2ms]
2024-01-19 12:26:08.702 [info] > git show --textconv :dev/src/app.css [15ms]
2024-01-19 12:26:08.704 [info] > git ls-files --stage -- /home/dylan/Seafile/My Library/Temp_Git_Files/bigdale123.github.io/dev/src/app.css [3ms]
2024-01-19 12:26:08.721 [info] > git cat-file -s bd6213e1dfe6b0a79ce7d8b37d0d2dc70f0250bb [3ms]
2024-01-19 12:26:09.584 [info] > git config --get commit.template [15ms]
2024-01-19 12:26:09.586 [info] > git for-each-ref --format=%(refname)%00%(upstream:short)%00%(objectname)%00%(upstream:track)%00%(upstream:remotename)%00%(upstream:remoteref) refs/heads/main refs/remotes/main [3ms]
2024-01-19 12:26:09.603 [info] > git status -z -uall [3ms]
2024-01-19 12:26:14.637 [info] > git config --get commit.template [15ms]
2024-01-19 12:26:14.638 [info] > git for-each-ref --format=%(refname)%00%(upstream:short)%00%(objectname)%00%(upstream:track)%00%(upstream:remotename)%00%(upstream:remoteref) refs/heads/main refs/remotes/main [2ms]
2024-01-19 12:26:14.655 [info] > git status -z -uall [3ms]
2024-01-19 12:26:20.871 [info] > git check-ignore -v -z --stdin [2ms]
2024-01-19 12:26:21.943 [info] > git config --get commit.template [17ms]
2024-01-19 12:26:21.943 [info] > git for-each-ref --format=%(refname)%00%(upstream:short)%00%(objectname)%00%(upstream:track)%00%(upstream:remotename)%00%(upstream:remoteref) refs/heads/main refs/remotes/main [2ms]
2024-01-19 12:26:21.963 [info] > git status -z -uall [2ms]
2024-01-19 12:26:26.985 [info] > git config --get commit.template [1ms]
2024-01-19 12:26:27.001 [info] > git for-each-ref --format=%(refname)%00%(upstream:short)%00%(objectname)%00%(upstream:track)%00%(upstream:remotename)%00%(upstream:remoteref) refs/heads/main refs/remotes/main [3ms]
2024-01-19 12:26:27.019 [info] > git status -z -uall [3ms]
2024-01-19 12:26:34.798 [info] > git config --get commit.template [16ms]
2024-01-19 12:26:34.799 [info] > git for-each-ref --format=%(refname)%00%(upstream:short)%00%(objectname)%00%(upstream:track)%00%(upstream:remotename)%00%(upstream:remoteref) refs/heads/main refs/remotes/main [2ms]
2024-01-19 12:26:34.843 [info] > git status -z -uall [29ms]
2024-01-19 12:26:46.505 [info] > git config --get commit.template [15ms]
2024-01-19 12:26:46.506 [info] > git for-each-ref --format=%(refname)%00%(upstream:short)%00%(objectname)%00%(upstream:track)%00%(upstream:remotename)%00%(upstream:remoteref) refs/heads/main refs/remotes/main [2ms]
2024-01-19 12:26:46.525 [info] > git status -z -uall [4ms]
2024-01-19 12:26:46.587 [info] > git ls-files --stage -- /home/dylan/Seafile/My Library/Temp_Git_Files/bigdale123.github.io/dev/src/app.css [1ms]
2024-01-19 12:26:46.603 [info] > git cat-file -s bd6213e1dfe6b0a79ce7d8b37d0d2dc70f0250bb [2ms]
2024-01-19 12:26:46.621 [info] > git show --textconv :dev/src/app.css [2ms]
2024-01-19 12:26:57.662 [info] > git config --get commit.template [14ms]
2024-01-19 12:26:57.664 [info] > git for-each-ref --format=%(refname)%00%(upstream:short)%00%(objectname)%00%(upstream:track)%00%(upstream:remotename)%00%(upstream:remoteref) refs/heads/main refs/remotes/main [3ms]
2024-01-19 12:26:57.682 [info] > git status -z -uall [3ms]
2024-01-19 12:26:57.751 [info] > git ls-files --stage -- /home/dylan/Seafile/My Library/Temp_Git_Files/bigdale123.github.io/dev/src/app.css [2ms]
2024-01-19 12:26:57.766 [info] > git cat-file -s bd6213e1dfe6b0a79ce7d8b37d0d2dc70f0250bb [2ms]
2024-01-19 12:26:57.787 [info] > git show --textconv :dev/src/app.css [3ms]
2024-01-19 12:28:55.701 [info] > git config --get commit.template [1ms]
2024-01-19 12:28:55.744 [info] > git ls-files --stage -- /home/dylan/Seafile/My Library/Temp_Git_Files/bigdale123.github.io/dev/src/app.css [20ms]
2024-01-19 12:28:55.760 [info] > git for-each-ref --format=%(refname)%00%(upstream:short)%00%(objectname)%00%(upstream:track)%00%(upstream:remotename)%00%(upstream:remoteref) refs/heads/main refs/remotes/main [17ms]
2024-01-19 12:28:55.761 [info] > git cat-file -s bd6213e1dfe6b0a79ce7d8b37d0d2dc70f0250bb [2ms]
2024-01-19 12:28:55.794 [info] > git status -z -uall [17ms]
2024-01-19 12:28:55.800 [info] > git show --textconv :dev/src/app.css [7ms]
2024-01-19 12:29:04.045 [info] > git check-ignore -v -z --stdin [2ms]
2024-01-19 12:29:04.617 [info] > git config --get commit.template [16ms]
2024-01-19 12:29:04.618 [info] > git for-each-ref --format=%(refname)%00%(upstream:short)%00%(objectname)%00%(upstream:track)%00%(upstream:remotename)%00%(upstream:remoteref) refs/heads/main refs/remotes/main [2ms]
2024-01-19 12:29:04.636 [info] > git status -z -uall [4ms]
2024-01-19 12:29:08.706 [info] > git show --textconv :Dylan_Calvin.pdf [17ms]
2024-01-19 12:29:08.708 [info] > git ls-files --stage -- /home/dylan/Seafile/My Library/Temp_Git_Files/bigdale123.github.io/Dylan_Calvin.pdf [3ms]
2024-01-19 12:29:08.725 [info] > git cat-file -s 30208fa1670ce9acaabaeb218f13cd62a813237a [2ms]
2024-01-19 12:29:09.675 [info] > git config --get commit.template [19ms]
2024-01-19 12:29:09.678 [info] > git for-each-ref --format=%(refname)%00%(upstream:short)%00%(objectname)%00%(upstream:track)%00%(upstream:remotename)%00%(upstream:remoteref) refs/heads/main refs/remotes/main [3ms]
2024-01-19 12:29:09.696 [info] > git status -z -uall [3ms]
2024-01-19 12:29:12.342 [info] > git show --textconv :bigdale123.github.io/Dylan_Calvin.pdf [15ms]
2024-01-19 12:29:12.344 [info] > git ls-files --stage -- /home/dylan/Seafile/My Library/Temp_Git_Files/bigdale123.github.io/bigdale123.github.io/Dylan_Calvin.pdf [3ms]
2024-01-19 12:29:12.967 [info] > git check-ignore -v -z --stdin [2ms]
2024-01-19 12:29:14.739 [info] > git config --get commit.template [18ms]
2024-01-19 12:29:14.740 [info] > git for-each-ref --format=%(refname)%00%(upstream:short)%00%(objectname)%00%(upstream:track)%00%(upstream:remotename)%00%(upstream:remoteref) refs/heads/main refs/remotes/main [2ms]
2024-01-19 12:29:14.757 [info] > git status -z -uall [3ms]
2024-01-19 12:29:27.459 [info] > git config --get commit.template [12ms]
2024-01-19 12:29:27.460 [info] > git for-each-ref --format=%(refname)%00%(upstream:short)%00%(objectname)%00%(upstream:track)%00%(upstream:remotename)%00%(upstream:remoteref) refs/heads/main refs/remotes/main [3ms]
2024-01-19 12:29:27.476 [info] > git status -z -uall [3ms]
2024-01-19 12:29:27.549 [info] > git ls-files --stage -- /home/dylan/Seafile/My Library/Temp_Git_Files/bigdale123.github.io/bigdale123.github.io/Dylan_Calvin.pdf [2ms]
2024-01-19 12:29:27.565 [info] > git cat-file -s 30208fa1670ce9acaabaeb218f13cd62a813237a [2ms]
2024-01-19 12:29:27.588 [info] > git show --textconv :bigdale123.github.io/Dylan_Calvin.pdf [9ms]
2024-01-19 12:29:33.604 [info] > git config --get commit.template [15ms]
2024-01-19 12:29:33.606 [info] > git for-each-ref --format=%(refname)%00%(upstream:short)%00%(objectname)%00%(upstream:track)%00%(upstream:remotename)%00%(upstream:remoteref) refs/heads/main refs/remotes/main [3ms]
2024-01-19 12:29:33.622 [info] > git status -z -uall [3ms]
2024-01-19 12:29:33.691 [info] > git ls-files --stage -- /home/dylan/Seafile/My Library/Temp_Git_Files/bigdale123.github.io/bigdale123.github.io/Dylan_Calvin.pdf [2ms]
2024-01-19 12:29:33.704 [info] > git cat-file -s 30208fa1670ce9acaabaeb218f13cd62a813237a [2ms]
2024-01-19 12:29:33.722 [info] > git show --textconv :bigdale123.github.io/Dylan_Calvin.pdf [3ms]
2024-01-19 12:29:36.489 [info] > git ls-files --stage -- /home/dylan/Seafile/My Library/Temp_Git_Files/bigdale123.github.io/bigdale123.github.io/Dylan_Calvin.pdf [2ms]
2024-01-19 12:29:36.505 [info] > git cat-file -s 30208fa1670ce9acaabaeb218f13cd62a813237a [2ms]
2024-01-19 12:29:36.523 [info] > git show --textconv :bigdale123.github.io/Dylan_Calvin.pdf [3ms]
2024-01-19 12:30:12.853 [info] > git config --get commit.template [23ms]
2024-01-19 12:30:12.854 [info] > git for-each-ref --format=%(refname)%00%(upstream:short)%00%(objectname)%00%(upstream:track)%00%(upstream:remotename)%00%(upstream:remoteref) refs/heads/main refs/remotes/main [2ms]
2024-01-19 12:30:12.872 [info] > git status -z -uall [3ms]
2024-01-19 12:30:16.245 [info] > git show --textconv :dev/src/app.css [16ms]
2024-01-19 12:30:16.248 [info] > git ls-files --stage -- /home/dylan/Seafile/My Library/Temp_Git_Files/bigdale123.github.io/dev/src/app.css [4ms]
2024-01-19 12:30:16.270 [info] > git cat-file -s bd6213e1dfe6b0a79ce7d8b37d0d2dc70f0250bb [3ms]
2024-01-19 12:30:17.733 [info] > git show --textconv :dev/src/routes/+layout.js [15ms]
2024-01-19 12:30:17.736 [info] > git ls-files --stage -- /home/dylan/Seafile/My Library/Temp_Git_Files/bigdale123.github.io/dev/src/routes/+layout.js [3ms]
2024-01-19 12:30:17.756 [info] > git cat-file -s c8cacf0895342e5b27842850d40b3efc28f5a4ab [4ms]
2024-01-19 12:30:18.383 [info] > git show --textconv :dev/src/routes/+page.svelte [15ms]
2024-01-19 12:30:18.385 [info] > git ls-files --stage -- /home/dylan/Seafile/My Library/Temp_Git_Files/bigdale123.github.io/dev/src/routes/+page.svelte [2ms]
2024-01-19 12:30:18.399 [info] > git cat-file -s ab2db1c037e3a653889c426597ccee5476ef0bd2 [2ms]
2024-01-19 12:30:19.267 [info] > git show --textconv :dev/src/routes/resume/+page.svelte [16ms]
2024-01-19 12:30:19.269 [info] > git ls-files --stage -- /home/dylan/Seafile/My Library/Temp_Git_Files/bigdale123.github.io/dev/src/routes/resume/+page.svelte [2ms]
2024-01-19 12:30:19.284 [info] > git cat-file -s 58ee0391d60a0c0d0ce47295b73e43625896f327 [2ms]
2024-01-19 12:30:19.754 [info] > git show --textconv :dev/src/routes/+page.svelte [16ms]
2024-01-19 12:30:19.755 [info] > git ls-files --stage -- /home/dylan/Seafile/My Library/Temp_Git_Files/bigdale123.github.io/dev/src/routes/+page.svelte [2ms]
2024-01-19 12:30:19.769 [info] > git cat-file -s ab2db1c037e3a653889c426597ccee5476ef0bd2 [2ms]
2024-01-19 12:30:20.064 [info] > git show --textconv :dev/src/routes/projects/+page.svelte [16ms]
2024-01-19 12:30:20.066 [info] > git ls-files --stage -- /home/dylan/Seafile/My Library/Temp_Git_Files/bigdale123.github.io/dev/src/routes/projects/+page.svelte [4ms]
2024-01-19 12:30:20.083 [info] > git cat-file -s 65031c1e439b4e5659e4b6ae9db5af03b29a8f47 [3ms]
2024-01-19 12:30:20.493 [info] > git show --textconv :dev/src/routes/+page.svelte [16ms]
2024-01-19 12:30:20.495 [info] > git ls-files --stage -- /home/dylan/Seafile/My Library/Temp_Git_Files/bigdale123.github.io/dev/src/routes/+page.svelte [3ms]
2024-01-19 12:30:20.514 [info] > git cat-file -s ab2db1c037e3a653889c426597ccee5476ef0bd2 [3ms]
2024-01-19 12:42:17.382 [info] > git show --textconv :dev/src/routes/+page.svelte [12ms]
2024-01-19 12:42:17.383 [info] > git ls-files --stage -- /home/dylan/Seafile/My Library/Temp_Git_Files/bigdale123.github.io/dev/src/routes/+page.svelte [2ms]
2024-01-19 12:42:17.397 [info] > git cat-file -s ab2db1c037e3a653889c426597ccee5476ef0bd2 [2ms]
2024-01-19 12:42:19.339 [info] > git show --textconv :dev/src/routes/+layout.svelte [14ms]
2024-01-19 12:42:19.340 [info] > git ls-files --stage -- /home/dylan/Seafile/My Library/Temp_Git_Files/bigdale123.github.io/dev/src/routes/+layout.svelte [2ms]
2024-01-19 12:42:19.355 [info] > git cat-file -s a70a3f3c0b095aa33ca770fc6335030cdac8d045 [3ms]
2024-01-19 12:54:50.026 [info] > git show --textconv :dev/tailwind.config.js [16ms]
2024-01-19 12:54:50.027 [info] > git ls-files --stage -- /home/dylan/Seafile/My Library/Temp_Git_Files/bigdale123.github.io/dev/tailwind.config.js [2ms]
2024-01-19 12:54:50.047 [info] > git cat-file -s 13207ccbb9263973d5f4a01049b2c665b11c269a [6ms]
2024-01-19 12:54:50.575 [info] > git show --textconv :dev/svelte.config.js [14ms]
2024-01-19 12:54:50.577 [info] > git ls-files --stage -- /home/dylan/Seafile/My Library/Temp_Git_Files/bigdale123.github.io/dev/svelte.config.js [2ms]
2024-01-19 12:54:50.595 [info] > git cat-file -s f11f300726771c7a99d0d0ccdb0fc5cff311c7d5 [4ms]
2024-01-19 12:56:30.523 [info] > git show --textconv :dev/src/routes/+layout.js [15ms]
2024-01-19 12:56:30.525 [info] > git ls-files --stage -- /home/dylan/Seafile/My Library/Temp_Git_Files/bigdale123.github.io/dev/src/routes/+layout.js [3ms]
2024-01-19 12:56:30.541 [info] > git cat-file -s c8cacf0895342e5b27842850d40b3efc28f5a4ab [4ms]
2024-01-19 12:56:48.952 [info] > git show --textconv :dev/svelte.config.js [16ms]
2024-01-19 12:56:48.954 [info] > git ls-files --stage -- /home/dylan/Seafile/My Library/Temp_Git_Files/bigdale123.github.io/dev/svelte.config.js [3ms]
2024-01-19 12:56:48.972 [info] > git cat-file -s f11f300726771c7a99d0d0ccdb0fc5cff311c7d5 [4ms]
2024-01-19 12:57:00.789 [info] > git config --get commit.template [15ms]
2024-01-19 12:57:00.791 [info] > git for-each-ref --format=%(refname)%00%(upstream:short)%00%(objectname)%00%(upstream:track)%00%(upstream:remotename)%00%(upstream:remoteref) refs/heads/main refs/remotes/main [2ms]
2024-01-19 12:57:00.807 [info] > git status -z -uall [3ms]
2024-01-19 12:57:10.609 [info] > git check-ignore -v -z --stdin [2ms]
2024-01-19 12:57:11.765 [info] > git config --get commit.template [15ms]
2024-01-19 12:57:11.765 [info] > git for-each-ref --format=%(refname)%00%(upstream:short)%00%(objectname)%00%(upstream:track)%00%(upstream:remotename)%00%(upstream:remoteref) refs/heads/main refs/remotes/main [2ms]
2024-01-19 12:57:11.784 [info] > git status -z -uall [3ms]
2024-01-19 12:57:16.822 [info] > git config --get commit.template [16ms]
2024-01-19 12:57:16.823 [info] > git for-each-ref --format=%(refname)%00%(upstream:short)%00%(objectname)%00%(upstream:track)%00%(upstream:remotename)%00%(upstream:remoteref) refs/heads/main refs/remotes/main [2ms]
2024-01-19 12:57:16.840 [info] > git status -z -uall [3ms]
2024-01-19 12:57:27.684 [info] > git show --textconv :dev/build/index.html [14ms]
2024-01-19 12:57:27.686 [info] > git ls-files --stage -- /home/dylan/Seafile/My Library/Temp_Git_Files/bigdale123.github.io/dev/build/index.html [2ms]
2024-01-19 12:57:56.719 [info] > git config --get commit.template [16ms]
2024-01-19 12:57:56.720 [info] > git for-each-ref --format=%(refname)%00%(upstream:short)%00%(objectname)%00%(upstream:track)%00%(upstream:remotename)%00%(upstream:remoteref) refs/heads/main refs/remotes/main [2ms]
2024-01-19 12:57:56.736 [info] > git status -z -uall [2ms]
2024-01-19 12:59:17.872 [info] > git check-ignore -v -z --stdin [2ms]
2024-01-19 12:59:18.448 [info] > git config --get commit.template [13ms]
2024-01-19 12:59:18.449 [info] > git for-each-ref --format=%(refname)%00%(upstream:short)%00%(objectname)%00%(upstream:track)%00%(upstream:remotename)%00%(upstream:remoteref) refs/heads/main refs/remotes/main [2ms]
2024-01-19 12:59:18.465 [info] > git status -z -uall [3ms]
2024-01-19 12:59:26.686 [info] > git check-ignore -v -z --stdin [2ms]
2024-01-19 12:59:27.588 [info] > git config --get commit.template [2ms]
2024-01-19 12:59:27.603 [info] > git for-each-ref --format=%(refname)%00%(upstream:short)%00%(objectname)%00%(upstream:track)%00%(upstream:remotename)%00%(upstream:remoteref) refs/heads/main refs/remotes/main [2ms]
2024-01-19 12:59:27.620 [info] > git status -z -uall [3ms]
2024-01-19 12:59:32.651 [info] > git config --get commit.template [14ms]
2024-01-19 12:59:32.652 [info] > git for-each-ref --format=%(refname)%00%(upstream:short)%00%(objectname)%00%(upstream:track)%00%(upstream:remotename)%00%(upstream:remoteref) refs/heads/main refs/remotes/main [2ms]
2024-01-19 12:59:32.668 [info] > git status -z -uall [3ms]
2024-01-19 13:00:51.772 [info] > git show --textconv :CNAME [14ms]
2024-01-19 13:00:51.773 [info] > git ls-files --stage -- /home/dylan/Seafile/My Library/Temp_Git_Files/bigdale123.github.io/CNAME [2ms]
2024-01-19 13:00:51.788 [info] > git cat-file -s 904b6ec0c5fdc649f10b5fc8b944c0d66c1f8117 [2ms]
2024-01-19 13:00:52.301 [info] > git show --textconv :Dylan_Calvin.pdf [13ms]
2024-01-19 13:00:52.302 [info] > git ls-files --stage -- /home/dylan/Seafile/My Library/Temp_Git_Files/bigdale123.github.io/Dylan_Calvin.pdf [2ms]
2024-01-19 13:00:56.511 [info] > git show --textconv :dev/svelte.config.js [16ms]
2024-01-19 13:00:56.514 [info] > git ls-files --stage -- /home/dylan/Seafile/My Library/Temp_Git_Files/bigdale123.github.io/dev/svelte.config.js [4ms]
2024-01-19 13:00:56.533 [info] > git cat-file -s f11f300726771c7a99d0d0ccdb0fc5cff311c7d5 [5ms]
2024-01-19 13:00:57.827 [info] > git config --get commit.template [13ms]
2024-01-19 13:00:57.829 [info] > git for-each-ref --format=%(refname)%00%(upstream:short)%00%(objectname)%00%(upstream:track)%00%(upstream:remotename)%00%(upstream:remoteref) refs/heads/main refs/remotes/main [3ms]
2024-01-19 13:00:57.845 [info] > git status -z -uall [3ms]
2024-01-19 13:01:02.008 [info] > git show --textconv :dev/vite.config.js [20ms]
2024-01-19 13:01:02.011 [info] > git ls-files --stage -- /home/dylan/Seafile/My Library/Temp_Git_Files/bigdale123.github.io/dev/vite.config.js [5ms]
2024-01-19 13:01:02.028 [info] > git cat-file -s bbf8c7da43f0080dc6b9fb275f9583b7c17f1506 [3ms]
2024-01-19 13:01:02.881 [info] > git config --get commit.template [13ms]
2024-01-19 13:01:02.883 [info] > git for-each-ref --format=%(refname)%00%(upstream:short)%00%(objectname)%00%(upstream:track)%00%(upstream:remotename)%00%(upstream:remoteref) refs/heads/main refs/remotes/main [2ms]
2024-01-19 13:01:02.898 [info] > git status -z -uall [3ms]
2024-01-19 13:01:06.517 [info] > git show --textconv :vite.config.js [17ms]
2024-01-19 13:01:06.519 [info] > git ls-files --stage -- /home/dylan/Seafile/My Library/Temp_Git_Files/bigdale123.github.io/vite.config.js [5ms]
2024-01-19 13:01:06.786 [info] > git check-ignore -v -z --stdin [24ms]
2024-01-19 13:01:07.923 [info] > git config --get commit.template [2ms]
2024-01-19 13:01:07.947 [info] > git for-each-ref --format=%(refname)%00%(upstream:short)%00%(objectname)%00%(upstream:track)%00%(upstream:remotename)%00%(upstream:remoteref) refs/heads/main refs/remotes/main [4ms]
2024-01-19 13:01:07.968 [info] > git status -z -uall [3ms]
2024-01-19 13:01:14.403 [info] > git config --get commit.template [21ms]
2024-01-19 13:01:14.405 [info] > git for-each-ref --format=%(refname)%00%(upstream:short)%00%(objectname)%00%(upstream:track)%00%(upstream:remotename)%00%(upstream:remoteref) refs/heads/main refs/remotes/main [3ms]
2024-01-19 13:01:14.428 [info] > git status -z -uall [4ms]
2024-01-19 13:03:14.594 [info] > git check-ignore -v -z --stdin [2ms]
2024-01-19 13:10:24.162 [info] > git config --get commit.template [16ms]
2024-01-19 13:10:24.163 [info] > git for-each-ref --format=%(refname)%00%(upstream:short)%00%(objectname)%00%(upstream:track)%00%(upstream:remotename)%00%(upstream:remoteref) refs/heads/main refs/remotes/main [2ms]
2024-01-19 13:10:24.182 [info] > git status -z -uall [3ms]
2024-01-19 13:10:24.250 [info] > git ls-files --stage -- /home/dylan/Seafile/My Library/Temp_Git_Files/bigdale123.github.io/vite.config.js [3ms]
2024-01-19 13:10:24.267 [info] > git cat-file -s bbf8c7da43f0080dc6b9fb275f9583b7c17f1506 [2ms]
2024-01-19 13:10:24.310 [info] > git show --textconv :vite.config.js [24ms]
2024-01-19 13:10:32.559 [info] > git show --textconv :.npmrc [17ms]
2024-01-19 13:10:32.562 [info] > git ls-files --stage -- /home/dylan/Seafile/My Library/Temp_Git_Files/bigdale123.github.io/.npmrc [3ms]
2024-01-19 13:10:32.955 [info] > git show --textconv :.gitignore [17ms]
2024-01-19 13:10:32.956 [info] > git ls-files --stage -- /home/dylan/Seafile/My Library/Temp_Git_Files/bigdale123.github.io/.gitignore [2ms]
2024-01-19 13:10:37.959 [info] > git check-ignore -v -z --stdin [2ms]
2024-01-19 13:10:38.406 [info] > git config --get commit.template [13ms]
2024-01-19 13:10:38.407 [info] > git for-each-ref --format=%(refname)%00%(upstream:short)%00%(objectname)%00%(upstream:track)%00%(upstream:remotename)%00%(upstream:remoteref) refs/heads/main refs/remotes/main [2ms]
2024-01-19 13:10:38.422 [info] > git status -z -uall [3ms]
2024-01-19 13:10:52.905 [info] > git check-ignore -v -z --stdin [2ms]
2024-01-19 13:10:53.349 [info] > git config --get commit.template [4ms]
2024-01-19 13:10:53.369 [info] > git for-each-ref --format=%(refname)%00%(upstream:short)%00%(objectname)%00%(upstream:track)%00%(upstream:remotename)%00%(upstream:remoteref) refs/heads/main refs/remotes/main [2ms]
2024-01-19 13:10:53.434 [info] > git status -z -uall [50ms]
2024-01-19 13:10:53.434 [info] > git show --textconv :svelte.config.js [21ms]
2024-01-19 13:10:53.439 [info] > git ls-files --stage -- /home/dylan/Seafile/My Library/Temp_Git_Files/bigdale123.github.io/svelte.config.js [9ms]
2024-01-19 13:10:54.259 [info] > git cat-file -s 3102f3b44ac43170d075ff1bbf1e7affa8c76a12 [804ms]
2024-01-19 13:11:00.245 [info] > git config --get commit.template [19ms]
2024-01-19 13:11:00.248 [info] > git for-each-ref --format=%(refname)%00%(upstream:short)%00%(objectname)%00%(upstream:track)%00%(upstream:remotename)%00%(upstream:remoteref) refs/heads/main refs/remotes/main [4ms]
2024-01-19 13:11:00.303 [info] > git status -z -uall [36ms]
2024-01-19 13:11:00.961 [info] > git ls-files --stage -- /home/dylan/Seafile/My Library/Temp_Git_Files/bigdale123.github.io/svelte.config.js [4ms]
2024-01-19 13:11:00.982 [info] > git cat-file -s 3102f3b44ac43170d075ff1bbf1e7affa8c76a12 [2ms]
2024-01-19 13:11:01.051 [info] > git show --textconv :svelte.config.js [8ms]
2024-01-19 13:11:09.518 [info] > git config --get commit.template [20ms]
2024-01-19 13:11:09.520 [info] > git for-each-ref --format=%(refname)%00%(upstream:short)%00%(objectname)%00%(upstream:track)%00%(upstream:remotename)%00%(upstream:remoteref) refs/heads/main refs/remotes/main [3ms]
2024-01-19 13:11:09.565 [info] > git status -z -uall [26ms]
2024-01-19 13:11:09.626 [info] > git ls-files --stage -- /home/dylan/Seafile/My Library/Temp_Git_Files/bigdale123.github.io/svelte.config.js [3ms]
2024-01-19 13:11:09.651 [info] > git cat-file -s 3102f3b44ac43170d075ff1bbf1e7affa8c76a12 [2ms]
2024-01-19 13:11:09.717 [info] > git show --textconv :svelte.config.js [25ms]
2024-01-19 13:11:28.401 [info] > git config --get commit.template [2ms]
2024-01-19 13:11:28.416 [info] > git for-each-ref --format=%(refname)%00%(upstream:short)%00%(objectname)%00%(upstream:track)%00%(upstream:remotename)%00%(upstream:remoteref) refs/heads/main refs/remotes/main [2ms]
2024-01-19 13:11:28.458 [info] > git status -z -uall [28ms]
2024-01-19 13:11:28.506 [info] > git ls-files --stage -- /home/dylan/Seafile/My Library/Temp_Git_Files/bigdale123.github.io/svelte.config.js [4ms]
2024-01-19 13:11:28.523 [info] > git cat-file -s 3102f3b44ac43170d075ff1bbf1e7affa8c76a12 [2ms]
2024-01-19 13:11:28.544 [info] > git show --textconv :svelte.config.js [3ms]
2024-01-19 13:11:42.010 [info] > git check-ignore -v -z --stdin [2ms]
2024-01-19 13:11:42.712 [info] > git check-ignore -v -z --stdin [2ms]
2024-01-19 13:11:42.817 [info] > git ls-files --stage -- /home/dylan/Seafile/My Library/Temp_Git_Files/bigdale123.github.io/svelte.config.js [2ms]
2024-01-19 13:11:42.837 [info] > git show --textconv :svelte.config.js [2ms]
2024-01-19 13:11:44.278 [info] > git config --get commit.template [17ms]
2024-01-19 13:11:44.280 [info] > git for-each-ref --format=%(refname)%00%(upstream:short)%00%(objectname)%00%(upstream:track)%00%(upstream:remotename)%00%(upstream:remoteref) refs/heads/main refs/remotes/main [3ms]
2024-01-19 13:11:44.370 [info] > git status -z -uall [73ms]
2024-01-19 13:11:44.381 [info] > git ls-files --stage -- /home/dylan/Seafile/My Library/Temp_Git_Files/bigdale123.github.io/svelte.config.js [12ms]
2024-01-19 13:11:44.400 [info] > git cat-file -s 3102f3b44ac43170d075ff1bbf1e7affa8c76a12 [4ms]
2024-01-19 13:11:44.423 [info] > git show --textconv :svelte.config.js [4ms]
2024-01-19 13:11:54.051 [info] > git config --get commit.template [16ms]
2024-01-19 13:11:54.052 [info] > git for-each-ref --format=%(refname)%00%(upstream:short)%00%(objectname)%00%(upstream:track)%00%(upstream:remotename)%00%(upstream:remoteref) refs/heads/main refs/remotes/main [2ms]
2024-01-19 13:11:54.135 [info] > git status -z -uall [65ms]
2024-01-19 13:11:54.140 [info] > git ls-files --stage -- /home/dylan/Seafile/My Library/Temp_Git_Files/bigdale123.github.io/svelte.config.js [6ms]
2024-01-19 13:11:54.156 [info] > git cat-file -s 3102f3b44ac43170d075ff1bbf1e7affa8c76a12 [3ms]
2024-01-19 13:11:54.178 [info] > git show --textconv :svelte.config.js [5ms]
2024-01-19 13:12:00.600 [info] > git config --get commit.template [16ms]
2024-01-19 13:12:00.601 [info] > git for-each-ref --format=%(refname)%00%(upstream:short)%00%(objectname)%00%(upstream:track)%00%(upstream:remotename)%00%(upstream:remoteref) refs/heads/main refs/remotes/main [2ms]
2024-01-19 13:12:00.659 [info] > git status -z -uall [41ms]
2024-01-19 13:12:00.686 [info] > git ls-files --stage -- /home/dylan/Seafile/My Library/Temp_Git_Files/bigdale123.github.io/svelte.config.js [3ms]
2024-01-19 13:12:00.701 [info] > git cat-file -s 3102f3b44ac43170d075ff1bbf1e7affa8c76a12 [2ms]
2024-01-19 13:12:00.721 [info] > git show --textconv :svelte.config.js [3ms]
2024-01-19 13:12:02.393 [info] > git ls-files --stage -- /home/dylan/Seafile/My Library/Temp_Git_Files/bigdale123.github.io/svelte.config.js [4ms]
2024-01-19 13:12:02.408 [info] > git cat-file -s 3102f3b44ac43170d075ff1bbf1e7affa8c76a12 [1ms]
2024-01-19 13:12:02.425 [info] > git show --textconv :svelte.config.js [3ms]
2024-01-19 13:12:05.694 [info] > git config --get commit.template [16ms]
2024-01-19 13:12:05.696 [info] > git for-each-ref --format=%(refname)%00%(upstream:short)%00%(objectname)%00%(upstream:track)%00%(upstream:remotename)%00%(upstream:remoteref) refs/heads/main refs/remotes/main [3ms]
2024-01-19 13:12:05.740 [info] > git status -z -uall [28ms]
2024-01-19 13:12:05.780 [info] > git show --textconv :.gitignore [21ms]
2024-01-19 13:12:05.780 [info] > git ls-files --stage -- /home/dylan/Seafile/My Library/Temp_Git_Files/bigdale123.github.io/.gitignore [5ms]
2024-01-19 13:12:30.883 [info] > git config --get commit.template [13ms]
2024-01-19 13:12:30.885 [info] > git for-each-ref --format=%(refname)%00%(upstream:short)%00%(objectname)%00%(upstream:track)%00%(upstream:remotename)%00%(upstream:remoteref) refs/heads/main refs/remotes/main [3ms]
2024-01-19 13:12:30.929 [info] > git status -z -uall [29ms]
2024-01-19 13:12:30.973 [info] > git ls-files --stage -- /home/dylan/Seafile/My Library/Temp_Git_Files/bigdale123.github.io/.gitignore [4ms]
2024-01-19 13:12:30.991 [info] > git show --textconv :.gitignore [3ms]
2024-01-19 13:12:36.475 [info] > git show --textconv :svelte.config.js [18ms]
2024-01-19 13:12:36.483 [info] > git ls-files --stage -- /home/dylan/Seafile/My Library/Temp_Git_Files/bigdale123.github.io/svelte.config.js [9ms]
2024-01-19 13:12:36.503 [info] > git cat-file -s 3102f3b44ac43170d075ff1bbf1e7affa8c76a12 [2ms]
2024-01-19 13:12:37.331 [info] > git show --textconv :.gitignore [18ms]
2024-01-19 13:12:37.333 [info] > git ls-files --stage -- /home/dylan/Seafile/My Library/Temp_Git_Files/bigdale123.github.io/.gitignore [4ms]
2024-01-19 13:12:44.744 [info] > git check-ignore -v -z --stdin [5ms]
2024-01-19 13:12:57.085 [info] > git config --get commit.template [15ms]
2024-01-19 13:12:57.087 [info] > git for-each-ref --format=%(refname)%00%(upstream:short)%00%(objectname)%00%(upstream:track)%00%(upstream:remotename)%00%(upstream:remoteref) refs/heads/main refs/remotes/main [2ms]
2024-01-19 13:12:57.137 [info] > git status -z -uall [34ms]
2024-01-19 13:12:57.175 [info] > git ls-files --stage -- /home/dylan/Seafile/My Library/Temp_Git_Files/bigdale123.github.io/.gitignore [3ms]
2024-01-19 13:12:57.199 [info] > git show --textconv :.gitignore [4ms]
2024-01-19 13:15:14.511 [info] > git config --get commit.template [3ms]
2024-01-19 13:15:14.548 [info] > git ls-files --stage -- /home/dylan/Seafile/My Library/Temp_Git_Files/bigdale123.github.io/.gitignore [17ms]
2024-01-19 13:15:14.551 [info] > git for-each-ref --format=%(refname)%00%(upstream:short)%00%(objectname)%00%(upstream:track)%00%(upstream:remotename)%00%(upstream:remoteref) refs/heads/main refs/remotes/main [4ms]
2024-01-19 13:15:14.583 [info] > git show --textconv :.gitignore [16ms]
2024-01-19 13:15:14.613 [info] > git status -z -uall [31ms]
2024-01-19 13:15:18.733 [info] > git check-ignore -v -z --stdin [3ms]
2024-01-19 13:15:19.655 [info] > git config --get commit.template [16ms]
2024-01-19 13:15:19.656 [info] > git for-each-ref --format=%(refname)%00%(upstream:short)%00%(objectname)%00%(upstream:track)%00%(upstream:remotename)%00%(upstream:remoteref) refs/heads/main refs/remotes/main [2ms]
2024-01-19 13:15:19.700 [info] > git status -z -uall [29ms]
2024-01-19 13:15:22.861 [info] > git ls-files --stage -- /home/dylan/Seafile/My Library/Temp_Git_Files/bigdale123.github.io/.gitignore [2ms]
2024-01-19 13:15:22.879 [info] > git show --textconv :.gitignore [3ms]
2024-01-19 13:15:24.738 [info] > git config --get commit.template [14ms]
2024-01-19 13:15:24.740 [info] > git for-each-ref --format=%(refname)%00%(upstream:short)%00%(objectname)%00%(upstream:track)%00%(upstream:remotename)%00%(upstream:remoteref) refs/heads/main refs/remotes/main [3ms]
2024-01-19 13:15:24.783 [info] > git status -z -uall [29ms]
2024-01-19 13:15:29.376 [info] > git ls-files --stage -- /home/dylan/Seafile/My Library/Temp_Git_Files/bigdale123.github.io/.gitignore [4ms]
2024-01-19 13:15:29.395 [info] > git show --textconv :.gitignore [3ms]
2024-01-19 13:15:29.824 [info] > git config --get commit.template [17ms]
2024-01-19 13:15:29.827 [info] > git for-each-ref --format=%(refname)%00%(upstream:short)%00%(objectname)%00%(upstream:track)%00%(upstream:remotename)%00%(upstream:remoteref) refs/heads/main refs/remotes/main [4ms]
2024-01-19 13:15:29.874 [info] > git status -z -uall [28ms]
2024-01-19 13:15:45.356 [info] > git config --get commit.template [3ms]
2024-01-19 13:15:45.391 [info] > git ls-files --stage -- /home/dylan/Seafile/My Library/Temp_Git_Files/bigdale123.github.io/.gitignore [17ms]
2024-01-19 13:15:45.392 [info] > git for-each-ref --format=%(refname)%00%(upstream:short)%00%(objectname)%00%(upstream:track)%00%(upstream:remotename)%00%(upstream:remoteref) refs/heads/main refs/remotes/main [2ms]
2024-01-19 13:15:45.425 [info] > git show --textconv :.gitignore [17ms]
2024-01-19 13:15:45.454 [info] > git status -z -uall [30ms]
2024-01-19 13:16:54.656 [info] > git check-ignore -v -z --stdin [5ms]
2024-01-19 13:18:22.061 [info] > git show --textconv :jsconfig.json [19ms]
2024-01-19 13:18:22.063 [info] > git ls-files --stage -- /home/dylan/Seafile/My Library/Temp_Git_Files/bigdale123.github.io/jsconfig.json [4ms]
2024-01-19 13:18:22.082 [info] > git cat-file -s 81def1550ede4f614512aba241dd3f349e15fbc3 [3ms]
2024-01-19 13:18:23.687 [info] > git show --textconv :.gitignore [20ms]
2024-01-19 13:18:23.692 [info] > git ls-files --stage -- /home/dylan/Seafile/My Library/Temp_Git_Files/bigdale123.github.io/.gitignore [6ms]
2024-01-19 13:18:24.639 [info] > git check-ignore -v -z --stdin [5ms]
2024-01-19 13:18:26.200 [info] > git show --textconv :tailwind.config.js [17ms]
2024-01-19 13:18:26.204 [info] > git ls-files --stage -- /home/dylan/Seafile/My Library/Temp_Git_Files/bigdale123.github.io/tailwind.config.js [4ms]
2024-01-19 13:18:26.220 [info] > git cat-file -s 13207ccbb9263973d5f4a01049b2c665b11c269a [2ms]
2024-01-19 13:18:29.203 [info] > git show --textconv :vite.config.js [16ms]
2024-01-19 13:18:29.206 [info] > git ls-files --stage -- /home/dylan/Seafile/My Library/Temp_Git_Files/bigdale123.github.io/vite.config.js [3ms]
2024-01-19 13:18:29.221 [info] > git cat-file -s bbf8c7da43f0080dc6b9fb275f9583b7c17f1506 [2ms]
2024-01-19 13:18:40.634 [info] > git check-ignore -v -z --stdin [3ms]
2024-01-19 13:18:44.673 [info] > git check-ignore -v -z --stdin [3ms]
2024-01-19 13:18:46.993 [info] > git check-ignore -v -z --stdin [3ms]
2024-01-19 13:18:48.015 [info] > git check-ignore -v -z --stdin [4ms]
2024-01-19 13:18:49.243 [info] > git check-ignore -v -z --stdin [4ms]
2024-01-19 13:18:53.974 [info] > git check-ignore -v -z --stdin [4ms]
2024-01-19 13:18:59.852 [info] > git show --textconv :package.json [18ms]
2024-01-19 13:18:59.856 [info] > git ls-files --stage -- /home/dylan/Seafile/My Library/Temp_Git_Files/bigdale123.github.io/package.json [3ms]
2024-01-19 13:18:59.872 [info] > git cat-file -s 18fdada57b2894ce506e0b2df20a2feae6f5f94b [2ms]
2024-01-19 13:19:01.031 [info] > git show --textconv :package-lock.json [20ms]
2024-01-19 13:19:01.034 [info] > git ls-files --stage -- /home/dylan/Seafile/My Library/Temp_Git_Files/bigdale123.github.io/package-lock.json [4ms]
2024-01-19 13:19:01.053 [info] > git cat-file -s 3180455f5d53175058bc24ddf51473acaa91cc9a [1ms]
2024-01-19 13:19:04.676 [info] > git show --textconv :jsconfig.json [19ms]
2024-01-19 13:19:04.679 [info] > git ls-files --stage -- /home/dylan/Seafile/My Library/Temp_Git_Files/bigdale123.github.io/jsconfig.json [4ms]
2024-01-19 13:19:04.698 [info] > git cat-file -s 81def1550ede4f614512aba241dd3f349e15fbc3 [2ms]
2024-01-19 13:19:06.839 [info] > git show --textconv :tailwind.config.js [19ms]
2024-01-19 13:19:06.842 [info] > git ls-files --stage -- /home/dylan/Seafile/My Library/Temp_Git_Files/bigdale123.github.io/tailwind.config.js [4ms]
2024-01-19 13:19:06.861 [info] > git cat-file -s 13207ccbb9263973d5f4a01049b2c665b11c269a [3ms]
2024-01-19 13:19:09.454 [info] > git show --textconv :svelte.config.js [17ms]
2024-01-19 13:19:09.458 [info] > git ls-files --stage -- /home/dylan/Seafile/My Library/Temp_Git_Files/bigdale123.github.io/svelte.config.js [3ms]
2024-01-19 13:19:09.483 [info] > git cat-file -s 3102f3b44ac43170d075ff1bbf1e7affa8c76a12 [7ms]
2024-01-19 13:19:16.769 [info] > git show --textconv :postcss.config.js [15ms]
2024-01-19 13:19:16.772 [info] > git ls-files --stage -- /home/dylan/Seafile/My Library/Temp_Git_Files/bigdale123.github.io/postcss.config.js [3ms]
2024-01-19 13:19:16.787 [info] > git cat-file -s 2e7af2b7f1a6f391da1631d93968a9d487ba977d [2ms]
2024-01-19 13:21:23.116 [info] > git show --textconv :svelte.config.js [17ms]
2024-01-19 13:21:23.120 [info] > git ls-files --stage -- /home/dylan/Seafile/My Library/Temp_Git_Files/bigdale123.github.io/svelte.config.js [5ms]
2024-01-19 13:21:23.138 [info] > git cat-file -s 3102f3b44ac43170d075ff1bbf1e7affa8c76a12 [3ms]
2024-01-19 13:21:38.029 [info] > git config --get commit.template [16ms]
2024-01-19 13:21:38.030 [info] > git for-each-ref --format=%(refname)%00%(upstream:short)%00%(objectname)%00%(upstream:track)%00%(upstream:remotename)%00%(upstream:remoteref) refs/heads/main refs/remotes/main [2ms]
2024-01-19 13:21:38.074 [info] > git status -z -uall [28ms]
2024-01-19 13:21:52.581 [info] > git check-ignore -v -z --stdin [5ms]
2024-01-19 13:21:53.588 [info] > git config --get commit.template [22ms]
2024-01-19 13:21:53.589 [info] > git for-each-ref --format=%(refname)%00%(upstream:short)%00%(objectname)%00%(upstream:track)%00%(upstream:remotename)%00%(upstream:remoteref) refs/heads/main refs/remotes/main [3ms]
2024-01-19 13:21:53.643 [info] > git status -z -uall [31ms]
2024-01-19 13:21:58.683 [info] > git config --get commit.template [15ms]
2024-01-19 13:21:58.684 [info] > git for-each-ref --format=%(refname)%00%(upstream:short)%00%(objectname)%00%(upstream:track)%00%(upstream:remotename)%00%(upstream:remoteref) refs/heads/main refs/remotes/main [2ms]
2024-01-19 13:21:58.747 [info] > git status -z -uall [49ms]
2024-01-19 13:22:03.421 [info] > git show --textconv :docs/index.html [19ms]
2024-01-19 13:22:03.422 [info] > git ls-files --stage -- /home/dylan/Seafile/My Library/Temp_Git_Files/bigdale123.github.io/docs/index.html [3ms]
2024-01-19 13:22:03.442 [info] > git cat-file -s f8456657833af4fec728febcbc9fc9a7833512ed [3ms]
2024-01-19 13:22:31.048 [info] > git config --get commit.template [19ms]
2024-01-19 13:22:31.049 [info] > git for-each-ref --format=%(refname)%00%(upstream:short)%00%(objectname)%00%(upstream:track)%00%(upstream:remotename)%00%(upstream:remoteref) refs/heads/main refs/remotes/main [4ms]
2024-01-19 13:22:31.094 [info] > git status -z -uall [28ms]
2024-01-19 13:22:31.142 [info] > git ls-files --stage -- /home/dylan/Seafile/My Library/Temp_Git_Files/bigdale123.github.io/docs/index.html [5ms]
2024-01-19 13:22:31.161 [info] > git cat-file -s a914c1c410bff7c601191e51c81bc49d08692f07 [2ms]
2024-01-19 13:22:31.182 [info] > git show --textconv :docs/index.html [3ms]
2024-01-19 13:22:49.690 [info] > git config --get commit.template [21ms]
2024-01-19 13:22:49.695 [info] > git for-each-ref --format=%(refname)%00%(upstream:short)%00%(objectname)%00%(upstream:track)%00%(upstream:remotename)%00%(upstream:remoteref) refs/heads/main refs/remotes/main [6ms]
2024-01-19 13:22:49.770 [info] > git status -z -uall [57ms]
2024-01-19 13:22:49.781 [info] > git ls-files --stage -- /home/dylan/Seafile/My Library/Temp_Git_Files/bigdale123.github.io/docs/index.html [12ms]
2024-01-19 13:22:49.801 [info] > git cat-file -s a914c1c410bff7c601191e51c81bc49d08692f07 [3ms]
2024-01-19 13:22:49.848 [info] > git show --textconv :docs/index.html [5ms]
2024-01-19 13:22:52.726 [info] > git ls-files --stage -- /home/dylan/Seafile/My Library/Temp_Git_Files/bigdale123.github.io/docs/index.html [5ms]
2024-01-19 13:22:52.741 [info] > git cat-file -s a914c1c410bff7c601191e51c81bc49d08692f07 [3ms]
2024-01-19 13:22:52.759 [info] > git show --textconv :docs/index.html [3ms]
2024-01-19 13:22:54.814 [info] > git config --get commit.template [16ms]
2024-01-19 13:22:54.816 [info] > git for-each-ref --format=%(refname)%00%(upstream:short)%00%(objectname)%00%(upstream:track)%00%(upstream:remotename)%00%(upstream:remoteref) refs/heads/main refs/remotes/main [3ms]
2024-01-19 13:22:54.863 [info] > git status -z -uall [30ms]
2024-01-19 13:28:25.274 [info] > git show --textconv :svelte.config.js [17ms]
2024-01-19 13:28:25.279 [info] > git ls-files --stage -- /home/dylan/Seafile/My Library/Temp_Git_Files/bigdale123.github.io/svelte.config.js [6ms]
2024-01-19 13:28:25.299 [info] > git cat-file -s 4e804f589b7af994013820861130fc5369e36ca5 [4ms]
2024-01-19 14:14:52.167 [info] > git config --get commit.template [15ms]
2024-01-19 14:14:52.168 [info] > git for-each-ref --format=%(refname)%00%(upstream:short)%00%(objectname)%00%(upstream:track)%00%(upstream:remotename)%00%(upstream:remoteref) refs/heads/main refs/remotes/main [2ms]
2024-01-19 14:14:52.213 [info] > git status -z -uall [31ms]
2024-01-19 14:15:00.221 [info] > git config --get commit.template [17ms]
2024-01-19 14:15:00.222 [info] > git for-each-ref --format=%(refname)%00%(upstream:short)%00%(objectname)%00%(upstream:track)%00%(upstream:remotename)%00%(upstream:remoteref) refs/heads/main refs/remotes/main [4ms]
2024-01-19 14:15:00.262 [info] > git status -z -uall [26ms]
2024-01-19 14:15:48.185 [info] > git check-ignore -v -z --stdin [4ms]
2024-01-19 14:15:49.274 [info] > git config --get commit.template [17ms]
2024-01-19 14:15:49.275 [info] > git for-each-ref --format=%(refname)%00%(upstream:short)%00%(objectname)%00%(upstream:track)%00%(upstream:remotename)%00%(upstream:remoteref) refs/heads/main refs/remotes/main [2ms]
2024-01-19 14:15:49.319 [info] > git status -z -uall [28ms]
2024-01-19 14:15:54.356 [info] > git config --get commit.template [17ms]
2024-01-19 14:15:54.357 [info] > git for-each-ref --format=%(refname)%00%(upstream:short)%00%(objectname)%00%(upstream:track)%00%(upstream:remotename)%00%(upstream:remoteref) refs/heads/main refs/remotes/main [2ms]
2024-01-19 14:15:54.419 [info] > git status -z -uall [49ms]
2024-01-19 14:15:58.153 [info] > git show --textconv :docs/index.html [14ms]
2024-01-19 14:15:58.155 [info] > git ls-files --stage -- /home/dylan/Seafile/My Library/Temp_Git_Files/bigdale123.github.io/docs/index.html [3ms]
2024-01-19 14:15:58.170 [info] > git cat-file -s a914c1c410bff7c601191e51c81bc49d08692f07 [2ms]
2024-01-19 14:16:02.870 [info] > git config --get commit.template [16ms]
2024-01-19 14:16:02.871 [info] > git for-each-ref --format=%(refname)%00%(upstream:short)%00%(objectname)%00%(upstream:track)%00%(upstream:remotename)%00%(upstream:remoteref) refs/heads/main refs/remotes/main [2ms]
2024-01-19 14:16:02.916 [info] > git status -z -uall [30ms]
2024-01-19 14:16:02.965 [info] > git ls-files --stage -- /home/dylan/Seafile/My Library/Temp_Git_Files/bigdale123.github.io/docs/index.html [3ms]
2024-01-19 14:16:02.981 [info] > git cat-file -s 981fa0ba1501119364e9f3bbccb7703631e56c60 [2ms]
2024-01-19 14:16:03.004 [info] > git show --textconv :docs/index.html [4ms]
2024-01-19 14:16:26.518 [info] > git config --get commit.template [18ms]
2024-01-19 14:16:26.519 [info] > git for-each-ref --format=%(refname)%00%(upstream:short)%00%(objectname)%00%(upstream:track)%00%(upstream:remotename)%00%(upstream:remoteref) refs/heads/main refs/remotes/main [3ms]
2024-01-19 14:16:26.560 [info] > git status -z -uall [28ms]
2024-01-19 14:16:26.627 [info] > git ls-files --stage -- /home/dylan/Seafile/My Library/Temp_Git_Files/bigdale123.github.io/docs/index.html [5ms]
2024-01-19 14:16:26.647 [info] > git cat-file -s 981fa0ba1501119364e9f3bbccb7703631e56c60 [2ms]
2024-01-19 14:16:26.685 [info] > git show --textconv :docs/index.html [18ms]
2024-01-19 14:16:35.587 [info] > git config --get commit.template [16ms]
2024-01-19 14:16:35.588 [info] > git for-each-ref --format=%(refname)%00%(upstream:short)%00%(objectname)%00%(upstream:track)%00%(upstream:remotename)%00%(upstream:remoteref) refs/heads/main refs/remotes/main [2ms]
2024-01-19 14:16:35.628 [info] > git status -z -uall [26ms]
2024-01-19 14:16:35.676 [info] > git ls-files --stage -- /home/dylan/Seafile/My Library/Temp_Git_Files/bigdale123.github.io/docs/index.html [4ms]
2024-01-19 14:16:35.694 [info] > git cat-file -s 981fa0ba1501119364e9f3bbccb7703631e56c60 [3ms]
2024-01-19 14:16:35.713 [info] > git show --textconv :docs/index.html [3ms]
2024-01-19 14:16:39.117 [info] > git check-ignore -v -z --stdin [4ms]
2024-01-19 14:16:39.532 [info] > git ls-files --stage -- /home/dylan/Seafile/My Library/Temp_Git_Files/bigdale123.github.io/docs/index.html [4ms]
2024-01-19 14:16:39.550 [info] > git cat-file -s 981fa0ba1501119364e9f3bbccb7703631e56c60 [3ms]
2024-01-19 14:16:39.573 [info] > git show --textconv :docs/index.html [4ms]
2024-01-19 14:16:40.666 [info] > git config --get commit.template [15ms]
2024-01-19 14:16:40.667 [info] > git for-each-ref --format=%(refname)%00%(upstream:short)%00%(objectname)%00%(upstream:track)%00%(upstream:remotename)%00%(upstream:remoteref) refs/heads/main refs/remotes/main [2ms]
2024-01-19 14:16:40.710 [info] > git status -z -uall [28ms]
2024-01-19 14:18:24.876 [info] > git config --get commit.template [19ms]
2024-01-19 14:18:24.896 [info] > git ls-files --stage -- /home/dylan/Seafile/My Library/Temp_Git_Files/bigdale123.github.io/docs/index.html [22ms]
2024-01-19 14:18:24.913 [info] > git for-each-ref --format=%(refname)%00%(upstream:short)%00%(objectname)%00%(upstream:track)%00%(upstream:remotename)%00%(upstream:remoteref) refs/heads/main refs/remotes/main [19ms]
2024-01-19 14:18:24.914 [info] > git cat-file -s 981fa0ba1501119364e9f3bbccb7703631e56c60 [2ms]
2024-01-19 14:18:24.952 [info] > git show --textconv :docs/index.html [3ms]
2024-01-19 14:18:24.964 [info] > git status -z -uall [34ms]
2024-01-19 14:19:47.194 [info] > git check-ignore -v -z --stdin [5ms]
2024-01-19 14:19:48.198 [info] > git show --textconv :src/routes/+layout.svelte [16ms]
2024-01-19 14:19:48.202 [info] > git ls-files --stage -- /home/dylan/Seafile/My Library/Temp_Git_Files/bigdale123.github.io/src/routes/+layout.svelte [5ms]
2024-01-19 14:19:48.219 [info] > git cat-file -s a70a3f3c0b095aa33ca770fc6335030cdac8d045 [3ms]
2024-01-19 14:20:07.786 [info] > git config --get commit.template [20ms]
2024-01-19 14:20:07.787 [info] > git for-each-ref --format=%(refname)%00%(upstream:short)%00%(objectname)%00%(upstream:track)%00%(upstream:remotename)%00%(upstream:remoteref) refs/heads/main refs/remotes/main [3ms]
2024-01-19 14:20:07.835 [info] > git status -z -uall [31ms]
2024-01-19 14:20:12.858 [info] > git config --get commit.template [2ms]
2024-01-19 14:20:12.877 [info] > git for-each-ref --format=%(refname)%00%(upstream:short)%00%(objectname)%00%(upstream:track)%00%(upstream:remotename)%00%(upstream:remoteref) refs/heads/main refs/remotes/main [3ms]
2024-01-19 14:20:12.920 [info] > git status -z -uall [27ms]
2024-01-19 14:20:19.615 [info] > git check-ignore -v -z --stdin [4ms]
2024-01-19 14:20:20.649 [info] > git config --get commit.template [16ms]
2024-01-19 14:20:20.651 [info] > git for-each-ref --format=%(refname)%00%(upstream:short)%00%(objectname)%00%(upstream:track)%00%(upstream:remotename)%00%(upstream:remoteref) refs/heads/main refs/remotes/main [3ms]
2024-01-19 14:20:20.698 [info] > git status -z -uall [30ms]
2024-01-19 14:20:25.736 [info] > git config --get commit.template [15ms]
2024-01-19 14:20:25.738 [info] > git for-each-ref --format=%(refname)%00%(upstream:short)%00%(objectname)%00%(upstream:track)%00%(upstream:remotename)%00%(upstream:remoteref) refs/heads/main refs/remotes/main [3ms]
2024-01-19 14:20:25.800 [info] > git status -z -uall [48ms]
2024-01-19 14:20:29.324 [info] > git check-ignore -v -z --stdin [4ms]
2024-01-19 14:20:30.339 [info] > git check-ignore -v -z --stdin [3ms]
2024-01-19 14:20:38.546 [info] > git config --get commit.template [16ms]
2024-01-19 14:20:38.547 [info] > git for-each-ref --format=%(refname)%00%(upstream:short)%00%(objectname)%00%(upstream:track)%00%(upstream:remotename)%00%(upstream:remoteref) refs/heads/main refs/remotes/main [3ms]
2024-01-19 14:20:38.601 [info] > git status -z -uall [38ms]
2024-01-19 14:20:38.643 [info] > git ls-files --stage -- /home/dylan/Seafile/My Library/Temp_Git_Files/bigdale123.github.io/src/routes/+layout.svelte [5ms]
2024-01-19 14:20:38.658 [info] > git cat-file -s c72bde4189249a529c76b70dbc8adf1133c27c53 [1ms]
2024-01-19 14:20:38.683 [info] > git show --textconv :src/routes/+layout.svelte [3ms]
2024-01-19 14:20:49.293 [info] > git config --get commit.template [13ms]
2024-01-19 14:20:49.294 [info] > git for-each-ref --format=%(refname)%00%(upstream:short)%00%(objectname)%00%(upstream:track)%00%(upstream:remotename)%00%(upstream:remoteref) refs/heads/main refs/remotes/main [2ms]
2024-01-19 14:20:49.337 [info] > git status -z -uall [30ms]
2024-01-19 14:20:49.386 [info] > git ls-files --stage -- /home/dylan/Seafile/My Library/Temp_Git_Files/bigdale123.github.io/src/routes/+layout.svelte [3ms]
2024-01-19 14:20:49.404 [info] > git cat-file -s c72bde4189249a529c76b70dbc8adf1133c27c53 [3ms]
2024-01-19 14:20:49.425 [info] > git show --textconv :src/routes/+layout.svelte [3ms]
2024-01-19 14:20:52.370 [info] > git ls-files --stage -- /home/dylan/Seafile/My Library/Temp_Git_Files/bigdale123.github.io/src/routes/+layout.svelte [4ms]
2024-01-19 14:20:52.388 [info] > git cat-file -s c72bde4189249a529c76b70dbc8adf1133c27c53 [2ms]
2024-01-19 14:20:52.415 [info] > git show --textconv :src/routes/+layout.svelte [5ms]
2024-01-19 14:22:05.210 [info] > git config --get commit.template [21ms]
2024-01-19 14:22:05.212 [info] > git for-each-ref --format=%(refname)%00%(upstream:short)%00%(objectname)%00%(upstream:track)%00%(upstream:remotename)%00%(upstream:remoteref) refs/heads/main refs/remotes/main [3ms]
2024-01-19 14:22:05.297 [info] > git status -z -uall [57ms]
2024-01-19 14:22:13.355 [info] > git config --get commit.template [1ms]
2024-01-19 14:22:13.375 [info] > git for-each-ref --format=%(refname)%00%(upstream:short)%00%(objectname)%00%(upstream:track)%00%(upstream:remotename)%00%(upstream:remoteref) refs/heads/main refs/remotes/main [4ms]
2024-01-19 14:22:13.432 [info] > git status -z -uall [38ms]
2024-01-19 14:22:21.220 [info] > git config --get commit.template [5ms]
2024-01-19 14:22:21.241 [info] > git for-each-ref --format=%(refname)%00%(upstream:short)%00%(objectname)%00%(upstream:track)%00%(upstream:remotename)%00%(upstream:remoteref) refs/heads/main refs/remotes/main [2ms]
2024-01-19 14:22:21.296 [info] > git status -z -uall [37ms]
2024-01-19 14:22:36.722 [info] > git config --get commit.template [22ms]
2024-01-19 14:22:36.724 [info] > git for-each-ref --format=%(refname)%00%(upstream:short)%00%(objectname)%00%(upstream:track)%00%(upstream:remotename)%00%(upstream:remoteref) refs/heads/main refs/remotes/main [3ms]
2024-01-19 14:22:36.785 [info] > git status -z -uall [41ms]
2024-01-19 14:23:06.443 [info] > git config --get commit.template [20ms]
2024-01-19 14:23:06.444 [info] > git for-each-ref --format=%(refname)%00%(upstream:short)%00%(objectname)%00%(upstream:track)%00%(upstream:remotename)%00%(upstream:remoteref) refs/heads/main refs/remotes/main [3ms]
2024-01-19 14:23:06.498 [info] > git status -z -uall [34ms]
2024-01-19 14:23:07.836 [info] > git show --textconv :src/routes/+layout.js [16ms]
2024-01-19 14:23:07.839 [info] > git ls-files --stage -- /home/dylan/Seafile/My Library/Temp_Git_Files/bigdale123.github.io/src/routes/+layout.js [3ms]
2024-01-19 14:23:07.857 [info] > git cat-file -s c8cacf0895342e5b27842850d40b3efc28f5a4ab [2ms]
2024-01-19 14:23:09.431 [info] > git show --textconv :src/routes/+layout.svelte [15ms]
2024-01-19 14:23:09.435 [info] > git ls-files --stage -- /home/dylan/Seafile/My Library/Temp_Git_Files/bigdale123.github.io/src/routes/+layout.svelte [4ms]
2024-01-19 14:23:09.453 [info] > git cat-file -s c72bde4189249a529c76b70dbc8adf1133c27c53 [3ms]
2024-01-19 14:23:20.707 [info] > git config --get commit.template [15ms]
2024-01-19 14:23:20.708 [info] > git for-each-ref --format=%(refname)%00%(upstream:short)%00%(objectname)%00%(upstream:track)%00%(upstream:remotename)%00%(upstream:remoteref) refs/heads/main refs/remotes/main [2ms]
2024-01-19 14:23:20.753 [info] > git status -z -uall [30ms]
2024-01-19 14:23:21.460 [info] > git show --textconv :src/routes/+layout.js [18ms]
2024-01-19 14:23:21.464 [info] > git ls-files --stage -- /home/dylan/Seafile/My Library/Temp_Git_Files/bigdale123.github.io/src/routes/+layout.js [5ms]
2024-01-19 14:23:21.483 [info] > git cat-file -s c8cacf0895342e5b27842850d40b3efc28f5a4ab [3ms]
2024-01-19 14:23:25.030 [info] > git show --textconv :src/routes/+layout.svelte [21ms]
2024-01-19 14:23:25.034 [info] > git ls-files --stage -- /home/dylan/Seafile/My Library/Temp_Git_Files/bigdale123.github.io/src/routes/+layout.svelte [5ms]
2024-01-19 14:23:25.054 [info] > git cat-file -s c72bde4189249a529c76b70dbc8adf1133c27c53 [3ms]
2024-01-19 14:23:25.793 [info] > git config --get commit.template [17ms]
2024-01-19 14:23:25.794 [info] > git for-each-ref --format=%(refname)%00%(upstream:short)%00%(objectname)%00%(upstream:track)%00%(upstream:remotename)%00%(upstream:remoteref) refs/heads/main refs/remotes/main [2ms]
2024-01-19 14:23:25.838 [info] > git status -z -uall [30ms]
2024-01-19 14:23:34.947 [info] > git config --get commit.template [2ms]
2024-01-19 14:23:34.964 [info] > git for-each-ref --format=%(refname)%00%(upstream:short)%00%(objectname)%00%(upstream:track)%00%(upstream:remotename)%00%(upstream:remoteref) refs/heads/main refs/remotes/main [2ms]
2024-01-19 14:23:35.010 [info] > git status -z -uall [30ms]
2024-01-19 14:23:40.051 [info] > git config --get commit.template [17ms]
2024-01-19 14:23:40.052 [info] > git for-each-ref --format=%(refname)%00%(upstream:short)%00%(objectname)%00%(upstream:track)%00%(upstream:remotename)%00%(upstream:remoteref) refs/heads/main refs/remotes/main [2ms]
2024-01-19 14:23:40.101 [info] > git status -z -uall [32ms]
2024-01-19 14:23:46.524 [info] > git show --textconv :src/routes/+layout.js [17ms]
2024-01-19 14:23:46.529 [info] > git ls-files --stage -- /home/dylan/Seafile/My Library/Temp_Git_Files/bigdale123.github.io/src/routes/+layout.js [6ms]
2024-01-19 14:23:46.548 [info] > git cat-file -s c8cacf0895342e5b27842850d40b3efc28f5a4ab [3ms]
2024-01-19 14:23:54.383 [info] > git config --get commit.template [16ms]
2024-01-19 14:23:54.384 [info] > git for-each-ref --format=%(refname)%00%(upstream:short)%00%(objectname)%00%(upstream:track)%00%(upstream:remotename)%00%(upstream:remoteref) refs/heads/main refs/remotes/main [3ms]
2024-01-19 14:23:54.439 [info] > git status -z -uall [38ms]
2024-01-19 14:23:54.942 [info] > git show --textconv :src/routes/+layout.svelte [17ms]
2024-01-19 14:23:54.945 [info] > git ls-files --stage -- /home/dylan/Seafile/My Library/Temp_Git_Files/bigdale123.github.io/src/routes/+layout.svelte [4ms]
2024-01-19 14:23:54.961 [info] > git cat-file -s c72bde4189249a529c76b70dbc8adf1133c27c53 [2ms]
2024-01-19 14:24:07.711 [info] > git config --get commit.template [16ms]
2024-01-19 14:24:07.712 [info] > git for-each-ref --format=%(refname)%00%(upstream:short)%00%(objectname)%00%(upstream:track)%00%(upstream:remotename)%00%(upstream:remoteref) refs/heads/main refs/remotes/main [2ms]
2024-01-19 14:24:07.756 [info] > git status -z -uall [29ms]
2024-01-19 14:25:11.101 [info] > git show --textconv :src/routes/+layout.js [20ms]
2024-01-19 14:25:11.105 [info] > git ls-files --stage -- /home/dylan/Seafile/My Library/Temp_Git_Files/bigdale123.github.io/src/routes/+layout.js [5ms]
2024-01-19 14:25:11.124 [info] > git cat-file -s c8cacf0895342e5b27842850d40b3efc28f5a4ab [3ms]
2024-01-19 14:26:15.057 [info] > git show --textconv :src/routes/+layout.svelte [19ms]
2024-01-19 14:26:15.060 [info] > git ls-files --stage -- /home/dylan/Seafile/My Library/Temp_Git_Files/bigdale123.github.io/src/routes/+layout.svelte [3ms]
2024-01-19 14:26:15.079 [info] > git cat-file -s c72bde4189249a529c76b70dbc8adf1133c27c53 [1ms]
2024-01-19 14:30:22.945 [info] > git check-ignore -v -z --stdin [6ms]
2024-01-19 14:30:23.082 [info] > git config --get commit.template [18ms]
2024-01-19 14:30:23.084 [info] > git for-each-ref --format=%(refname)%00%(upstream:short)%00%(objectname)%00%(upstream:track)%00%(upstream:remotename)%00%(upstream:remoteref) refs/heads/main refs/remotes/main [3ms]
2024-01-19 14:30:23.132 [info] > git status -z -uall [32ms]
2024-01-19 14:31:13.573 [info] > git config --get commit.template [17ms]
2024-01-19 14:31:13.575 [info] > git for-each-ref --format=%(refname)%00%(upstream:short)%00%(objectname)%00%(upstream:track)%00%(upstream:remotename)%00%(upstream:remoteref) refs/heads/main refs/remotes/main [3ms]
2024-01-19 14:31:13.626 [info] > git status -z -uall [34ms]
2024-01-19 14:31:22.113 [info] > git check-ignore -v -z --stdin [3ms]
2024-01-19 14:31:47.062 [info] > git config --get commit.template [18ms]
2024-01-19 14:31:47.064 [info] > git for-each-ref --format=%(refname)%00%(upstream:short)%00%(objectname)%00%(upstream:track)%00%(upstream:remotename)%00%(upstream:remoteref) refs/heads/main refs/remotes/main [3ms]
2024-01-19 14:31:47.112 [info] > git status -z -uall [33ms]
2024-01-19 14:31:51.316 [info] > git show --textconv :postcss.config.cjs [17ms]
2024-01-19 14:31:51.319 [info] > git ls-files --stage -- /home/dylan/Seafile/My Library/Temp_Git_Files/bigdale123.github.io/postcss.config.cjs [4ms]
2024-01-19 14:31:54.304 [info] > git show --textconv :postcss.config.js [15ms]
2024-01-19 14:31:54.306 [info] > git ls-files --stage -- /home/dylan/Seafile/My Library/Temp_Git_Files/bigdale123.github.io/postcss.config.js [3ms]
2024-01-19 14:31:54.327 [info] > git cat-file -s 2e7af2b7f1a6f391da1631d93968a9d487ba977d [3ms]
2024-01-19 14:31:55.804 [info] > git show --textconv :postcss.config.cjs [18ms]
2024-01-19 14:31:55.808 [info] > git ls-files --stage -- /home/dylan/Seafile/My Library/Temp_Git_Files/bigdale123.github.io/postcss.config.cjs [4ms]
2024-01-19 14:32:23.572 [info] > git show --textconv :src/app.pcss [19ms]
2024-01-19 14:32:23.576 [info] > git ls-files --stage -- /home/dylan/Seafile/My Library/Temp_Git_Files/bigdale123.github.io/src/app.pcss [5ms]
2024-01-19 14:33:51.562 [info] > git check-ignore -v -z --stdin [3ms]
2024-01-19 14:36:00.048 [info] > git config --get commit.template [21ms]
2024-01-19 14:36:00.049 [info] > git for-each-ref --format=%(refname)%00%(upstream:short)%00%(objectname)%00%(upstream:track)%00%(upstream:remotename)%00%(upstream:remoteref) refs/heads/main refs/remotes/main [3ms]
2024-01-19 14:36:00.103 [info] > git status -z -uall [37ms]
2024-01-19 14:36:01.789 [info] > git show --textconv :tailwind.config.js [18ms]
2024-01-19 14:36:01.792 [info] > git ls-files --stage -- /home/dylan/Seafile/My Library/Temp_Git_Files/bigdale123.github.io/tailwind.config.js [4ms]
2024-01-19 14:36:01.810 [info] > git cat-file -s 13207ccbb9263973d5f4a01049b2c665b11c269a [2ms]
2024-01-19 14:36:02.263 [info] > git show --textconv :vite.config.js [19ms]
2024-01-19 14:36:02.266 [info] > git ls-files --stage -- /home/dylan/Seafile/My Library/Temp_Git_Files/bigdale123.github.io/vite.config.js [4ms]
2024-01-19 14:36:02.285 [info] > git cat-file -s bbf8c7da43f0080dc6b9fb275f9583b7c17f1506 [3ms]
2024-01-19 14:36:06.820 [info] > git show --textconv :src/routes/+layout.svelte [17ms]
2024-01-19 14:36:06.822 [info] > git ls-files --stage -- /home/dylan/Seafile/My Library/Temp_Git_Files/bigdale123.github.io/src/routes/+layout.svelte [3ms]
2024-01-19 14:36:06.839 [info] > git cat-file -s c72bde4189249a529c76b70dbc8adf1133c27c53 [2ms]
2024-01-19 14:36:08.086 [info] > git config --get commit.template [2ms]
2024-01-19 14:36:08.116 [info] > git for-each-ref --format=%(refname)%00%(upstream:short)%00%(objectname)%00%(upstream:track)%00%(upstream:remotename)%00%(upstream:remoteref) refs/heads/main refs/remotes/main [5ms]
2024-01-19 14:36:08.199 [info] > git status -z -uall [55ms]
2024-01-19 14:37:28.887 [info] > git config --get commit.template [15ms]
2024-01-19 14:37:28.888 [info] > git for-each-ref --format=%(refname)%00%(upstream:short)%00%(objectname)%00%(upstream:track)%00%(upstream:remotename)%00%(upstream:remoteref) refs/heads/main refs/remotes/main [2ms]
2024-01-19 14:37:28.944 [info] > git status -z -uall [42ms]
2024-01-19 14:37:49.630 [info] > git config --get commit.template [26ms]
2024-01-19 14:37:49.631 [info] > git for-each-ref --format=%(refname)%00%(upstream:short)%00%(objectname)%00%(upstream:track)%00%(upstream:remotename)%00%(upstream:remoteref) refs/heads/main refs/remotes/main [3ms]
2024-01-19 14:37:49.697 [info] > git status -z -uall [43ms]
2024-01-19 14:38:00.786 [info] > git config --get commit.template [23ms]
2024-01-19 14:38:00.788 [info] > git for-each-ref --format=%(refname)%00%(upstream:short)%00%(objectname)%00%(upstream:track)%00%(upstream:remotename)%00%(upstream:remoteref) refs/heads/main refs/remotes/main [4ms]
2024-01-19 14:38:00.848 [info] > git status -z -uall [38ms]
2024-01-19 14:38:20.621 [info] > git config --get commit.template [23ms]
2024-01-19 14:38:20.622 [info] > git for-each-ref --format=%(refname)%00%(upstream:short)%00%(objectname)%00%(upstream:track)%00%(upstream:remotename)%00%(upstream:remoteref) refs/heads/main refs/remotes/main [2ms]
2024-01-19 14:38:20.681 [info] > git status -z -uall [37ms]
2024-01-19 14:38:30.898 [info] > git show --textconv :src/app.pcss [22ms]
2024-01-19 14:38:30.900 [info] > git ls-files --stage -- /home/dylan/Seafile/My Library/Temp_Git_Files/bigdale123.github.io/src/app.pcss [4ms]
2024-01-19 14:38:36.054 [info] > git show --textconv :src/routes/+layout.svelte [20ms]
2024-01-19 14:38:36.058 [info] > git ls-files --stage -- /home/dylan/Seafile/My Library/Temp_Git_Files/bigdale123.github.io/src/routes/+layout.svelte [4ms]
2024-01-19 14:38:36.078 [info] > git cat-file -s c72bde4189249a529c76b70dbc8adf1133c27c53 [2ms]
2024-01-19 14:38:45.170 [info] > git config --get commit.template [17ms]
2024-01-19 14:38:45.171 [info] > git for-each-ref --format=%(refname)%00%(upstream:short)%00%(objectname)%00%(upstream:track)%00%(upstream:remotename)%00%(upstream:remoteref) refs/heads/main refs/remotes/main [2ms]
2024-01-19 14:38:45.229 [info] > git status -z -uall [42ms]
2024-01-19 14:38:46.669 [info] > git show --textconv :src/routes/+page.svelte [26ms]
2024-01-19 14:38:46.672 [info] > git ls-files --stage -- /home/dylan/Seafile/My Library/Temp_Git_Files/bigdale123.github.io/src/routes/+page.svelte [3ms]
2024-01-19 14:38:46.695 [info] > git cat-file -s ab2db1c037e3a653889c426597ccee5476ef0bd2 [2ms]
2024-01-19 14:38:47.754 [info] > git show --textconv :src/routes/+layout.js [19ms]
2024-01-19 14:38:47.758 [info] > git ls-files --stage -- /home/dylan/Seafile/My Library/Temp_Git_Files/bigdale123.github.io/src/routes/+layout.js [5ms]
2024-01-19 14:38:47.782 [info] > git cat-file -s c8cacf0895342e5b27842850d40b3efc28f5a4ab [5ms]
2024-01-19 14:38:48.814 [info] > git show --textconv :src/routes/+layout.svelte [21ms]
2024-01-19 14:38:48.818 [info] > git ls-files --stage -- /home/dylan/Seafile/My Library/Temp_Git_Files/bigdale123.github.io/src/routes/+layout.svelte [5ms]
2024-01-19 14:38:48.839 [info] > git cat-file -s c72bde4189249a529c76b70dbc8adf1133c27c53 [2ms]
2024-01-19 14:39:36.778 [info] > git check-ignore -v -z --stdin [3ms]
2024-01-19 14:39:37.848 [info] > git check-ignore -v -z --stdin [4ms]
2024-01-19 14:39:51.935 [info] > git show --textconv :.gitignore [18ms]
2024-01-19 14:39:51.938 [info] > git ls-files --stage -- /home/dylan/Seafile/My Library/Temp_Git_Files/bigdale123.github.io/.gitignore [5ms]
2024-01-19 14:39:55.520 [info] > git config --get commit.template [24ms]
2024-01-19 14:39:55.522 [info] > git for-each-ref --format=%(refname)%00%(upstream:short)%00%(objectname)%00%(upstream:track)%00%(upstream:remotename)%00%(upstream:remoteref) refs/heads/main refs/remotes/main [3ms]
2024-01-19 14:39:55.659 [info] > git status -z -uall [121ms]
2024-01-19 14:39:59.482 [info] > git check-ignore -v -z --stdin [9ms]
2024-01-19 14:40:01.418 [info] > git config --get commit.template [24ms]
2024-01-19 14:40:01.418 [info] > git for-each-ref --format=%(refname)%00%(upstream:short)%00%(objectname)%00%(upstream:track)%00%(upstream:remotename)%00%(upstream:remoteref) refs/heads/main refs/remotes/main [2ms]
2024-01-19 14:40:01.765 [info] > git status -z -uall [326ms]
