2024-04-27T18:43:09.793Z [Modules] Modules initializing
2024-04-27T18:43:09.794Z [Modules] Distribution: remote
2024-04-27T18:43:09.794Z [Modules] Host updates: enabled
2024-04-27T18:43:09.794Z [Modules] Module updates: enabled
2024-04-27T18:43:09.795Z [Modules] Module install path: /home/dylan/.config/discord/0.0.51/modules
2024-04-27T18:43:09.796Z [Modules] Module installed file path: /home/dylan/.config/discord/0.0.51/modules/installed.json
2024-04-27T18:43:09.800Z [Modules] Module download path: /home/dylan/.config/discord/0.0.51/modules/pending
2024-04-27T18:43:10.083Z [Modules] Bootstrapping...
2024-04-27T18:43:10.084Z [Modules] Installing discord_desktop_core@0 from /opt/discord/resources/bootstrap/discord_desktop_core.zip
2024-04-27T18:43:10.091Z [Modules] Failed installing discord_desktop_core@0: Error: ENOENT: no such file or directory, open '/opt/discord/resources/bootstrap/discord_desktop_core.zip'
2024-04-27T18:43:10.092Z [Modules] Installing discord_erlpack@0 from /opt/discord/resources/bootstrap/discord_erlpack.zip
2024-04-27T18:43:10.094Z [Modules] Failed installing discord_erlpack@0: Error: ENOENT: no such file or directory, open '/opt/discord/resources/bootstrap/discord_erlpack.zip'
2024-04-27T18:43:10.095Z [Modules] Installing discord_spellcheck@0 from /opt/discord/resources/bootstrap/discord_spellcheck.zip
2024-04-27T18:43:10.098Z [Modules] Failed installing discord_spellcheck@0: Error: ENOENT: no such file or directory, open '/opt/discord/resources/bootstrap/discord_spellcheck.zip'
2024-04-27T18:43:10.098Z [Modules] Installing discord_utils@0 from /opt/discord/resources/bootstrap/discord_utils.zip
2024-04-27T18:43:10.101Z [Modules] Failed installing discord_utils@0: Error: ENOENT: no such file or directory, open '/opt/discord/resources/bootstrap/discord_utils.zip'
2024-04-27T18:43:10.102Z [Modules] Installing discord_voice@0 from /opt/discord/resources/bootstrap/discord_voice.zip
2024-04-27T18:43:10.103Z [Modules] Failed installing discord_voice@0: Error: ENOENT: no such file or directory, open '/opt/discord/resources/bootstrap/discord_voice.zip'
2024-04-27T18:43:10.104Z [Modules] Installing discord_zstd@0 from /opt/discord/resources/bootstrap/discord_zstd.zip
2024-04-27T18:43:10.106Z [Modules] Failed installing discord_zstd@0: Error: ENOENT: no such file or directory, open '/opt/discord/resources/bootstrap/discord_zstd.zip'
2024-04-27T18:43:10.107Z [Modules] Finished module installations. [success: 0] [failure: 6]
2024-04-27T18:43:10.107Z [Modules] Checking for host updates.
2024-04-27T18:43:10.285Z [Modules] Host is up to date.
2024-04-27T18:43:10.286Z [Modules] Checking for module updates at https://discord.com/api/modules/stable/versions.json
2024-04-27T18:43:10.342Z [Modules] Module update available: discord_desktop_core@1 [installed: 0]
2024-04-27T18:43:10.342Z [Modules] Module update available: discord_erlpack@1 [installed: 0]
2024-04-27T18:43:10.343Z [Modules] Module update available: discord_spellcheck@1 [installed: 0]
2024-04-27T18:43:10.343Z [Modules] Module update available: discord_utils@1 [installed: 0]
2024-04-27T18:43:10.343Z [Modules] Module update available: discord_voice@1 [installed: 0]
2024-04-27T18:43:10.343Z [Modules] Module update available: discord_zstd@1 [installed: 0]
2024-04-27T18:43:10.344Z [Modules] Fetching discord_desktop_core@1 from https://discord.com/api/modules/stable/discord_desktop_core/1
2024-04-27T18:43:10.344Z [Modules] Streaming discord_desktop_core@1 to /home/dylan/.config/discord/0.0.51/modules/pending/discord_desktop_core-1.zip
2024-04-27T18:43:10.620Z [Modules] Streaming discord_desktop_core@1 to /home/dylan/.config/discord/0.0.51/modules/pending/discord_desktop_core-1.zip: 1%
2024-04-27T18:43:10.633Z [Modules] Streaming discord_desktop_core@1 to /home/dylan/.config/discord/0.0.51/modules/pending/discord_desktop_core-1.zip: 2%
2024-04-27T18:43:10.651Z [Modules] Streaming discord_desktop_core@1 to /home/dylan/.config/discord/0.0.51/modules/pending/discord_desktop_core-1.zip: 3%
2024-04-27T18:43:10.660Z [Modules] Streaming discord_desktop_core@1 to /home/dylan/.config/discord/0.0.51/modules/pending/discord_desktop_core-1.zip: 4%
2024-04-27T18:43:10.678Z [Modules] Streaming discord_desktop_core@1 to /home/dylan/.config/discord/0.0.51/modules/pending/discord_desktop_core-1.zip: 7%
2024-04-27T18:43:10.691Z [Modules] Streaming discord_desktop_core@1 to /home/dylan/.config/discord/0.0.51/modules/pending/discord_desktop_core-1.zip: 9%
2024-04-27T18:43:10.694Z [Modules] Streaming discord_desktop_core@1 to /home/dylan/.config/discord/0.0.51/modules/pending/discord_desktop_core-1.zip: 10%
2024-04-27T18:43:10.700Z [Modules] Streaming discord_desktop_core@1 to /home/dylan/.config/discord/0.0.51/modules/pending/discord_desktop_core-1.zip: 12%
2024-04-27T18:43:10.705Z [Modules] Streaming discord_desktop_core@1 to /home/dylan/.config/discord/0.0.51/modules/pending/discord_desktop_core-1.zip: 15%
2024-04-27T18:43:10.712Z [Modules] Streaming discord_desktop_core@1 to /home/dylan/.config/discord/0.0.51/modules/pending/discord_desktop_core-1.zip: 18%
2024-04-27T18:43:10.717Z [Modules] Streaming discord_desktop_core@1 to /home/dylan/.config/discord/0.0.51/modules/pending/discord_desktop_core-1.zip: 20%
2024-04-27T18:43:10.721Z [Modules] Streaming discord_desktop_core@1 to /home/dylan/.config/discord/0.0.51/modules/pending/discord_desktop_core-1.zip: 23%
2024-04-27T18:43:10.726Z [Modules] Streaming discord_desktop_core@1 to /home/dylan/.config/discord/0.0.51/modules/pending/discord_desktop_core-1.zip: 26%
2024-04-27T18:43:10.729Z [Modules] Streaming discord_desktop_core@1 to /home/dylan/.config/discord/0.0.51/modules/pending/discord_desktop_core-1.zip: 29%
2024-04-27T18:43:10.733Z [Modules] Streaming discord_desktop_core@1 to /home/dylan/.config/discord/0.0.51/modules/pending/discord_desktop_core-1.zip: 32%
2024-04-27T18:43:10.736Z [Modules] Streaming discord_desktop_core@1 to /home/dylan/.config/discord/0.0.51/modules/pending/discord_desktop_core-1.zip: 35%
2024-04-27T18:43:10.738Z [Modules] Streaming discord_desktop_core@1 to /home/dylan/.config/discord/0.0.51/modules/pending/discord_desktop_core-1.zip: 38%
2024-04-27T18:43:10.741Z [Modules] Streaming discord_desktop_core@1 to /home/dylan/.config/discord/0.0.51/modules/pending/discord_desktop_core-1.zip: 41%
2024-04-27T18:43:10.744Z [Modules] Streaming discord_desktop_core@1 to /home/dylan/.config/discord/0.0.51/modules/pending/discord_desktop_core-1.zip: 44%
2024-04-27T18:43:10.746Z [Modules] Streaming discord_desktop_core@1 to /home/dylan/.config/discord/0.0.51/modules/pending/discord_desktop_core-1.zip: 47%
2024-04-27T18:43:10.749Z [Modules] Streaming discord_desktop_core@1 to /home/dylan/.config/discord/0.0.51/modules/pending/discord_desktop_core-1.zip: 50%
2024-04-27T18:43:10.751Z [Modules] Streaming discord_desktop_core@1 to /home/dylan/.config/discord/0.0.51/modules/pending/discord_desktop_core-1.zip: 53%
2024-04-27T18:43:10.752Z [Modules] Streaming discord_desktop_core@1 to /home/dylan/.config/discord/0.0.51/modules/pending/discord_desktop_core-1.zip: 54%
2024-04-27T18:43:10.754Z [Modules] Streaming discord_desktop_core@1 to /home/dylan/.config/discord/0.0.51/modules/pending/discord_desktop_core-1.zip: 55%
2024-04-27T18:43:10.757Z [Modules] Streaming discord_desktop_core@1 to /home/dylan/.config/discord/0.0.51/modules/pending/discord_desktop_core-1.zip: 58%
2024-04-27T18:43:10.763Z [Modules] Streaming discord_desktop_core@1 to /home/dylan/.config/discord/0.0.51/modules/pending/discord_desktop_core-1.zip: 61%
2024-04-27T18:43:10.765Z [Modules] Streaming discord_desktop_core@1 to /home/dylan/.config/discord/0.0.51/modules/pending/discord_desktop_core-1.zip: 64%
2024-04-27T18:43:10.767Z [Modules] Streaming discord_desktop_core@1 to /home/dylan/.config/discord/0.0.51/modules/pending/discord_desktop_core-1.zip: 67%
2024-04-27T18:43:10.769Z [Modules] Streaming discord_desktop_core@1 to /home/dylan/.config/discord/0.0.51/modules/pending/discord_desktop_core-1.zip: 73%
2024-04-27T18:43:10.770Z [Modules] Streaming discord_desktop_core@1 to /home/dylan/.config/discord/0.0.51/modules/pending/discord_desktop_core-1.zip: 76%
2024-04-27T18:43:10.772Z [Modules] Streaming discord_desktop_core@1 to /home/dylan/.config/discord/0.0.51/modules/pending/discord_desktop_core-1.zip: 79%
2024-04-27T18:43:10.774Z [Modules] Streaming discord_desktop_core@1 to /home/dylan/.config/discord/0.0.51/modules/pending/discord_desktop_core-1.zip: 82%
2024-04-27T18:43:10.775Z [Modules] Streaming discord_desktop_core@1 to /home/dylan/.config/discord/0.0.51/modules/pending/discord_desktop_core-1.zip: 88%
2024-04-27T18:43:10.777Z [Modules] Streaming discord_desktop_core@1 to /home/dylan/.config/discord/0.0.51/modules/pending/discord_desktop_core-1.zip: 91%
2024-04-27T18:43:10.778Z [Modules] Streaming discord_desktop_core@1 to /home/dylan/.config/discord/0.0.51/modules/pending/discord_desktop_core-1.zip: 94%
2024-04-27T18:43:10.780Z [Modules] Streaming discord_desktop_core@1 to /home/dylan/.config/discord/0.0.51/modules/pending/discord_desktop_core-1.zip: 96%
2024-04-27T18:43:10.781Z [Modules] Streaming discord_desktop_core@1 to /home/dylan/.config/discord/0.0.51/modules/pending/discord_desktop_core-1.zip: 100%
2024-04-27T18:43:10.784Z [Modules] Fetching discord_erlpack@1 from https://discord.com/api/modules/stable/discord_erlpack/1
2024-04-27T18:43:10.784Z [Modules] Streaming discord_erlpack@1 to /home/dylan/.config/discord/0.0.51/modules/pending/discord_erlpack-1.zip
2024-04-27T18:43:10.896Z [Modules] Streaming discord_erlpack@1 to /home/dylan/.config/discord/0.0.51/modules/pending/discord_erlpack-1.zip: 3%
2024-04-27T18:43:10.898Z [Modules] Streaming discord_erlpack@1 to /home/dylan/.config/discord/0.0.51/modules/pending/discord_erlpack-1.zip: 9%
2024-04-27T18:43:10.900Z [Modules] Streaming discord_erlpack@1 to /home/dylan/.config/discord/0.0.51/modules/pending/discord_erlpack-1.zip: 16%
2024-04-27T18:43:10.903Z [Modules] Streaming discord_erlpack@1 to /home/dylan/.config/discord/0.0.51/modules/pending/discord_erlpack-1.zip: 22%
2024-04-27T18:43:10.905Z [Modules] Streaming discord_erlpack@1 to /home/dylan/.config/discord/0.0.51/modules/pending/discord_erlpack-1.zip: 26%
2024-04-27T18:43:10.907Z [Modules] Streaming discord_erlpack@1 to /home/dylan/.config/discord/0.0.51/modules/pending/discord_erlpack-1.zip: 33%
2024-04-27T18:43:10.909Z [Modules] Streaming discord_erlpack@1 to /home/dylan/.config/discord/0.0.51/modules/pending/discord_erlpack-1.zip: 36%
2024-04-27T18:43:10.912Z [Modules] Streaming discord_erlpack@1 to /home/dylan/.config/discord/0.0.51/modules/pending/discord_erlpack-1.zip: 43%
2024-04-27T18:43:10.914Z [Modules] Streaming discord_erlpack@1 to /home/dylan/.config/discord/0.0.51/modules/pending/discord_erlpack-1.zip: 49%
2024-04-27T18:43:10.918Z [Modules] Streaming discord_erlpack@1 to /home/dylan/.config/discord/0.0.51/modules/pending/discord_erlpack-1.zip: 58%
2024-04-27T18:43:10.920Z [Modules] Streaming discord_erlpack@1 to /home/dylan/.config/discord/0.0.51/modules/pending/discord_erlpack-1.zip: 65%
2024-04-27T18:43:10.922Z [Modules] Streaming discord_erlpack@1 to /home/dylan/.config/discord/0.0.51/modules/pending/discord_erlpack-1.zip: 69%
2024-04-27T18:43:10.925Z [Modules] Streaming discord_erlpack@1 to /home/dylan/.config/discord/0.0.51/modules/pending/discord_erlpack-1.zip: 75%
2024-04-27T18:43:10.927Z [Modules] Streaming discord_erlpack@1 to /home/dylan/.config/discord/0.0.51/modules/pending/discord_erlpack-1.zip: 79%
2024-04-27T18:43:10.929Z [Modules] Streaming discord_erlpack@1 to /home/dylan/.config/discord/0.0.51/modules/pending/discord_erlpack-1.zip: 86%
2024-04-27T18:43:10.931Z [Modules] Streaming discord_erlpack@1 to /home/dylan/.config/discord/0.0.51/modules/pending/discord_erlpack-1.zip: 91%
2024-04-27T18:43:10.933Z [Modules] Streaming discord_erlpack@1 to /home/dylan/.config/discord/0.0.51/modules/pending/discord_erlpack-1.zip: 94%
2024-04-27T18:43:10.935Z [Modules] Streaming discord_erlpack@1 to /home/dylan/.config/discord/0.0.51/modules/pending/discord_erlpack-1.zip: 100%
2024-04-27T18:43:10.938Z [Modules] Fetching discord_spellcheck@1 from https://discord.com/api/modules/stable/discord_spellcheck/1
2024-04-27T18:43:10.938Z [Modules] Streaming discord_spellcheck@1 to /home/dylan/.config/discord/0.0.51/modules/pending/discord_spellcheck-1.zip
2024-04-27T18:43:11.060Z [Modules] Streaming discord_spellcheck@1 to /home/dylan/.config/discord/0.0.51/modules/pending/discord_spellcheck-1.zip: 1%
2024-04-27T18:43:11.062Z [Modules] Streaming discord_spellcheck@1 to /home/dylan/.config/discord/0.0.51/modules/pending/discord_spellcheck-1.zip: 2%
2024-04-27T18:43:11.065Z [Modules] Streaming discord_spellcheck@1 to /home/dylan/.config/discord/0.0.51/modules/pending/discord_spellcheck-1.zip: 3%
2024-04-27T18:43:11.067Z [Modules] Streaming discord_spellcheck@1 to /home/dylan/.config/discord/0.0.51/modules/pending/discord_spellcheck-1.zip: 4%
2024-04-27T18:43:11.070Z [Modules] Streaming discord_spellcheck@1 to /home/dylan/.config/discord/0.0.51/modules/pending/discord_spellcheck-1.zip: 6%
2024-04-27T18:43:11.072Z [Modules] Streaming discord_spellcheck@1 to /home/dylan/.config/discord/0.0.51/modules/pending/discord_spellcheck-1.zip: 7%
2024-04-27T18:43:11.074Z [Modules] Streaming discord_spellcheck@1 to /home/dylan/.config/discord/0.0.51/modules/pending/discord_spellcheck-1.zip: 8%
2024-04-27T18:43:11.076Z [Modules] Streaming discord_spellcheck@1 to /home/dylan/.config/discord/0.0.51/modules/pending/discord_spellcheck-1.zip: 9%
2024-04-27T18:43:11.079Z [Modules] Streaming discord_spellcheck@1 to /home/dylan/.config/discord/0.0.51/modules/pending/discord_spellcheck-1.zip: 10%
2024-04-27T18:43:11.081Z [Modules] Streaming discord_spellcheck@1 to /home/dylan/.config/discord/0.0.51/modules/pending/discord_spellcheck-1.zip: 11%
2024-04-27T18:43:11.083Z [Modules] Streaming discord_spellcheck@1 to /home/dylan/.config/discord/0.0.51/modules/pending/discord_spellcheck-1.zip: 12%
2024-04-27T18:43:11.084Z [Modules] Streaming discord_spellcheck@1 to /home/dylan/.config/discord/0.0.51/modules/pending/discord_spellcheck-1.zip: 13%
2024-04-27T18:43:11.087Z [Modules] Streaming discord_spellcheck@1 to /home/dylan/.config/discord/0.0.51/modules/pending/discord_spellcheck-1.zip: 14%
2024-04-27T18:43:11.089Z [Modules] Streaming discord_spellcheck@1 to /home/dylan/.config/discord/0.0.51/modules/pending/discord_spellcheck-1.zip: 15%
2024-04-27T18:43:11.092Z [Modules] Streaming discord_spellcheck@1 to /home/dylan/.config/discord/0.0.51/modules/pending/discord_spellcheck-1.zip: 16%
2024-04-27T18:43:11.093Z [Modules] Streaming discord_spellcheck@1 to /home/dylan/.config/discord/0.0.51/modules/pending/discord_spellcheck-1.zip: 17%
2024-04-27T18:43:11.096Z [Modules] Streaming discord_spellcheck@1 to /home/dylan/.config/discord/0.0.51/modules/pending/discord_spellcheck-1.zip: 18%
2024-04-27T18:43:11.098Z [Modules] Streaming discord_spellcheck@1 to /home/dylan/.config/discord/0.0.51/modules/pending/discord_spellcheck-1.zip: 19%
2024-04-27T18:43:11.100Z [Modules] Streaming discord_spellcheck@1 to /home/dylan/.config/discord/0.0.51/modules/pending/discord_spellcheck-1.zip: 20%
2024-04-27T18:43:11.102Z [Modules] Streaming discord_spellcheck@1 to /home/dylan/.config/discord/0.0.51/modules/pending/discord_spellcheck-1.zip: 21%
2024-04-27T18:43:11.104Z [Modules] Streaming discord_spellcheck@1 to /home/dylan/.config/discord/0.0.51/modules/pending/discord_spellcheck-1.zip: 22%
2024-04-27T18:43:11.106Z [Modules] Streaming discord_spellcheck@1 to /home/dylan/.config/discord/0.0.51/modules/pending/discord_spellcheck-1.zip: 23%
2024-04-27T18:43:11.108Z [Modules] Streaming discord_spellcheck@1 to /home/dylan/.config/discord/0.0.51/modules/pending/discord_spellcheck-1.zip: 24%
2024-04-27T18:43:11.111Z [Modules] Streaming discord_spellcheck@1 to /home/dylan/.config/discord/0.0.51/modules/pending/discord_spellcheck-1.zip: 25%
2024-04-27T18:43:11.113Z [Modules] Streaming discord_spellcheck@1 to /home/dylan/.config/discord/0.0.51/modules/pending/discord_spellcheck-1.zip: 26%
2024-04-27T18:43:11.170Z [Modules] Streaming discord_spellcheck@1 to /home/dylan/.config/discord/0.0.51/modules/pending/discord_spellcheck-1.zip: 27%
2024-04-27T18:43:11.172Z [Modules] Streaming discord_spellcheck@1 to /home/dylan/.config/discord/0.0.51/modules/pending/discord_spellcheck-1.zip: 28%
2024-04-27T18:43:11.173Z [Modules] Streaming discord_spellcheck@1 to /home/dylan/.config/discord/0.0.51/modules/pending/discord_spellcheck-1.zip: 29%
2024-04-27T18:43:11.176Z [Modules] Streaming discord_spellcheck@1 to /home/dylan/.config/discord/0.0.51/modules/pending/discord_spellcheck-1.zip: 31%
2024-04-27T18:43:11.178Z [Modules] Streaming discord_spellcheck@1 to /home/dylan/.config/discord/0.0.51/modules/pending/discord_spellcheck-1.zip: 32%
2024-04-27T18:43:11.180Z [Modules] Streaming discord_spellcheck@1 to /home/dylan/.config/discord/0.0.51/modules/pending/discord_spellcheck-1.zip: 34%
2024-04-27T18:43:11.183Z [Modules] Streaming discord_spellcheck@1 to /home/dylan/.config/discord/0.0.51/modules/pending/discord_spellcheck-1.zip: 35%
2024-04-27T18:43:11.184Z [Modules] Streaming discord_spellcheck@1 to /home/dylan/.config/discord/0.0.51/modules/pending/discord_spellcheck-1.zip: 36%
2024-04-27T18:43:11.185Z [Modules] Streaming discord_spellcheck@1 to /home/dylan/.config/discord/0.0.51/modules/pending/discord_spellcheck-1.zip: 38%
2024-04-27T18:43:11.188Z [Modules] Streaming discord_spellcheck@1 to /home/dylan/.config/discord/0.0.51/modules/pending/discord_spellcheck-1.zip: 39%
2024-04-27T18:43:11.190Z [Modules] Streaming discord_spellcheck@1 to /home/dylan/.config/discord/0.0.51/modules/pending/discord_spellcheck-1.zip: 40%
2024-04-27T18:43:11.191Z [Modules] Streaming discord_spellcheck@1 to /home/dylan/.config/discord/0.0.51/modules/pending/discord_spellcheck-1.zip: 41%
2024-04-27T18:43:11.193Z [Modules] Streaming discord_spellcheck@1 to /home/dylan/.config/discord/0.0.51/modules/pending/discord_spellcheck-1.zip: 43%
2024-04-27T18:43:11.194Z [Modules] Streaming discord_spellcheck@1 to /home/dylan/.config/discord/0.0.51/modules/pending/discord_spellcheck-1.zip: 44%
2024-04-27T18:43:11.195Z [Modules] Streaming discord_spellcheck@1 to /home/dylan/.config/discord/0.0.51/modules/pending/discord_spellcheck-1.zip: 45%
2024-04-27T18:43:11.198Z [Modules] Streaming discord_spellcheck@1 to /home/dylan/.config/discord/0.0.51/modules/pending/discord_spellcheck-1.zip: 48%
2024-04-27T18:43:11.199Z [Modules] Streaming discord_spellcheck@1 to /home/dylan/.config/discord/0.0.51/modules/pending/discord_spellcheck-1.zip: 49%
2024-04-27T18:43:11.200Z [Modules] Streaming discord_spellcheck@1 to /home/dylan/.config/discord/0.0.51/modules/pending/discord_spellcheck-1.zip: 51%
2024-04-27T18:43:11.201Z [Modules] Streaming discord_spellcheck@1 to /home/dylan/.config/discord/0.0.51/modules/pending/discord_spellcheck-1.zip: 53%
2024-04-27T18:43:11.203Z [Modules] Streaming discord_spellcheck@1 to /home/dylan/.config/discord/0.0.51/modules/pending/discord_spellcheck-1.zip: 55%
2024-04-27T18:43:11.204Z [Modules] Streaming discord_spellcheck@1 to /home/dylan/.config/discord/0.0.51/modules/pending/discord_spellcheck-1.zip: 57%
2024-04-27T18:43:11.213Z [Modules] Streaming discord_spellcheck@1 to /home/dylan/.config/discord/0.0.51/modules/pending/discord_spellcheck-1.zip: 58%
2024-04-27T18:43:11.215Z [Modules] Streaming discord_spellcheck@1 to /home/dylan/.config/discord/0.0.51/modules/pending/discord_spellcheck-1.zip: 60%
2024-04-27T18:43:11.217Z [Modules] Streaming discord_spellcheck@1 to /home/dylan/.config/discord/0.0.51/modules/pending/discord_spellcheck-1.zip: 61%
2024-04-27T18:43:11.218Z [Modules] Streaming discord_spellcheck@1 to /home/dylan/.config/discord/0.0.51/modules/pending/discord_spellcheck-1.zip: 62%
2024-04-27T18:43:11.219Z [Modules] Streaming discord_spellcheck@1 to /home/dylan/.config/discord/0.0.51/modules/pending/discord_spellcheck-1.zip: 64%
2024-04-27T18:43:11.221Z [Modules] Streaming discord_spellcheck@1 to /home/dylan/.config/discord/0.0.51/modules/pending/discord_spellcheck-1.zip: 66%
2024-04-27T18:43:11.222Z [Modules] Streaming discord_spellcheck@1 to /home/dylan/.config/discord/0.0.51/modules/pending/discord_spellcheck-1.zip: 67%
2024-04-27T18:43:11.223Z [Modules] Streaming discord_spellcheck@1 to /home/dylan/.config/discord/0.0.51/modules/pending/discord_spellcheck-1.zip: 68%
2024-04-27T18:43:11.225Z [Modules] Streaming discord_spellcheck@1 to /home/dylan/.config/discord/0.0.51/modules/pending/discord_spellcheck-1.zip: 70%
2024-04-27T18:43:11.226Z [Modules] Streaming discord_spellcheck@1 to /home/dylan/.config/discord/0.0.51/modules/pending/discord_spellcheck-1.zip: 73%
2024-04-27T18:43:11.229Z [Modules] Streaming discord_spellcheck@1 to /home/dylan/.config/discord/0.0.51/modules/pending/discord_spellcheck-1.zip: 74%
2024-04-27T18:43:11.231Z [Modules] Streaming discord_spellcheck@1 to /home/dylan/.config/discord/0.0.51/modules/pending/discord_spellcheck-1.zip: 75%
2024-04-27T18:43:11.233Z [Modules] Streaming discord_spellcheck@1 to /home/dylan/.config/discord/0.0.51/modules/pending/discord_spellcheck-1.zip: 76%
2024-04-27T18:43:11.235Z [Modules] Streaming discord_spellcheck@1 to /home/dylan/.config/discord/0.0.51/modules/pending/discord_spellcheck-1.zip: 77%
2024-04-27T18:43:11.237Z [Modules] Streaming discord_spellcheck@1 to /home/dylan/.config/discord/0.0.51/modules/pending/discord_spellcheck-1.zip: 78%
2024-04-27T18:43:11.239Z [Modules] Streaming discord_spellcheck@1 to /home/dylan/.config/discord/0.0.51/modules/pending/discord_spellcheck-1.zip: 79%
2024-04-27T18:43:11.242Z [Modules] Streaming discord_spellcheck@1 to /home/dylan/.config/discord/0.0.51/modules/pending/discord_spellcheck-1.zip: 80%
2024-04-27T18:43:11.243Z [Modules] Streaming discord_spellcheck@1 to /home/dylan/.config/discord/0.0.51/modules/pending/discord_spellcheck-1.zip: 81%
2024-04-27T18:43:11.246Z [Modules] Streaming discord_spellcheck@1 to /home/dylan/.config/discord/0.0.51/modules/pending/discord_spellcheck-1.zip: 82%
2024-04-27T18:43:11.248Z [Modules] Streaming discord_spellcheck@1 to /home/dylan/.config/discord/0.0.51/modules/pending/discord_spellcheck-1.zip: 83%
2024-04-27T18:43:11.250Z [Modules] Streaming discord_spellcheck@1 to /home/dylan/.config/discord/0.0.51/modules/pending/discord_spellcheck-1.zip: 84%
2024-04-27T18:43:11.252Z [Modules] Streaming discord_spellcheck@1 to /home/dylan/.config/discord/0.0.51/modules/pending/discord_spellcheck-1.zip: 85%
2024-04-27T18:43:11.255Z [Modules] Streaming discord_spellcheck@1 to /home/dylan/.config/discord/0.0.51/modules/pending/discord_spellcheck-1.zip: 86%
2024-04-27T18:43:11.256Z [Modules] Streaming discord_spellcheck@1 to /home/dylan/.config/discord/0.0.51/modules/pending/discord_spellcheck-1.zip: 87%
2024-04-27T18:43:11.259Z [Modules] Streaming discord_spellcheck@1 to /home/dylan/.config/discord/0.0.51/modules/pending/discord_spellcheck-1.zip: 88%
2024-04-27T18:43:11.261Z [Modules] Streaming discord_spellcheck@1 to /home/dylan/.config/discord/0.0.51/modules/pending/discord_spellcheck-1.zip: 89%
2024-04-27T18:43:11.263Z [Modules] Streaming discord_spellcheck@1 to /home/dylan/.config/discord/0.0.51/modules/pending/discord_spellcheck-1.zip: 90%
2024-04-27T18:43:11.265Z [Modules] Streaming discord_spellcheck@1 to /home/dylan/.config/discord/0.0.51/modules/pending/discord_spellcheck-1.zip: 91%
2024-04-27T18:43:11.293Z [Modules] Streaming discord_spellcheck@1 to /home/dylan/.config/discord/0.0.51/modules/pending/discord_spellcheck-1.zip: 92%
2024-04-27T18:43:11.295Z [Modules] Streaming discord_spellcheck@1 to /home/dylan/.config/discord/0.0.51/modules/pending/discord_spellcheck-1.zip: 93%
2024-04-27T18:43:11.296Z [Modules] Streaming discord_spellcheck@1 to /home/dylan/.config/discord/0.0.51/modules/pending/discord_spellcheck-1.zip: 95%
2024-04-27T18:43:11.298Z [Modules] Streaming discord_spellcheck@1 to /home/dylan/.config/discord/0.0.51/modules/pending/discord_spellcheck-1.zip: 97%
2024-04-27T18:43:11.304Z [Modules] Streaming discord_spellcheck@1 to /home/dylan/.config/discord/0.0.51/modules/pending/discord_spellcheck-1.zip: 98%
2024-04-27T18:43:11.305Z [Modules] Streaming discord_spellcheck@1 to /home/dylan/.config/discord/0.0.51/modules/pending/discord_spellcheck-1.zip: 99%
2024-04-27T18:43:11.318Z [Modules] Streaming discord_spellcheck@1 to /home/dylan/.config/discord/0.0.51/modules/pending/discord_spellcheck-1.zip: 100%
2024-04-27T18:43:11.321Z [Modules] Fetching discord_utils@1 from https://discord.com/api/modules/stable/discord_utils/1
2024-04-27T18:43:11.321Z [Modules] Streaming discord_utils@1 to /home/dylan/.config/discord/0.0.51/modules/pending/discord_utils-1.zip
2024-04-27T18:43:11.444Z [Modules] Streaming discord_utils@1 to /home/dylan/.config/discord/0.0.51/modules/pending/discord_utils-1.zip: 2%
2024-04-27T18:43:11.445Z [Modules] Streaming discord_utils@1 to /home/dylan/.config/discord/0.0.51/modules/pending/discord_utils-1.zip: 3%
2024-04-27T18:43:11.447Z [Modules] Streaming discord_utils@1 to /home/dylan/.config/discord/0.0.51/modules/pending/discord_utils-1.zip: 5%
2024-04-27T18:43:11.449Z [Modules] Streaming discord_utils@1 to /home/dylan/.config/discord/0.0.51/modules/pending/discord_utils-1.zip: 7%
2024-04-27T18:43:11.451Z [Modules] Streaming discord_utils@1 to /home/dylan/.config/discord/0.0.51/modules/pending/discord_utils-1.zip: 11%
2024-04-27T18:43:11.453Z [Modules] Streaming discord_utils@1 to /home/dylan/.config/discord/0.0.51/modules/pending/discord_utils-1.zip: 13%
2024-04-27T18:43:11.454Z [Modules] Streaming discord_utils@1 to /home/dylan/.config/discord/0.0.51/modules/pending/discord_utils-1.zip: 15%
2024-04-27T18:43:11.455Z [Modules] Streaming discord_utils@1 to /home/dylan/.config/discord/0.0.51/modules/pending/discord_utils-1.zip: 17%
2024-04-27T18:43:11.457Z [Modules] Streaming discord_utils@1 to /home/dylan/.config/discord/0.0.51/modules/pending/discord_utils-1.zip: 19%
2024-04-27T18:43:11.459Z [Modules] Streaming discord_utils@1 to /home/dylan/.config/discord/0.0.51/modules/pending/discord_utils-1.zip: 21%
2024-04-27T18:43:11.461Z [Modules] Streaming discord_utils@1 to /home/dylan/.config/discord/0.0.51/modules/pending/discord_utils-1.zip: 26%
2024-04-27T18:43:11.462Z [Modules] Streaming discord_utils@1 to /home/dylan/.config/discord/0.0.51/modules/pending/discord_utils-1.zip: 28%
2024-04-27T18:43:11.464Z [Modules] Streaming discord_utils@1 to /home/dylan/.config/discord/0.0.51/modules/pending/discord_utils-1.zip: 32%
2024-04-27T18:43:11.466Z [Modules] Streaming discord_utils@1 to /home/dylan/.config/discord/0.0.51/modules/pending/discord_utils-1.zip: 34%
2024-04-27T18:43:11.467Z [Modules] Streaming discord_utils@1 to /home/dylan/.config/discord/0.0.51/modules/pending/discord_utils-1.zip: 36%
2024-04-27T18:43:11.469Z [Modules] Streaming discord_utils@1 to /home/dylan/.config/discord/0.0.51/modules/pending/discord_utils-1.zip: 38%
2024-04-27T18:43:11.470Z [Modules] Streaming discord_utils@1 to /home/dylan/.config/discord/0.0.51/modules/pending/discord_utils-1.zip: 40%
2024-04-27T18:43:11.471Z [Modules] Streaming discord_utils@1 to /home/dylan/.config/discord/0.0.51/modules/pending/discord_utils-1.zip: 42%
2024-04-27T18:43:11.473Z [Modules] Streaming discord_utils@1 to /home/dylan/.config/discord/0.0.51/modules/pending/discord_utils-1.zip: 44%
2024-04-27T18:43:11.475Z [Modules] Streaming discord_utils@1 to /home/dylan/.config/discord/0.0.51/modules/pending/discord_utils-1.zip: 46%
2024-04-27T18:43:11.476Z [Modules] Streaming discord_utils@1 to /home/dylan/.config/discord/0.0.51/modules/pending/discord_utils-1.zip: 48%
2024-04-27T18:43:11.478Z [Modules] Streaming discord_utils@1 to /home/dylan/.config/discord/0.0.51/modules/pending/discord_utils-1.zip: 51%
2024-04-27T18:43:11.479Z [Modules] Streaming discord_utils@1 to /home/dylan/.config/discord/0.0.51/modules/pending/discord_utils-1.zip: 53%
2024-04-27T18:43:11.481Z [Modules] Streaming discord_utils@1 to /home/dylan/.config/discord/0.0.51/modules/pending/discord_utils-1.zip: 57%
2024-04-27T18:43:11.483Z [Modules] Streaming discord_utils@1 to /home/dylan/.config/discord/0.0.51/modules/pending/discord_utils-1.zip: 59%
2024-04-27T18:43:11.484Z [Modules] Streaming discord_utils@1 to /home/dylan/.config/discord/0.0.51/modules/pending/discord_utils-1.zip: 61%
2024-04-27T18:43:11.486Z [Modules] Streaming discord_utils@1 to /home/dylan/.config/discord/0.0.51/modules/pending/discord_utils-1.zip: 63%
2024-04-27T18:43:11.487Z [Modules] Streaming discord_utils@1 to /home/dylan/.config/discord/0.0.51/modules/pending/discord_utils-1.zip: 66%
2024-04-27T18:43:11.489Z [Modules] Streaming discord_utils@1 to /home/dylan/.config/discord/0.0.51/modules/pending/discord_utils-1.zip: 67%
2024-04-27T18:43:11.490Z [Modules] Streaming discord_utils@1 to /home/dylan/.config/discord/0.0.51/modules/pending/discord_utils-1.zip: 69%
2024-04-27T18:43:11.492Z [Modules] Streaming discord_utils@1 to /home/dylan/.config/discord/0.0.51/modules/pending/discord_utils-1.zip: 71%
2024-04-27T18:43:11.494Z [Modules] Streaming discord_utils@1 to /home/dylan/.config/discord/0.0.51/modules/pending/discord_utils-1.zip: 75%
2024-04-27T18:43:11.495Z [Modules] Streaming discord_utils@1 to /home/dylan/.config/discord/0.0.51/modules/pending/discord_utils-1.zip: 77%
2024-04-27T18:43:11.497Z [Modules] Streaming discord_utils@1 to /home/dylan/.config/discord/0.0.51/modules/pending/discord_utils-1.zip: 80%
2024-04-27T18:43:11.498Z [Modules] Streaming discord_utils@1 to /home/dylan/.config/discord/0.0.51/modules/pending/discord_utils-1.zip: 82%
2024-04-27T18:43:11.499Z [Modules] Streaming discord_utils@1 to /home/dylan/.config/discord/0.0.51/modules/pending/discord_utils-1.zip: 84%
2024-04-27T18:43:11.500Z [Modules] Streaming discord_utils@1 to /home/dylan/.config/discord/0.0.51/modules/pending/discord_utils-1.zip: 86%
2024-04-27T18:43:11.502Z [Modules] Streaming discord_utils@1 to /home/dylan/.config/discord/0.0.51/modules/pending/discord_utils-1.zip: 87%
2024-04-27T18:43:11.533Z [Modules] Streaming discord_utils@1 to /home/dylan/.config/discord/0.0.51/modules/pending/discord_utils-1.zip: 89%
2024-04-27T18:43:11.534Z [Modules] Streaming discord_utils@1 to /home/dylan/.config/discord/0.0.51/modules/pending/discord_utils-1.zip: 93%
2024-04-27T18:43:11.535Z [Modules] Streaming discord_utils@1 to /home/dylan/.config/discord/0.0.51/modules/pending/discord_utils-1.zip: 96%
2024-04-27T18:43:11.558Z [Modules] Streaming discord_utils@1 to /home/dylan/.config/discord/0.0.51/modules/pending/discord_utils-1.zip: 98%
2024-04-27T18:43:11.561Z [Modules] Streaming discord_utils@1 to /home/dylan/.config/discord/0.0.51/modules/pending/discord_utils-1.zip: 100%
2024-04-27T18:43:11.564Z [Modules] Fetching discord_voice@1 from https://discord.com/api/modules/stable/discord_voice/1
2024-04-27T18:43:11.564Z [Modules] Streaming discord_voice@1 to /home/dylan/.config/discord/0.0.51/modules/pending/discord_voice-1.zip
2024-04-27T18:43:11.715Z [Modules] Streaming discord_voice@1 to /home/dylan/.config/discord/0.0.51/modules/pending/discord_voice-1.zip: 1%
2024-04-27T18:43:11.720Z [Modules] Streaming discord_voice@1 to /home/dylan/.config/discord/0.0.51/modules/pending/discord_voice-1.zip: 2%
2024-04-27T18:43:11.725Z [Modules] Streaming discord_voice@1 to /home/dylan/.config/discord/0.0.51/modules/pending/discord_voice-1.zip: 3%
2024-04-27T18:43:11.729Z [Modules] Streaming discord_voice@1 to /home/dylan/.config/discord/0.0.51/modules/pending/discord_voice-1.zip: 4%
2024-04-27T18:43:11.735Z [Modules] Streaming discord_voice@1 to /home/dylan/.config/discord/0.0.51/modules/pending/discord_voice-1.zip: 5%
2024-04-27T18:43:11.739Z [Modules] Streaming discord_voice@1 to /home/dylan/.config/discord/0.0.51/modules/pending/discord_voice-1.zip: 6%
2024-04-27T18:43:11.744Z [Modules] Streaming discord_voice@1 to /home/dylan/.config/discord/0.0.51/modules/pending/discord_voice-1.zip: 7%
2024-04-27T18:43:11.750Z [Modules] Streaming discord_voice@1 to /home/dylan/.config/discord/0.0.51/modules/pending/discord_voice-1.zip: 8%
2024-04-27T18:43:11.754Z [Modules] Streaming discord_voice@1 to /home/dylan/.config/discord/0.0.51/modules/pending/discord_voice-1.zip: 9%
2024-04-27T18:43:11.760Z [Modules] Streaming discord_voice@1 to /home/dylan/.config/discord/0.0.51/modules/pending/discord_voice-1.zip: 10%
2024-04-27T18:43:11.764Z [Modules] Streaming discord_voice@1 to /home/dylan/.config/discord/0.0.51/modules/pending/discord_voice-1.zip: 11%
2024-04-27T18:43:11.770Z [Modules] Streaming discord_voice@1 to /home/dylan/.config/discord/0.0.51/modules/pending/discord_voice-1.zip: 12%
2024-04-27T18:43:11.775Z [Modules] Streaming discord_voice@1 to /home/dylan/.config/discord/0.0.51/modules/pending/discord_voice-1.zip: 13%
2024-04-27T18:43:11.779Z [Modules] Streaming discord_voice@1 to /home/dylan/.config/discord/0.0.51/modules/pending/discord_voice-1.zip: 14%
2024-04-27T18:43:11.785Z [Modules] Streaming discord_voice@1 to /home/dylan/.config/discord/0.0.51/modules/pending/discord_voice-1.zip: 15%
2024-04-27T18:43:11.790Z [Modules] Streaming discord_voice@1 to /home/dylan/.config/discord/0.0.51/modules/pending/discord_voice-1.zip: 16%
2024-04-27T18:43:11.794Z [Modules] Streaming discord_voice@1 to /home/dylan/.config/discord/0.0.51/modules/pending/discord_voice-1.zip: 17%
2024-04-27T18:43:11.799Z [Modules] Streaming discord_voice@1 to /home/dylan/.config/discord/0.0.51/modules/pending/discord_voice-1.zip: 18%
2024-04-27T18:43:11.803Z [Modules] Streaming discord_voice@1 to /home/dylan/.config/discord/0.0.51/modules/pending/discord_voice-1.zip: 19%
2024-04-27T18:43:11.809Z [Modules] Streaming discord_voice@1 to /home/dylan/.config/discord/0.0.51/modules/pending/discord_voice-1.zip: 20%
2024-04-27T18:43:11.814Z [Modules] Streaming discord_voice@1 to /home/dylan/.config/discord/0.0.51/modules/pending/discord_voice-1.zip: 21%
2024-04-27T18:43:11.872Z [Modules] Streaming discord_voice@1 to /home/dylan/.config/discord/0.0.51/modules/pending/discord_voice-1.zip: 22%
2024-04-27T18:43:11.878Z [Modules] Streaming discord_voice@1 to /home/dylan/.config/discord/0.0.51/modules/pending/discord_voice-1.zip: 23%
2024-04-27T18:43:11.881Z [Modules] Streaming discord_voice@1 to /home/dylan/.config/discord/0.0.51/modules/pending/discord_voice-1.zip: 24%
2024-04-27T18:43:11.910Z [Modules] Streaming discord_voice@1 to /home/dylan/.config/discord/0.0.51/modules/pending/discord_voice-1.zip: 25%
2024-04-27T18:43:11.912Z [Modules] Streaming discord_voice@1 to /home/dylan/.config/discord/0.0.51/modules/pending/discord_voice-1.zip: 26%
2024-04-27T18:43:11.914Z [Modules] Streaming discord_voice@1 to /home/dylan/.config/discord/0.0.51/modules/pending/discord_voice-1.zip: 27%
2024-04-27T18:43:11.917Z [Modules] Streaming discord_voice@1 to /home/dylan/.config/discord/0.0.51/modules/pending/discord_voice-1.zip: 28%
2024-04-27T18:43:11.919Z [Modules] Streaming discord_voice@1 to /home/dylan/.config/discord/0.0.51/modules/pending/discord_voice-1.zip: 30%
2024-04-27T18:43:11.921Z [Modules] Streaming discord_voice@1 to /home/dylan/.config/discord/0.0.51/modules/pending/discord_voice-1.zip: 31%
2024-04-27T18:43:11.924Z [Modules] Streaming discord_voice@1 to /home/dylan/.config/discord/0.0.51/modules/pending/discord_voice-1.zip: 33%
2024-04-27T18:43:11.927Z [Modules] Streaming discord_voice@1 to /home/dylan/.config/discord/0.0.51/modules/pending/discord_voice-1.zip: 36%
2024-04-27T18:43:11.930Z [Modules] Streaming discord_voice@1 to /home/dylan/.config/discord/0.0.51/modules/pending/discord_voice-1.zip: 39%
2024-04-27T18:43:11.937Z [Modules] Streaming discord_voice@1 to /home/dylan/.config/discord/0.0.51/modules/pending/discord_voice-1.zip: 40%
2024-04-27T18:43:11.942Z [Modules] Streaming discord_voice@1 to /home/dylan/.config/discord/0.0.51/modules/pending/discord_voice-1.zip: 41%
2024-04-27T18:43:11.948Z [Modules] Streaming discord_voice@1 to /home/dylan/.config/discord/0.0.51/modules/pending/discord_voice-1.zip: 42%
2024-04-27T18:43:11.953Z [Modules] Streaming discord_voice@1 to /home/dylan/.config/discord/0.0.51/modules/pending/discord_voice-1.zip: 43%
2024-04-27T18:43:11.958Z [Modules] Streaming discord_voice@1 to /home/dylan/.config/discord/0.0.51/modules/pending/discord_voice-1.zip: 44%
2024-04-27T18:43:11.963Z [Modules] Streaming discord_voice@1 to /home/dylan/.config/discord/0.0.51/modules/pending/discord_voice-1.zip: 45%
2024-04-27T18:43:11.968Z [Modules] Streaming discord_voice@1 to /home/dylan/.config/discord/0.0.51/modules/pending/discord_voice-1.zip: 46%
2024-04-27T18:43:11.973Z [Modules] Streaming discord_voice@1 to /home/dylan/.config/discord/0.0.51/modules/pending/discord_voice-1.zip: 47%
2024-04-27T18:43:11.978Z [Modules] Streaming discord_voice@1 to /home/dylan/.config/discord/0.0.51/modules/pending/discord_voice-1.zip: 48%
2024-04-27T18:43:11.984Z [Modules] Streaming discord_voice@1 to /home/dylan/.config/discord/0.0.51/modules/pending/discord_voice-1.zip: 49%
2024-04-27T18:43:11.988Z [Modules] Streaming discord_voice@1 to /home/dylan/.config/discord/0.0.51/modules/pending/discord_voice-1.zip: 50%
2024-04-27T18:43:12.047Z [Modules] Streaming discord_voice@1 to /home/dylan/.config/discord/0.0.51/modules/pending/discord_voice-1.zip: 51%
2024-04-27T18:43:12.052Z [Modules] Streaming discord_voice@1 to /home/dylan/.config/discord/0.0.51/modules/pending/discord_voice-1.zip: 52%
2024-04-27T18:43:12.056Z [Modules] Streaming discord_voice@1 to /home/dylan/.config/discord/0.0.51/modules/pending/discord_voice-1.zip: 53%
2024-04-27T18:43:12.086Z [Modules] Streaming discord_voice@1 to /home/dylan/.config/discord/0.0.51/modules/pending/discord_voice-1.zip: 54%
2024-04-27T18:43:12.090Z [Modules] Streaming discord_voice@1 to /home/dylan/.config/discord/0.0.51/modules/pending/discord_voice-1.zip: 55%
2024-04-27T18:43:12.093Z [Modules] Streaming discord_voice@1 to /home/dylan/.config/discord/0.0.51/modules/pending/discord_voice-1.zip: 56%
2024-04-27T18:43:12.095Z [Modules] Streaming discord_voice@1 to /home/dylan/.config/discord/0.0.51/modules/pending/discord_voice-1.zip: 57%
2024-04-27T18:43:12.097Z [Modules] Streaming discord_voice@1 to /home/dylan/.config/discord/0.0.51/modules/pending/discord_voice-1.zip: 58%
2024-04-27T18:43:12.099Z [Modules] Streaming discord_voice@1 to /home/dylan/.config/discord/0.0.51/modules/pending/discord_voice-1.zip: 59%
2024-04-27T18:43:12.101Z [Modules] Streaming discord_voice@1 to /home/dylan/.config/discord/0.0.51/modules/pending/discord_voice-1.zip: 60%
2024-04-27T18:43:12.102Z [Modules] Streaming discord_voice@1 to /home/dylan/.config/discord/0.0.51/modules/pending/discord_voice-1.zip: 61%
2024-04-27T18:43:12.105Z [Modules] Streaming discord_voice@1 to /home/dylan/.config/discord/0.0.51/modules/pending/discord_voice-1.zip: 62%
2024-04-27T18:43:12.106Z [Modules] Streaming discord_voice@1 to /home/dylan/.config/discord/0.0.51/modules/pending/discord_voice-1.zip: 63%
2024-04-27T18:43:12.110Z [Modules] Streaming discord_voice@1 to /home/dylan/.config/discord/0.0.51/modules/pending/discord_voice-1.zip: 64%
2024-04-27T18:43:12.113Z [Modules] Streaming discord_voice@1 to /home/dylan/.config/discord/0.0.51/modules/pending/discord_voice-1.zip: 67%
2024-04-27T18:43:12.115Z [Modules] Streaming discord_voice@1 to /home/dylan/.config/discord/0.0.51/modules/pending/discord_voice-1.zip: 68%
2024-04-27T18:43:12.118Z [Modules] Streaming discord_voice@1 to /home/dylan/.config/discord/0.0.51/modules/pending/discord_voice-1.zip: 69%
2024-04-27T18:43:12.124Z [Modules] Streaming discord_voice@1 to /home/dylan/.config/discord/0.0.51/modules/pending/discord_voice-1.zip: 70%
2024-04-27T18:43:12.128Z [Modules] Streaming discord_voice@1 to /home/dylan/.config/discord/0.0.51/modules/pending/discord_voice-1.zip: 71%
2024-04-27T18:43:12.133Z [Modules] Streaming discord_voice@1 to /home/dylan/.config/discord/0.0.51/modules/pending/discord_voice-1.zip: 72%
2024-04-27T18:43:12.141Z [Modules] Streaming discord_voice@1 to /home/dylan/.config/discord/0.0.51/modules/pending/discord_voice-1.zip: 73%
2024-04-27T18:43:12.143Z [Modules] Streaming discord_voice@1 to /home/dylan/.config/discord/0.0.51/modules/pending/discord_voice-1.zip: 74%
2024-04-27T18:43:12.147Z [Modules] Streaming discord_voice@1 to /home/dylan/.config/discord/0.0.51/modules/pending/discord_voice-1.zip: 75%
2024-04-27T18:43:12.153Z [Modules] Streaming discord_voice@1 to /home/dylan/.config/discord/0.0.51/modules/pending/discord_voice-1.zip: 76%
2024-04-27T18:43:12.158Z [Modules] Streaming discord_voice@1 to /home/dylan/.config/discord/0.0.51/modules/pending/discord_voice-1.zip: 77%
2024-04-27T18:43:12.163Z [Modules] Streaming discord_voice@1 to /home/dylan/.config/discord/0.0.51/modules/pending/discord_voice-1.zip: 78%
2024-04-27T18:43:12.167Z [Modules] Streaming discord_voice@1 to /home/dylan/.config/discord/0.0.51/modules/pending/discord_voice-1.zip: 79%
2024-04-27T18:43:12.173Z [Modules] Streaming discord_voice@1 to /home/dylan/.config/discord/0.0.51/modules/pending/discord_voice-1.zip: 80%
2024-04-27T18:43:12.177Z [Modules] Streaming discord_voice@1 to /home/dylan/.config/discord/0.0.51/modules/pending/discord_voice-1.zip: 81%
2024-04-27T18:43:12.182Z [Modules] Streaming discord_voice@1 to /home/dylan/.config/discord/0.0.51/modules/pending/discord_voice-1.zip: 82%
2024-04-27T18:43:12.241Z [Modules] Streaming discord_voice@1 to /home/dylan/.config/discord/0.0.51/modules/pending/discord_voice-1.zip: 83%
2024-04-27T18:43:12.271Z [Modules] Streaming discord_voice@1 to /home/dylan/.config/discord/0.0.51/modules/pending/discord_voice-1.zip: 84%
2024-04-27T18:43:12.274Z [Modules] Streaming discord_voice@1 to /home/dylan/.config/discord/0.0.51/modules/pending/discord_voice-1.zip: 85%
2024-04-27T18:43:12.277Z [Modules] Streaming discord_voice@1 to /home/dylan/.config/discord/0.0.51/modules/pending/discord_voice-1.zip: 86%
2024-04-27T18:43:12.279Z [Modules] Streaming discord_voice@1 to /home/dylan/.config/discord/0.0.51/modules/pending/discord_voice-1.zip: 87%
2024-04-27T18:43:12.281Z [Modules] Streaming discord_voice@1 to /home/dylan/.config/discord/0.0.51/modules/pending/discord_voice-1.zip: 88%
2024-04-27T18:43:12.283Z [Modules] Streaming discord_voice@1 to /home/dylan/.config/discord/0.0.51/modules/pending/discord_voice-1.zip: 89%
2024-04-27T18:43:12.285Z [Modules] Streaming discord_voice@1 to /home/dylan/.config/discord/0.0.51/modules/pending/discord_voice-1.zip: 90%
2024-04-27T18:43:12.287Z [Modules] Streaming discord_voice@1 to /home/dylan/.config/discord/0.0.51/modules/pending/discord_voice-1.zip: 91%
2024-04-27T18:43:12.288Z [Modules] Streaming discord_voice@1 to /home/dylan/.config/discord/0.0.51/modules/pending/discord_voice-1.zip: 92%
2024-04-27T18:43:12.291Z [Modules] Streaming discord_voice@1 to /home/dylan/.config/discord/0.0.51/modules/pending/discord_voice-1.zip: 93%
2024-04-27T18:43:12.294Z [Modules] Streaming discord_voice@1 to /home/dylan/.config/discord/0.0.51/modules/pending/discord_voice-1.zip: 96%
2024-04-27T18:43:12.297Z [Modules] Streaming discord_voice@1 to /home/dylan/.config/discord/0.0.51/modules/pending/discord_voice-1.zip: 99%
2024-04-27T18:43:12.300Z [Modules] Streaming discord_voice@1 to /home/dylan/.config/discord/0.0.51/modules/pending/discord_voice-1.zip: 100%
2024-04-27T18:43:12.303Z [Modules] Fetching discord_zstd@1 from https://discord.com/api/modules/stable/discord_zstd/1
2024-04-27T18:43:12.303Z [Modules] Streaming discord_zstd@1 to /home/dylan/.config/discord/0.0.51/modules/pending/discord_zstd-1.zip
2024-04-27T18:43:12.450Z [Modules] Streaming discord_zstd@1 to /home/dylan/.config/discord/0.0.51/modules/pending/discord_zstd-1.zip: 5%
2024-04-27T18:43:12.451Z [Modules] Streaming discord_zstd@1 to /home/dylan/.config/discord/0.0.51/modules/pending/discord_zstd-1.zip: 10%
2024-04-27T18:43:12.452Z [Modules] Streaming discord_zstd@1 to /home/dylan/.config/discord/0.0.51/modules/pending/discord_zstd-1.zip: 17%
2024-04-27T18:43:12.454Z [Modules] Streaming discord_zstd@1 to /home/dylan/.config/discord/0.0.51/modules/pending/discord_zstd-1.zip: 20%
2024-04-27T18:43:12.456Z [Modules] Streaming discord_zstd@1 to /home/dylan/.config/discord/0.0.51/modules/pending/discord_zstd-1.zip: 30%
2024-04-27T18:43:12.458Z [Modules] Streaming discord_zstd@1 to /home/dylan/.config/discord/0.0.51/modules/pending/discord_zstd-1.zip: 35%
2024-04-27T18:43:12.460Z [Modules] Streaming discord_zstd@1 to /home/dylan/.config/discord/0.0.51/modules/pending/discord_zstd-1.zip: 45%
2024-04-27T18:43:12.462Z [Modules] Streaming discord_zstd@1 to /home/dylan/.config/discord/0.0.51/modules/pending/discord_zstd-1.zip: 50%
2024-04-27T18:43:12.463Z [Modules] Streaming discord_zstd@1 to /home/dylan/.config/discord/0.0.51/modules/pending/discord_zstd-1.zip: 55%
2024-04-27T18:43:12.465Z [Modules] Streaming discord_zstd@1 to /home/dylan/.config/discord/0.0.51/modules/pending/discord_zstd-1.zip: 59%
2024-04-27T18:43:12.466Z [Modules] Streaming discord_zstd@1 to /home/dylan/.config/discord/0.0.51/modules/pending/discord_zstd-1.zip: 64%
2024-04-27T18:43:12.467Z [Modules] Streaming discord_zstd@1 to /home/dylan/.config/discord/0.0.51/modules/pending/discord_zstd-1.zip: 69%
2024-04-27T18:43:12.468Z [Modules] Streaming discord_zstd@1 to /home/dylan/.config/discord/0.0.51/modules/pending/discord_zstd-1.zip: 73%
2024-04-27T18:43:12.470Z [Modules] Streaming discord_zstd@1 to /home/dylan/.config/discord/0.0.51/modules/pending/discord_zstd-1.zip: 78%
2024-04-27T18:43:12.472Z [Modules] Streaming discord_zstd@1 to /home/dylan/.config/discord/0.0.51/modules/pending/discord_zstd-1.zip: 83%
2024-04-27T18:43:12.473Z [Modules] Streaming discord_zstd@1 to /home/dylan/.config/discord/0.0.51/modules/pending/discord_zstd-1.zip: 88%
2024-04-27T18:43:12.475Z [Modules] Streaming discord_zstd@1 to /home/dylan/.config/discord/0.0.51/modules/pending/discord_zstd-1.zip: 94%
2024-04-27T18:43:12.477Z [Modules] Streaming discord_zstd@1 to /home/dylan/.config/discord/0.0.51/modules/pending/discord_zstd-1.zip: 100%
2024-04-27T18:43:12.480Z [Modules] Finished module downloads. [success: 6] [failure: 0]
2024-04-27T18:43:12.480Z [Modules] Installing updates...
2024-04-27T18:43:12.481Z [Modules] Installing discord_desktop_core@1 from /home/dylan/.config/discord/0.0.51/modules/pending/discord_desktop_core-1.zip
2024-04-27T18:43:12.616Z [Modules] Installing discord_erlpack@1 from /home/dylan/.config/discord/0.0.51/modules/pending/discord_erlpack-1.zip
2024-04-27T18:43:12.689Z [Modules] Installing discord_spellcheck@1 from /home/dylan/.config/discord/0.0.51/modules/pending/discord_spellcheck-1.zip
2024-04-27T18:43:13.818Z [Modules] Installing discord_utils@1 from /home/dylan/.config/discord/0.0.51/modules/pending/discord_utils-1.zip
2024-04-27T18:43:14.019Z [Modules] Installing discord_voice@1 from /home/dylan/.config/discord/0.0.51/modules/pending/discord_voice-1.zip
2024-04-27T18:43:14.790Z [Modules] Installing discord_zstd@1 from /home/dylan/.config/discord/0.0.51/modules/pending/discord_zstd-1.zip
2024-04-27T18:43:14.845Z [Modules] Finished module installations. [success: 6] [failure: 0]
2024-04-27T18:43:14.846Z [Modules] Checking for host updates.
2024-04-27T18:43:14.932Z [Modules] Host is up to date.
2024-04-27T18:43:14.932Z [Modules] Checking for module updates at https://discord.com/api/modules/stable/versions.json
2024-04-27T18:43:14.943Z [Modules] No module updates available.
2024-04-27T18:43:16.368Z [Modules] Starting to install discord_krisp...
2024-04-27T18:43:16.368Z [Modules] Fetching discord_krisp@1 from https://discord.com/api/modules/stable/discord_krisp/1
2024-04-27T18:43:16.369Z [Modules] Streaming discord_krisp@1 to /home/dylan/.config/discord/0.0.51/modules/pending/discord_krisp-1.zip
2024-04-27T18:43:16.381Z [Modules] Starting to install discord_game_utils...
2024-04-27T18:43:16.523Z [Modules] Streaming discord_krisp@1 to /home/dylan/.config/discord/0.0.51/modules/pending/discord_krisp-1.zip: 1%
2024-04-27T18:43:16.529Z [Modules] Streaming discord_krisp@1 to /home/dylan/.config/discord/0.0.51/modules/pending/discord_krisp-1.zip: 2%
2024-04-27T18:43:16.533Z [Modules] Streaming discord_krisp@1 to /home/dylan/.config/discord/0.0.51/modules/pending/discord_krisp-1.zip: 3%
2024-04-27T18:43:16.538Z [Modules] Streaming discord_krisp@1 to /home/dylan/.config/discord/0.0.51/modules/pending/discord_krisp-1.zip: 4%
2024-04-27T18:43:16.542Z [Modules] Streaming discord_krisp@1 to /home/dylan/.config/discord/0.0.51/modules/pending/discord_krisp-1.zip: 5%
2024-04-27T18:43:16.548Z [Modules] Streaming discord_krisp@1 to /home/dylan/.config/discord/0.0.51/modules/pending/discord_krisp-1.zip: 6%
2024-04-27T18:43:16.552Z [Modules] Streaming discord_krisp@1 to /home/dylan/.config/discord/0.0.51/modules/pending/discord_krisp-1.zip: 7%
2024-04-27T18:43:16.558Z [Modules] Streaming discord_krisp@1 to /home/dylan/.config/discord/0.0.51/modules/pending/discord_krisp-1.zip: 8%
2024-04-27T18:43:16.563Z [Modules] Streaming discord_krisp@1 to /home/dylan/.config/discord/0.0.51/modules/pending/discord_krisp-1.zip: 9%
2024-04-27T18:43:16.623Z [Modules] Streaming discord_krisp@1 to /home/dylan/.config/discord/0.0.51/modules/pending/discord_krisp-1.zip: 10%
2024-04-27T18:43:16.627Z [Modules] Streaming discord_krisp@1 to /home/dylan/.config/discord/0.0.51/modules/pending/discord_krisp-1.zip: 11%
2024-04-27T18:43:16.630Z [Modules] Streaming discord_krisp@1 to /home/dylan/.config/discord/0.0.51/modules/pending/discord_krisp-1.zip: 12%
2024-04-27T18:43:16.637Z [Modules] Streaming discord_krisp@1 to /home/dylan/.config/discord/0.0.51/modules/pending/discord_krisp-1.zip: 13%
2024-04-27T18:43:16.641Z [Modules] Streaming discord_krisp@1 to /home/dylan/.config/discord/0.0.51/modules/pending/discord_krisp-1.zip: 14%
2024-04-27T18:43:16.668Z [Modules] Streaming discord_krisp@1 to /home/dylan/.config/discord/0.0.51/modules/pending/discord_krisp-1.zip: 15%
2024-04-27T18:43:16.672Z [Modules] Streaming discord_krisp@1 to /home/dylan/.config/discord/0.0.51/modules/pending/discord_krisp-1.zip: 16%
2024-04-27T18:43:16.675Z [Modules] Streaming discord_krisp@1 to /home/dylan/.config/discord/0.0.51/modules/pending/discord_krisp-1.zip: 17%
2024-04-27T18:43:16.677Z [Modules] Streaming discord_krisp@1 to /home/dylan/.config/discord/0.0.51/modules/pending/discord_krisp-1.zip: 18%
2024-04-27T18:43:16.679Z [Modules] Streaming discord_krisp@1 to /home/dylan/.config/discord/0.0.51/modules/pending/discord_krisp-1.zip: 19%
2024-04-27T18:43:16.682Z [Modules] Streaming discord_krisp@1 to /home/dylan/.config/discord/0.0.51/modules/pending/discord_krisp-1.zip: 20%
2024-04-27T18:43:16.684Z [Modules] Streaming discord_krisp@1 to /home/dylan/.config/discord/0.0.51/modules/pending/discord_krisp-1.zip: 21%
2024-04-27T18:43:16.685Z [Modules] Streaming discord_krisp@1 to /home/dylan/.config/discord/0.0.51/modules/pending/discord_krisp-1.zip: 22%
2024-04-27T18:43:16.687Z [Modules] Streaming discord_krisp@1 to /home/dylan/.config/discord/0.0.51/modules/pending/discord_krisp-1.zip: 23%
2024-04-27T18:43:16.688Z [Modules] Streaming discord_krisp@1 to /home/dylan/.config/discord/0.0.51/modules/pending/discord_krisp-1.zip: 24%
2024-04-27T18:43:16.690Z [Modules] Streaming discord_krisp@1 to /home/dylan/.config/discord/0.0.51/modules/pending/discord_krisp-1.zip: 25%
2024-04-27T18:43:16.692Z [Modules] Streaming discord_krisp@1 to /home/dylan/.config/discord/0.0.51/modules/pending/discord_krisp-1.zip: 26%
2024-04-27T18:43:16.694Z [Modules] Streaming discord_krisp@1 to /home/dylan/.config/discord/0.0.51/modules/pending/discord_krisp-1.zip: 27%
2024-04-27T18:43:16.698Z [Modules] Streaming discord_krisp@1 to /home/dylan/.config/discord/0.0.51/modules/pending/discord_krisp-1.zip: 28%
2024-04-27T18:43:16.704Z [Modules] Streaming discord_krisp@1 to /home/dylan/.config/discord/0.0.51/modules/pending/discord_krisp-1.zip: 29%
2024-04-27T18:43:16.708Z [Modules] Streaming discord_krisp@1 to /home/dylan/.config/discord/0.0.51/modules/pending/discord_krisp-1.zip: 30%
2024-04-27T18:43:16.715Z [Modules] Streaming discord_krisp@1 to /home/dylan/.config/discord/0.0.51/modules/pending/discord_krisp-1.zip: 31%
2024-04-27T18:43:16.718Z [Modules] Streaming discord_krisp@1 to /home/dylan/.config/discord/0.0.51/modules/pending/discord_krisp-1.zip: 32%
2024-04-27T18:43:16.723Z [Modules] Streaming discord_krisp@1 to /home/dylan/.config/discord/0.0.51/modules/pending/discord_krisp-1.zip: 33%
2024-04-27T18:43:16.728Z [Modules] Streaming discord_krisp@1 to /home/dylan/.config/discord/0.0.51/modules/pending/discord_krisp-1.zip: 34%
2024-04-27T18:43:16.732Z [Modules] Streaming discord_krisp@1 to /home/dylan/.config/discord/0.0.51/modules/pending/discord_krisp-1.zip: 35%
2024-04-27T18:43:16.738Z [Modules] Streaming discord_krisp@1 to /home/dylan/.config/discord/0.0.51/modules/pending/discord_krisp-1.zip: 36%
2024-04-27T18:43:16.742Z [Modules] Streaming discord_krisp@1 to /home/dylan/.config/discord/0.0.51/modules/pending/discord_krisp-1.zip: 37%
2024-04-27T18:43:16.749Z [Modules] Streaming discord_krisp@1 to /home/dylan/.config/discord/0.0.51/modules/pending/discord_krisp-1.zip: 38%
2024-04-27T18:43:16.796Z [Modules] Streaming discord_krisp@1 to /home/dylan/.config/discord/0.0.51/modules/pending/discord_krisp-1.zip: 39%
2024-04-27T18:43:16.799Z [Modules] Streaming discord_krisp@1 to /home/dylan/.config/discord/0.0.51/modules/pending/discord_krisp-1.zip: 40%
2024-04-27T18:43:16.804Z [Modules] Streaming discord_krisp@1 to /home/dylan/.config/discord/0.0.51/modules/pending/discord_krisp-1.zip: 41%
2024-04-27T18:43:16.843Z [Modules] Streaming discord_krisp@1 to /home/dylan/.config/discord/0.0.51/modules/pending/discord_krisp-1.zip: 42%
2024-04-27T18:43:16.844Z [Modules] Streaming discord_krisp@1 to /home/dylan/.config/discord/0.0.51/modules/pending/discord_krisp-1.zip: 43%
2024-04-27T18:43:16.846Z [Modules] Streaming discord_krisp@1 to /home/dylan/.config/discord/0.0.51/modules/pending/discord_krisp-1.zip: 44%
2024-04-27T18:43:16.847Z [Modules] Streaming discord_krisp@1 to /home/dylan/.config/discord/0.0.51/modules/pending/discord_krisp-1.zip: 45%
2024-04-27T18:43:16.866Z [Modules] Streaming discord_krisp@1 to /home/dylan/.config/discord/0.0.51/modules/pending/discord_krisp-1.zip: 46%
2024-04-27T18:43:16.879Z [Modules] Streaming discord_krisp@1 to /home/dylan/.config/discord/0.0.51/modules/pending/discord_krisp-1.zip: 47%
2024-04-27T18:43:16.880Z [Modules] Streaming discord_krisp@1 to /home/dylan/.config/discord/0.0.51/modules/pending/discord_krisp-1.zip: 48%
2024-04-27T18:43:16.884Z [Modules] Streaming discord_krisp@1 to /home/dylan/.config/discord/0.0.51/modules/pending/discord_krisp-1.zip: 49%
2024-04-27T18:43:16.887Z [Modules] Streaming discord_krisp@1 to /home/dylan/.config/discord/0.0.51/modules/pending/discord_krisp-1.zip: 50%
2024-04-27T18:43:16.911Z [Modules] Streaming discord_krisp@1 to /home/dylan/.config/discord/0.0.51/modules/pending/discord_krisp-1.zip: 51%
2024-04-27T18:43:16.981Z [Modules] Streaming discord_krisp@1 to /home/dylan/.config/discord/0.0.51/modules/pending/discord_krisp-1.zip: 54%
2024-04-27T18:43:16.985Z [Modules] Streaming discord_krisp@1 to /home/dylan/.config/discord/0.0.51/modules/pending/discord_krisp-1.zip: 55%
2024-04-27T18:43:16.986Z [Modules] Streaming discord_krisp@1 to /home/dylan/.config/discord/0.0.51/modules/pending/discord_krisp-1.zip: 56%
2024-04-27T18:43:16.988Z [Modules] Streaming discord_krisp@1 to /home/dylan/.config/discord/0.0.51/modules/pending/discord_krisp-1.zip: 57%
2024-04-27T18:43:16.989Z [Modules] Streaming discord_krisp@1 to /home/dylan/.config/discord/0.0.51/modules/pending/discord_krisp-1.zip: 58%
2024-04-27T18:43:16.991Z [Modules] Streaming discord_krisp@1 to /home/dylan/.config/discord/0.0.51/modules/pending/discord_krisp-1.zip: 59%
2024-04-27T18:43:16.992Z [Modules] Streaming discord_krisp@1 to /home/dylan/.config/discord/0.0.51/modules/pending/discord_krisp-1.zip: 60%
2024-04-27T18:43:16.993Z [Modules] Streaming discord_krisp@1 to /home/dylan/.config/discord/0.0.51/modules/pending/discord_krisp-1.zip: 61%
2024-04-27T18:43:17.025Z [Modules] Streaming discord_krisp@1 to /home/dylan/.config/discord/0.0.51/modules/pending/discord_krisp-1.zip: 62%
2024-04-27T18:43:17.077Z [Modules] Streaming discord_krisp@1 to /home/dylan/.config/discord/0.0.51/modules/pending/discord_krisp-1.zip: 63%
2024-04-27T18:43:17.080Z [Modules] Streaming discord_krisp@1 to /home/dylan/.config/discord/0.0.51/modules/pending/discord_krisp-1.zip: 64%
2024-04-27T18:43:17.083Z [Modules] Streaming discord_krisp@1 to /home/dylan/.config/discord/0.0.51/modules/pending/discord_krisp-1.zip: 65%
2024-04-27T18:43:17.085Z [Modules] Streaming discord_krisp@1 to /home/dylan/.config/discord/0.0.51/modules/pending/discord_krisp-1.zip: 66%
2024-04-27T18:43:17.087Z [Modules] Streaming discord_krisp@1 to /home/dylan/.config/discord/0.0.51/modules/pending/discord_krisp-1.zip: 67%
2024-04-27T18:43:17.088Z [Modules] Streaming discord_krisp@1 to /home/dylan/.config/discord/0.0.51/modules/pending/discord_krisp-1.zip: 68%
2024-04-27T18:43:17.089Z [Modules] Streaming discord_krisp@1 to /home/dylan/.config/discord/0.0.51/modules/pending/discord_krisp-1.zip: 69%
2024-04-27T18:43:17.090Z [Modules] Streaming discord_krisp@1 to /home/dylan/.config/discord/0.0.51/modules/pending/discord_krisp-1.zip: 70%
2024-04-27T18:43:17.091Z [Modules] Streaming discord_krisp@1 to /home/dylan/.config/discord/0.0.51/modules/pending/discord_krisp-1.zip: 71%
2024-04-27T18:43:17.092Z [Modules] Streaming discord_krisp@1 to /home/dylan/.config/discord/0.0.51/modules/pending/discord_krisp-1.zip: 72%
2024-04-27T18:43:17.093Z [Modules] Streaming discord_krisp@1 to /home/dylan/.config/discord/0.0.51/modules/pending/discord_krisp-1.zip: 73%
2024-04-27T18:43:17.094Z [Modules] Streaming discord_krisp@1 to /home/dylan/.config/discord/0.0.51/modules/pending/discord_krisp-1.zip: 74%
2024-04-27T18:43:17.094Z [Modules] Streaming discord_krisp@1 to /home/dylan/.config/discord/0.0.51/modules/pending/discord_krisp-1.zip: 75%
2024-04-27T18:43:17.095Z [Modules] Streaming discord_krisp@1 to /home/dylan/.config/discord/0.0.51/modules/pending/discord_krisp-1.zip: 76%
2024-04-27T18:43:17.096Z [Modules] Streaming discord_krisp@1 to /home/dylan/.config/discord/0.0.51/modules/pending/discord_krisp-1.zip: 77%
2024-04-27T18:43:17.097Z [Modules] Streaming discord_krisp@1 to /home/dylan/.config/discord/0.0.51/modules/pending/discord_krisp-1.zip: 78%
2024-04-27T18:43:17.098Z [Modules] Streaming discord_krisp@1 to /home/dylan/.config/discord/0.0.51/modules/pending/discord_krisp-1.zip: 79%
2024-04-27T18:43:17.098Z [Modules] Streaming discord_krisp@1 to /home/dylan/.config/discord/0.0.51/modules/pending/discord_krisp-1.zip: 81%
2024-04-27T18:43:17.099Z [Modules] Streaming discord_krisp@1 to /home/dylan/.config/discord/0.0.51/modules/pending/discord_krisp-1.zip: 82%
2024-04-27T18:43:17.116Z [Modules] Streaming discord_krisp@1 to /home/dylan/.config/discord/0.0.51/modules/pending/discord_krisp-1.zip: 83%
2024-04-27T18:43:17.121Z [Modules] Streaming discord_krisp@1 to /home/dylan/.config/discord/0.0.51/modules/pending/discord_krisp-1.zip: 84%
2024-04-27T18:43:17.126Z [Modules] Streaming discord_krisp@1 to /home/dylan/.config/discord/0.0.51/modules/pending/discord_krisp-1.zip: 85%
2024-04-27T18:43:17.130Z [Modules] Streaming discord_krisp@1 to /home/dylan/.config/discord/0.0.51/modules/pending/discord_krisp-1.zip: 86%
2024-04-27T18:43:17.136Z [Modules] Streaming discord_krisp@1 to /home/dylan/.config/discord/0.0.51/modules/pending/discord_krisp-1.zip: 87%
2024-04-27T18:43:17.140Z [Modules] Streaming discord_krisp@1 to /home/dylan/.config/discord/0.0.51/modules/pending/discord_krisp-1.zip: 88%
2024-04-27T18:43:17.146Z [Modules] Streaming discord_krisp@1 to /home/dylan/.config/discord/0.0.51/modules/pending/discord_krisp-1.zip: 89%
2024-04-27T18:43:17.150Z [Modules] Streaming discord_krisp@1 to /home/dylan/.config/discord/0.0.51/modules/pending/discord_krisp-1.zip: 90%
2024-04-27T18:43:17.155Z [Modules] Streaming discord_krisp@1 to /home/dylan/.config/discord/0.0.51/modules/pending/discord_krisp-1.zip: 91%
2024-04-27T18:43:17.160Z [Modules] Streaming discord_krisp@1 to /home/dylan/.config/discord/0.0.51/modules/pending/discord_krisp-1.zip: 92%
2024-04-27T18:43:17.164Z [Modules] Streaming discord_krisp@1 to /home/dylan/.config/discord/0.0.51/modules/pending/discord_krisp-1.zip: 93%
2024-04-27T18:43:17.170Z [Modules] Streaming discord_krisp@1 to /home/dylan/.config/discord/0.0.51/modules/pending/discord_krisp-1.zip: 94%
2024-04-27T18:43:17.175Z [Modules] Streaming discord_krisp@1 to /home/dylan/.config/discord/0.0.51/modules/pending/discord_krisp-1.zip: 95%
2024-04-27T18:43:17.179Z [Modules] Streaming discord_krisp@1 to /home/dylan/.config/discord/0.0.51/modules/pending/discord_krisp-1.zip: 96%
2024-04-27T18:43:17.189Z [Modules] Streaming discord_krisp@1 to /home/dylan/.config/discord/0.0.51/modules/pending/discord_krisp-1.zip: 97%
2024-04-27T18:43:17.190Z [Modules] Streaming discord_krisp@1 to /home/dylan/.config/discord/0.0.51/modules/pending/discord_krisp-1.zip: 98%
2024-04-27T18:43:17.197Z [Modules] Streaming discord_krisp@1 to /home/dylan/.config/discord/0.0.51/modules/pending/discord_krisp-1.zip: 99%
2024-04-27T18:43:17.198Z [Modules] Streaming discord_krisp@1 to /home/dylan/.config/discord/0.0.51/modules/pending/discord_krisp-1.zip: 100%
2024-04-27T18:43:17.201Z [Modules] Fetching discord_game_utils@1 from https://discord.com/api/modules/stable/discord_game_utils/1
2024-04-27T18:43:17.201Z [Modules] Streaming discord_game_utils@1 to /home/dylan/.config/discord/0.0.51/modules/pending/discord_game_utils-1.zip
2024-04-27T18:43:17.201Z [Modules] Installing discord_krisp@1 from /home/dylan/.config/discord/0.0.51/modules/pending/discord_krisp-1.zip
2024-04-27T18:43:17.325Z [Modules] Streaming discord_game_utils@1 to /home/dylan/.config/discord/0.0.51/modules/pending/discord_game_utils-1.zip: 2%
2024-04-27T18:43:17.326Z [Modules] Streaming discord_game_utils@1 to /home/dylan/.config/discord/0.0.51/modules/pending/discord_game_utils-1.zip: 5%
2024-04-27T18:43:17.327Z [Modules] Streaming discord_game_utils@1 to /home/dylan/.config/discord/0.0.51/modules/pending/discord_game_utils-1.zip: 7%
2024-04-27T18:43:17.329Z [Modules] Streaming discord_game_utils@1 to /home/dylan/.config/discord/0.0.51/modules/pending/discord_game_utils-1.zip: 10%
2024-04-27T18:43:17.330Z [Modules] Streaming discord_game_utils@1 to /home/dylan/.config/discord/0.0.51/modules/pending/discord_game_utils-1.zip: 12%
2024-04-27T18:43:17.331Z [Modules] Streaming discord_game_utils@1 to /home/dylan/.config/discord/0.0.51/modules/pending/discord_game_utils-1.zip: 15%
2024-04-27T18:43:17.332Z [Modules] Streaming discord_game_utils@1 to /home/dylan/.config/discord/0.0.51/modules/pending/discord_game_utils-1.zip: 18%
2024-04-27T18:43:17.334Z [Modules] Streaming discord_game_utils@1 to /home/dylan/.config/discord/0.0.51/modules/pending/discord_game_utils-1.zip: 20%
2024-04-27T18:43:17.335Z [Modules] Streaming discord_game_utils@1 to /home/dylan/.config/discord/0.0.51/modules/pending/discord_game_utils-1.zip: 22%
2024-04-27T18:43:17.336Z [Modules] Streaming discord_game_utils@1 to /home/dylan/.config/discord/0.0.51/modules/pending/discord_game_utils-1.zip: 24%
2024-04-27T18:43:17.337Z [Modules] Streaming discord_game_utils@1 to /home/dylan/.config/discord/0.0.51/modules/pending/discord_game_utils-1.zip: 27%
2024-04-27T18:43:17.339Z [Modules] Streaming discord_game_utils@1 to /home/dylan/.config/discord/0.0.51/modules/pending/discord_game_utils-1.zip: 29%
2024-04-27T18:43:17.340Z [Modules] Streaming discord_game_utils@1 to /home/dylan/.config/discord/0.0.51/modules/pending/discord_game_utils-1.zip: 32%
2024-04-27T18:43:17.342Z [Modules] Streaming discord_game_utils@1 to /home/dylan/.config/discord/0.0.51/modules/pending/discord_game_utils-1.zip: 34%
2024-04-27T18:43:17.343Z [Modules] Streaming discord_game_utils@1 to /home/dylan/.config/discord/0.0.51/modules/pending/discord_game_utils-1.zip: 37%
2024-04-27T18:43:17.344Z [Modules] Streaming discord_game_utils@1 to /home/dylan/.config/discord/0.0.51/modules/pending/discord_game_utils-1.zip: 39%
2024-04-27T18:43:17.346Z [Modules] Streaming discord_game_utils@1 to /home/dylan/.config/discord/0.0.51/modules/pending/discord_game_utils-1.zip: 42%
2024-04-27T18:43:17.348Z [Modules] Streaming discord_game_utils@1 to /home/dylan/.config/discord/0.0.51/modules/pending/discord_game_utils-1.zip: 45%
2024-04-27T18:43:17.349Z [Modules] Streaming discord_game_utils@1 to /home/dylan/.config/discord/0.0.51/modules/pending/discord_game_utils-1.zip: 47%
2024-04-27T18:43:17.352Z [Modules] Streaming discord_game_utils@1 to /home/dylan/.config/discord/0.0.51/modules/pending/discord_game_utils-1.zip: 52%
2024-04-27T18:43:17.353Z [Modules] Streaming discord_game_utils@1 to /home/dylan/.config/discord/0.0.51/modules/pending/discord_game_utils-1.zip: 55%
2024-04-27T18:43:17.355Z [Modules] Streaming discord_game_utils@1 to /home/dylan/.config/discord/0.0.51/modules/pending/discord_game_utils-1.zip: 58%
2024-04-27T18:43:17.356Z [Modules] Streaming discord_game_utils@1 to /home/dylan/.config/discord/0.0.51/modules/pending/discord_game_utils-1.zip: 60%
2024-04-27T18:43:17.357Z [Modules] Streaming discord_game_utils@1 to /home/dylan/.config/discord/0.0.51/modules/pending/discord_game_utils-1.zip: 63%
2024-04-27T18:43:17.358Z [Modules] Streaming discord_game_utils@1 to /home/dylan/.config/discord/0.0.51/modules/pending/discord_game_utils-1.zip: 65%
2024-04-27T18:43:17.360Z [Modules] Streaming discord_game_utils@1 to /home/dylan/.config/discord/0.0.51/modules/pending/discord_game_utils-1.zip: 68%
2024-04-27T18:43:17.361Z [Modules] Streaming discord_game_utils@1 to /home/dylan/.config/discord/0.0.51/modules/pending/discord_game_utils-1.zip: 71%
2024-04-27T18:43:17.363Z [Modules] Streaming discord_game_utils@1 to /home/dylan/.config/discord/0.0.51/modules/pending/discord_game_utils-1.zip: 73%
2024-04-27T18:43:17.364Z [Modules] Streaming discord_game_utils@1 to /home/dylan/.config/discord/0.0.51/modules/pending/discord_game_utils-1.zip: 76%
2024-04-27T18:43:17.366Z [Modules] Streaming discord_game_utils@1 to /home/dylan/.config/discord/0.0.51/modules/pending/discord_game_utils-1.zip: 78%
2024-04-27T18:43:17.367Z [Modules] Streaming discord_game_utils@1 to /home/dylan/.config/discord/0.0.51/modules/pending/discord_game_utils-1.zip: 81%
2024-04-27T18:43:17.368Z [Modules] Streaming discord_game_utils@1 to /home/dylan/.config/discord/0.0.51/modules/pending/discord_game_utils-1.zip: 82%
2024-04-27T18:43:17.369Z [Modules] Streaming discord_game_utils@1 to /home/dylan/.config/discord/0.0.51/modules/pending/discord_game_utils-1.zip: 83%
2024-04-27T18:43:17.369Z [Modules] Streaming discord_game_utils@1 to /home/dylan/.config/discord/0.0.51/modules/pending/discord_game_utils-1.zip: 85%
2024-04-27T18:43:17.371Z [Modules] Streaming discord_game_utils@1 to /home/dylan/.config/discord/0.0.51/modules/pending/discord_game_utils-1.zip: 88%
2024-04-27T18:43:17.372Z [Modules] Streaming discord_game_utils@1 to /home/dylan/.config/discord/0.0.51/modules/pending/discord_game_utils-1.zip: 91%
2024-04-27T18:43:17.374Z [Modules] Streaming discord_game_utils@1 to /home/dylan/.config/discord/0.0.51/modules/pending/discord_game_utils-1.zip: 93%
2024-04-27T18:43:17.375Z [Modules] Streaming discord_game_utils@1 to /home/dylan/.config/discord/0.0.51/modules/pending/discord_game_utils-1.zip: 96%
2024-04-27T18:43:17.377Z [Modules] Streaming discord_game_utils@1 to /home/dylan/.config/discord/0.0.51/modules/pending/discord_game_utils-1.zip: 98%
2024-04-27T18:43:17.377Z [Modules] Streaming discord_game_utils@1 to /home/dylan/.config/discord/0.0.51/modules/pending/discord_game_utils-1.zip: 100%
2024-04-27T18:43:17.379Z [Modules] Finished module downloads. [success: 2] [failure: 0]
2024-04-27T18:43:17.438Z [Modules] Checking for host updates.
2024-04-27T18:43:17.524Z [Modules] Host is up to date.
2024-04-27T18:43:17.524Z [Modules] Checking for module updates at https://discord.com/api/modules/stable/versions.json
2024-04-27T18:43:17.530Z [Modules] No module updates available.
2024-04-27T18:43:17.609Z [Modules] Starting to install discord_rpc...
2024-04-27T18:43:17.609Z [Modules] Fetching discord_rpc@1 from https://discord.com/api/modules/stable/discord_rpc/1
2024-04-27T18:43:17.609Z [Modules] Streaming discord_rpc@1 to /home/dylan/.config/discord/0.0.51/modules/pending/discord_rpc-1.zip
2024-04-27T18:43:17.723Z [Modules] Streaming discord_rpc@1 to /home/dylan/.config/discord/0.0.51/modules/pending/discord_rpc-1.zip: 100%
2024-04-27T18:43:17.725Z [Modules] Finished module downloads. [success: 1] [failure: 0]
2024-04-27T18:43:17.899Z [Modules] Installing discord_game_utils@1 from /home/dylan/.config/discord/0.0.51/modules/pending/discord_game_utils-1.zip
2024-04-27T18:43:18.008Z [Modules] Installing discord_rpc@1 from /home/dylan/.config/discord/0.0.51/modules/pending/discord_rpc-1.zip
2024-04-27T18:43:18.033Z [Modules] Finished module installations. [success: 3] [failure: 0]
2024-04-27T18:43:57.340Z [Modules] Modules initializing
2024-04-27T18:43:57.340Z [Modules] Distribution: remote
2024-04-27T18:43:57.340Z [Modules] Host updates: enabled
2024-04-27T18:43:57.341Z [Modules] Module updates: enabled
2024-04-27T18:43:57.341Z [Modules] Module install path: /home/dylan/.config/discord/0.0.51/modules
2024-04-27T18:43:57.341Z [Modules] Module installed file path: /home/dylan/.config/discord/0.0.51/modules/installed.json
2024-04-27T18:43:57.341Z [Modules] Module download path: /home/dylan/.config/discord/0.0.51/modules/pending
2024-04-27T18:43:57.621Z [Modules] No updates to install
2024-04-27T18:43:57.622Z [Modules] Checking for host updates.
2024-04-27T18:43:57.807Z [Modules] Host is up to date.
2024-04-27T18:43:57.808Z [Modules] Checking for module updates at https://discord.com/api/modules/stable/versions.json
2024-04-27T18:43:57.816Z [Modules] No module updates available.
2024-04-27T18:44:00.434Z [Modules] Checking for host updates.
2024-04-27T18:44:00.515Z [Modules] Host is up to date.
2024-04-27T18:44:00.515Z [Modules] Checking for module updates at https://discord.com/api/modules/stable/versions.json
2024-04-27T18:44:00.523Z [Modules] No module updates available.
2024-04-27T18:53:05.859Z [Modules] Modules initializing
2024-04-27T18:53:05.860Z [Modules] Distribution: remote
2024-04-27T18:53:05.860Z [Modules] Host updates: enabled
2024-04-27T18:53:05.860Z [Modules] Module updates: enabled
2024-04-27T18:53:05.860Z [Modules] Module install path: /home/dylan/.config/discord/0.0.51/modules
2024-04-27T18:53:05.860Z [Modules] Module installed file path: /home/dylan/.config/discord/0.0.51/modules/installed.json
2024-04-27T18:53:05.861Z [Modules] Module download path: /home/dylan/.config/discord/0.0.51/modules/pending
2024-04-27T18:53:06.151Z [Modules] No updates to install
2024-04-27T18:53:06.153Z [Modules] Checking for host updates.
2024-04-27T18:53:06.338Z [Modules] Host is up to date.
2024-04-27T18:53:06.339Z [Modules] Checking for module updates at https://discord.com/api/modules/stable/versions.json
2024-04-27T18:53:06.383Z [Modules] No module updates available.
2024-04-27T18:53:09.103Z [Modules] Checking for host updates.
2024-04-27T18:53:09.178Z [Modules] Host is up to date.
2024-04-27T18:53:09.178Z [Modules] Checking for module updates at https://discord.com/api/modules/stable/versions.json
2024-04-27T18:53:09.185Z [Modules] No module updates available.
2024-04-27T19:08:58.528Z [Modules] Modules initializing
2024-04-27T19:08:58.528Z [Modules] Distribution: remote
2024-04-27T19:08:58.528Z [Modules] Host updates: enabled
2024-04-27T19:08:58.528Z [Modules] Module updates: enabled
2024-04-27T19:08:58.529Z [Modules] Module install path: /home/dylan/.config/discord/0.0.51/modules
2024-04-27T19:08:58.529Z [Modules] Module installed file path: /home/dylan/.config/discord/0.0.51/modules/installed.json
2024-04-27T19:08:58.529Z [Modules] Module download path: /home/dylan/.config/discord/0.0.51/modules/pending
2024-04-27T19:08:58.803Z [Modules] No updates to install
2024-04-27T19:08:58.804Z [Modules] Checking for host updates.
2024-04-27T19:08:58.996Z [Modules] Host is up to date.
2024-04-27T19:08:58.997Z [Modules] Checking for module updates at https://discord.com/api/modules/stable/versions.json
2024-04-27T19:08:59.042Z [Modules] No module updates available.
2024-04-27T19:09:01.752Z [Modules] Checking for host updates.
2024-04-27T19:09:01.851Z [Modules] Host is up to date.
2024-04-27T19:09:01.852Z [Modules] Checking for module updates at https://discord.com/api/modules/stable/versions.json
2024-04-27T19:09:01.857Z [Modules] No module updates available.
2024-04-27T20:09:01.759Z [Modules] Checking for host updates.
2024-04-27T20:09:01.867Z [Modules] Host is up to date.
2024-04-27T20:09:01.867Z [Modules] Checking for module updates at https://discord.com/api/modules/stable/versions.json
2024-04-27T20:09:01.914Z [Modules] No module updates available.
2024-04-27T20:15:00.191Z [Modules] Modules initializing
2024-04-27T20:15:00.192Z [Modules] Distribution: remote
2024-04-27T20:15:00.192Z [Modules] Host updates: enabled
2024-04-27T20:15:00.192Z [Modules] Module updates: enabled
2024-04-27T20:15:00.193Z [Modules] Module install path: /home/dylan/.config/discord/0.0.51/modules
2024-04-27T20:15:00.193Z [Modules] Module installed file path: /home/dylan/.config/discord/0.0.51/modules/installed.json
2024-04-27T20:15:00.193Z [Modules] Module download path: /home/dylan/.config/discord/0.0.51/modules/pending
2024-04-27T20:15:00.464Z [Modules] No updates to install
2024-04-27T20:15:00.465Z [Modules] Checking for host updates.
2024-04-27T20:15:00.653Z [Modules] Host is up to date.
2024-04-27T20:15:00.654Z [Modules] Checking for module updates at https://discord.com/api/modules/stable/versions.json
2024-04-27T20:15:00.763Z [Modules] No module updates available.
2024-04-27T20:15:03.438Z [Modules] Checking for host updates.
2024-04-27T20:15:03.527Z [Modules] Host is up to date.
2024-04-27T20:15:03.527Z [Modules] Checking for module updates at https://discord.com/api/modules/stable/versions.json
2024-04-27T20:15:03.537Z [Modules] No module updates available.
2024-04-27T21:37:12.520Z [Modules] Modules initializing
2024-04-27T21:37:12.521Z [Modules] Distribution: remote
2024-04-27T21:37:12.521Z [Modules] Host updates: enabled
2024-04-27T21:37:12.521Z [Modules] Module updates: enabled
2024-04-27T21:37:12.521Z [Modules] Module install path: /home/dylan/.config/discord/0.0.51/modules
2024-04-27T21:37:12.521Z [Modules] Module installed file path: /home/dylan/.config/discord/0.0.51/modules/installed.json
2024-04-27T21:37:12.522Z [Modules] Module download path: /home/dylan/.config/discord/0.0.51/modules/pending
2024-04-27T21:37:13.032Z [Modules] No updates to install
2024-04-27T21:37:13.034Z [Modules] Checking for host updates.
2024-04-27T21:37:13.296Z [Modules] Host is up to date.
2024-04-27T21:37:13.297Z [Modules] Checking for module updates at https://discord.com/api/modules/stable/versions.json
2024-04-27T21:37:13.359Z [Modules] No module updates available.
2024-04-27T21:37:16.523Z [Modules] Checking for host updates.
2024-04-27T21:37:16.663Z [Modules] Host is up to date.
2024-04-27T21:37:16.663Z [Modules] Checking for module updates at https://discord.com/api/modules/stable/versions.json
2024-04-27T21:37:16.671Z [Modules] No module updates available.
2024-04-27T22:37:16.530Z [Modules] Checking for host updates.
2024-04-27T22:37:16.632Z [Modules] Host is up to date.
2024-04-27T22:37:16.632Z [Modules] Checking for module updates at https://discord.com/api/modules/stable/versions.json
2024-04-27T22:37:16.685Z [Modules] No module updates available.
2024-04-28T12:01:07.204Z [Modules] Checking for host updates.
2024-04-28T12:01:07.341Z [Modules] Host is up to date.
2024-04-28T12:01:07.342Z [Modules] Checking for module updates at https://discord.com/api/modules/stable/versions.json
2024-04-28T12:01:07.387Z [Modules] No module updates available.
2024-04-28T16:54:22.275Z [Modules] Checking for host updates.
2024-04-28T16:54:22.374Z [Modules] Host is up to date.
2024-04-28T16:54:22.374Z [Modules] Checking for module updates at https://discord.com/api/modules/stable/versions.json
2024-04-28T16:54:22.476Z [Modules] No module updates available.
2024-04-28T17:54:22.220Z [Modules] Checking for host updates.
2024-04-28T17:54:22.333Z [Modules] Host is up to date.
2024-04-28T17:54:22.333Z [Modules] Checking for module updates at https://discord.com/api/modules/stable/versions.json
2024-04-28T17:54:22.378Z [Modules] No module updates available.
2024-04-28T18:54:22.275Z [Modules] Checking for host updates.
2024-04-28T18:54:22.410Z [Modules] Host is up to date.
2024-04-28T18:54:22.410Z [Modules] Checking for module updates at https://discord.com/api/modules/stable/versions.json
2024-04-28T18:54:22.467Z [Modules] No module updates available.
2024-04-28T19:54:22.276Z [Modules] Checking for host updates.
2024-04-28T19:54:22.395Z [Modules] Host is up to date.
2024-04-28T19:54:22.396Z [Modules] Checking for module updates at https://discord.com/api/modules/stable/versions.json
2024-04-28T19:54:22.442Z [Modules] No module updates available.
2024-04-28T20:54:22.274Z [Modules] Checking for host updates.
2024-04-28T20:54:22.379Z [Modules] Host is up to date.
2024-04-28T20:54:22.380Z [Modules] Checking for module updates at https://discord.com/api/modules/stable/versions.json
2024-04-28T20:54:22.430Z [Modules] No module updates available.
2024-04-28T21:37:53.077Z [Modules] Modules initializing
2024-04-28T21:37:53.077Z [Modules] Distribution: remote
2024-04-28T21:37:53.078Z [Modules] Host updates: enabled
2024-04-28T21:37:53.078Z [Modules] Module updates: enabled
2024-04-28T21:37:53.078Z [Modules] Module install path: /home/dylan/.config/discord/0.0.51/modules
2024-04-28T21:37:53.078Z [Modules] Module installed file path: /home/dylan/.config/discord/0.0.51/modules/installed.json
2024-04-28T21:37:53.079Z [Modules] Module download path: /home/dylan/.config/discord/0.0.51/modules/pending
2024-04-28T21:37:53.480Z [Modules] No updates to install
2024-04-28T21:37:53.481Z [Modules] Checking for host updates.
2024-04-28T21:37:53.680Z [Modules] Host is up to date.
2024-04-28T21:37:53.681Z [Modules] Checking for module updates at https://discord.com/api/modules/stable/versions.json
2024-04-28T21:37:53.730Z [Modules] No module updates available.
2024-04-28T21:37:56.644Z [Modules] Checking for host updates.
2024-04-28T21:37:56.764Z [Modules] Host is up to date.
2024-04-28T21:37:56.765Z [Modules] Checking for module updates at https://discord.com/api/modules/stable/versions.json
2024-04-28T21:37:56.772Z [Modules] No module updates available.
2024-04-28T22:37:56.648Z [Modules] Checking for host updates.
2024-04-28T22:37:56.757Z [Modules] Host is up to date.
2024-04-28T22:37:56.757Z [Modules] Checking for module updates at https://discord.com/api/modules/stable/versions.json
2024-04-28T22:37:56.834Z [Modules] No module updates available.
2024-04-28T23:37:56.645Z [Modules] Checking for host updates.
2024-04-28T23:37:56.777Z [Modules] Host is up to date.
2024-04-28T23:37:56.777Z [Modules] Checking for module updates at https://discord.com/api/modules/stable/versions.json
2024-04-28T23:37:56.824Z [Modules] No module updates available.
2024-04-29T00:37:56.645Z [Modules] Checking for host updates.
2024-04-29T00:37:56.749Z [Modules] Host is up to date.
2024-04-29T00:37:56.749Z [Modules] Checking for module updates at https://discord.com/api/modules/stable/versions.json
2024-04-29T00:37:56.795Z [Modules] No module updates available.
2024-04-29T01:37:56.651Z [Modules] Checking for host updates.
2024-04-29T01:37:56.758Z [Modules] Host is up to date.
2024-04-29T01:37:56.759Z [Modules] Checking for module updates at https://discord.com/api/modules/stable/versions.json
2024-04-29T01:37:56.804Z [Modules] No module updates available.
2024-04-29T15:57:45.800Z [Modules] Checking for host updates.
2024-04-29T15:57:45.904Z [Modules] Host is up to date.
2024-04-29T15:57:45.904Z [Modules] Checking for module updates at https://discord.com/api/modules/stable/versions.json
2024-04-29T15:57:45.950Z [Modules] No module updates available.
2024-04-29T20:54:57.944Z [Modules] Checking for host updates.
2024-04-29T20:54:58.046Z [Modules] Host is up to date.
2024-04-29T20:54:58.047Z [Modules] Checking for module updates at https://discord.com/api/modules/stable/versions.json
2024-04-29T20:54:58.226Z [Modules] No module updates available.
2024-04-29T21:54:57.953Z [Modules] Checking for host updates.
2024-04-29T21:54:58.080Z [Modules] Host update is available. Manual update required!
2024-04-30T18:14:58.799Z [Modules] Modules initializing
2024-04-30T18:14:58.799Z [Modules] Distribution: remote
2024-04-30T18:14:58.799Z [Modules] Host updates: enabled
2024-04-30T18:14:58.799Z [Modules] Module updates: enabled
2024-04-30T18:14:58.799Z [Modules] Module install path: /home/dylan/.config/discord/0.0.51/modules
2024-04-30T18:14:58.800Z [Modules] Module installed file path: /home/dylan/.config/discord/0.0.51/modules/installed.json
2024-04-30T18:14:58.800Z [Modules] Module download path: /home/dylan/.config/discord/0.0.51/modules/pending
2024-04-30T18:14:59.170Z [Modules] No updates to install
2024-04-30T18:14:59.171Z [Modules] Checking for host updates.
2024-04-30T18:14:59.400Z [Modules] Host update is available. Manual update required!
2024-04-30T18:15:05.297Z [Modules] Modules initializing
2024-04-30T18:15:05.298Z [Modules] Distribution: remote
2024-04-30T18:15:05.298Z [Modules] Host updates: enabled
2024-04-30T18:15:05.298Z [Modules] Module updates: enabled
2024-04-30T18:15:05.298Z [Modules] Module install path: /home/dylan/.config/discord/0.0.51/modules
2024-04-30T18:15:05.298Z [Modules] Module installed file path: /home/dylan/.config/discord/0.0.51/modules/installed.json
2024-04-30T18:15:05.298Z [Modules] Module download path: /home/dylan/.config/discord/0.0.51/modules/pending
2024-04-30T18:15:05.572Z [Modules] No updates to install
2024-04-30T18:15:05.574Z [Modules] Checking for host updates.
2024-04-30T18:15:05.764Z [Modules] Host update is available. Manual update required!
2024-04-30T18:16:20.957Z [Modules] Modules initializing
2024-04-30T18:16:20.958Z [Modules] Distribution: remote
2024-04-30T18:16:20.958Z [Modules] Host updates: disabled
2024-04-30T18:16:20.958Z [Modules] Module updates: enabled
2024-04-30T18:16:20.958Z [Modules] Module install path: /home/dylan/.config/discord/0.0.51/modules
2024-04-30T18:16:20.958Z [Modules] Module installed file path: /home/dylan/.config/discord/0.0.51/modules/installed.json
2024-04-30T18:16:20.959Z [Modules] Module download path: /home/dylan/.config/discord/0.0.51/modules/pending
2024-04-30T18:16:21.246Z [Modules] No updates to install
2024-04-30T18:16:21.246Z [Modules] Host is up to date.
2024-04-30T18:16:21.246Z [Modules] Checking for module updates at https://discord.com/api/modules/stable/versions.json
2024-04-30T18:16:21.412Z [Modules] No module updates available.
2024-04-30T18:16:24.536Z [Modules] Host is up to date.
2024-04-30T18:16:24.536Z [Modules] Checking for module updates at https://discord.com/api/modules/stable/versions.json
2024-04-30T18:16:24.543Z [Modules] No module updates available.
2024-05-01T15:16:17.591Z [Modules] Host is up to date.
2024-05-01T15:16:17.591Z [Modules] Checking for module updates at https://discord.com/api/modules/stable/versions.json
2024-05-01T15:16:17.657Z [Modules] No module updates available.
2024-05-01T16:16:17.592Z [Modules] Host is up to date.
2024-05-01T16:16:17.592Z [Modules] Checking for module updates at https://discord.com/api/modules/stable/versions.json
2024-05-01T16:16:17.659Z [Modules] No module updates available.
2024-05-03T01:24:11.572Z [Modules] Host is up to date.
2024-05-03T01:24:11.573Z [Modules] Checking for module updates at https://discord.com/api/modules/stable/versions.json
2024-05-03T01:24:11.647Z [Modules] No module updates available.
2024-05-03T02:24:11.122Z [Modules] Host is up to date.
2024-05-03T02:24:11.123Z [Modules] Checking for module updates at https://discord.com/api/modules/stable/versions.json
2024-05-03T02:24:11.191Z [Modules] No module updates available.
2024-05-03T16:21:10.512Z [Modules] Host is up to date.
2024-05-03T16:21:10.512Z [Modules] Checking for module updates at https://discord.com/api/modules/stable/versions.json
2024-05-03T16:21:10.616Z [Modules] No module updates available.
2024-05-03T17:21:10.507Z [Modules] Host is up to date.
2024-05-03T17:21:10.507Z [Modules] Checking for module updates at https://discord.com/api/modules/stable/versions.json
2024-05-03T17:21:10.589Z [Modules] No module updates available.
2024-05-03T18:21:10.511Z [Modules] Host is up to date.
2024-05-03T18:21:10.511Z [Modules] Checking for module updates at https://discord.com/api/modules/stable/versions.json
2024-05-03T18:21:10.590Z [Modules] No module updates available.
2024-05-03T19:21:10.513Z [Modules] Host is up to date.
2024-05-03T19:21:10.513Z [Modules] Checking for module updates at https://discord.com/api/modules/stable/versions.json
2024-05-03T19:21:10.608Z [Modules] No module updates available.
2024-05-03T20:21:10.511Z [Modules] Host is up to date.
2024-05-03T20:21:10.511Z [Modules] Checking for module updates at https://discord.com/api/modules/stable/versions.json
2024-05-03T20:21:10.579Z [Modules] No module updates available.
2024-05-03T21:21:10.507Z [Modules] Host is up to date.
2024-05-03T21:21:10.507Z [Modules] Checking for module updates at https://discord.com/api/modules/stable/versions.json
2024-05-03T21:21:10.576Z [Modules] No module updates available.
2024-05-03T21:50:49.898Z [Modules] Modules initializing
2024-05-03T21:50:49.898Z [Modules] Distribution: remote
2024-05-03T21:50:49.898Z [Modules] Host updates: disabled
2024-05-03T21:50:49.898Z [Modules] Module updates: enabled
2024-05-03T21:50:49.899Z [Modules] Module install path: /home/dylan/.config/discord/0.0.51/modules
2024-05-03T21:50:49.899Z [Modules] Module installed file path: /home/dylan/.config/discord/0.0.51/modules/installed.json
2024-05-03T21:50:49.899Z [Modules] Module download path: /home/dylan/.config/discord/0.0.51/modules/pending
2024-05-03T21:50:50.284Z [Modules] No updates to install
2024-05-03T21:50:50.285Z [Modules] Host is up to date.
2024-05-03T21:50:50.286Z [Modules] Checking for module updates at https://discord.com/api/modules/stable/versions.json
2024-05-03T21:50:50.463Z [Modules] No module updates available.
2024-05-03T21:50:53.719Z [Modules] Host is up to date.
2024-05-03T21:50:53.720Z [Modules] Checking for module updates at https://discord.com/api/modules/stable/versions.json
2024-05-03T21:50:53.727Z [Modules] No module updates available.
2024-05-03T22:50:53.724Z [Modules] Host is up to date.
2024-05-03T22:50:53.724Z [Modules] Checking for module updates at https://discord.com/api/modules/stable/versions.json
2024-05-03T22:50:53.842Z [Modules] No module updates available.
2024-05-04T14:51:55.350Z [Modules] Host is up to date.
2024-05-04T14:51:55.350Z [Modules] Checking for module updates at https://discord.com/api/modules/stable/versions.json
2024-05-04T14:51:55.423Z [Modules] No module updates available.
2024-05-04T15:51:55.351Z [Modules] Host is up to date.
2024-05-04T15:51:55.351Z [Modules] Checking for module updates at https://discord.com/api/modules/stable/versions.json
2024-05-04T15:51:55.424Z [Modules] No module updates available.
2024-05-04T16:51:55.350Z [Modules] Host is up to date.
2024-05-04T16:51:55.350Z [Modules] Checking for module updates at https://discord.com/api/modules/stable/versions.json
2024-05-04T16:51:55.437Z [Modules] No module updates available.
2024-05-04T17:51:55.344Z [Modules] Host is up to date.
2024-05-04T17:51:55.344Z [Modules] Checking for module updates at https://discord.com/api/modules/stable/versions.json
2024-05-04T17:51:55.426Z [Modules] No module updates available.
2024-05-04T19:02:36.605Z [Modules] Modules initializing
2024-05-04T19:02:36.606Z [Modules] Distribution: remote
2024-05-04T19:02:36.606Z [Modules] Host updates: disabled
2024-05-04T19:02:36.606Z [Modules] Module updates: enabled
2024-05-04T19:02:36.607Z [Modules] Module install path: /home/dylan/.config/discord/0.0.51/modules
2024-05-04T19:02:36.607Z [Modules] Module installed file path: /home/dylan/.config/discord/0.0.51/modules/installed.json
2024-05-04T19:02:36.607Z [Modules] Module download path: /home/dylan/.config/discord/0.0.51/modules/pending
2024-05-04T19:02:36.970Z [Modules] No updates to install
2024-05-04T19:02:36.971Z [Modules] Host is up to date.
2024-05-04T19:02:36.972Z [Modules] Checking for module updates at https://discord.com/api/modules/stable/versions.json
2024-05-04T19:03:06.700Z [Modules] No module updates available.
2024-05-04T19:03:10.865Z [Modules] Host is up to date.
2024-05-04T19:03:10.865Z [Modules] Checking for module updates at https://discord.com/api/modules/stable/versions.json
2024-05-04T19:03:11.002Z [Modules] No module updates available.
2024-05-04T20:03:10.871Z [Modules] Host is up to date.
2024-05-04T20:03:10.871Z [Modules] Checking for module updates at https://discord.com/api/modules/stable/versions.json
2024-05-04T20:03:11.046Z [Modules] No module updates available.
2024-05-04T20:42:52.863Z [Modules] Modules initializing
2024-05-04T20:42:52.864Z [Modules] Distribution: remote
2024-05-04T20:42:52.864Z [Modules] Host updates: disabled
2024-05-04T20:42:52.864Z [Modules] Module updates: enabled
2024-05-04T20:42:52.865Z [Modules] Module install path: /home/dylan/.config/discord/0.0.51/modules
2024-05-04T20:42:52.865Z [Modules] Module installed file path: /home/dylan/.config/discord/0.0.51/modules/installed.json
2024-05-04T20:42:52.865Z [Modules] Module download path: /home/dylan/.config/discord/0.0.51/modules/pending
2024-05-04T20:42:53.405Z [Modules] No updates to install
2024-05-04T20:42:53.406Z [Modules] Host is up to date.
2024-05-04T20:42:53.406Z [Modules] Checking for module updates at https://discord.com/api/modules/stable/versions.json
2024-05-04T20:42:53.884Z [Modules] No module updates available.
2024-05-04T20:42:57.938Z [Modules] Host is up to date.
2024-05-04T20:42:57.938Z [Modules] Checking for module updates at https://discord.com/api/modules/stable/versions.json
2024-05-04T20:42:57.947Z [Modules] No module updates available.
2024-05-04T21:42:57.944Z [Modules] Host is up to date.
2024-05-04T21:42:57.945Z [Modules] Checking for module updates at https://discord.com/api/modules/stable/versions.json
2024-05-04T21:42:58.215Z [Modules] No module updates available.
2024-05-04T22:42:57.944Z [Modules] Host is up to date.
2024-05-04T22:42:57.944Z [Modules] Checking for module updates at https://discord.com/api/modules/stable/versions.json
2024-05-04T22:42:58.126Z [Modules] No module updates available.
2024-05-05T02:50:33.272Z [Modules] Host is up to date.
2024-05-05T02:50:33.272Z [Modules] Checking for module updates at https://discord.com/api/modules/stable/versions.json
2024-05-05T02:50:33.347Z [Modules] No module updates available.
2024-05-05T03:50:33.274Z [Modules] Host is up to date.
2024-05-05T03:50:33.274Z [Modules] Checking for module updates at https://discord.com/api/modules/stable/versions.json
2024-05-05T03:50:33.354Z [Modules] No module updates available.
2024-05-05T15:40:46.026Z [Modules] Modules initializing
2024-05-05T15:40:46.026Z [Modules] Distribution: remote
2024-05-05T15:40:46.026Z [Modules] Host updates: disabled
2024-05-05T15:40:46.026Z [Modules] Module updates: enabled
2024-05-05T15:40:46.027Z [Modules] Module install path: /home/dylan/.config/discord/0.0.51/modules
2024-05-05T15:40:46.027Z [Modules] Module installed file path: /home/dylan/.config/discord/0.0.51/modules/installed.json
2024-05-05T15:40:46.027Z [Modules] Module download path: /home/dylan/.config/discord/0.0.51/modules/pending
2024-05-05T15:40:46.479Z [Modules] No updates to install
2024-05-05T15:40:46.480Z [Modules] Host is up to date.
2024-05-05T15:40:46.481Z [Modules] Checking for module updates at https://discord.com/api/modules/stable/versions.json
2024-05-05T15:40:46.663Z [Modules] No module updates available.
2024-05-05T15:40:49.583Z [Modules] Host is up to date.
2024-05-05T15:40:49.583Z [Modules] Checking for module updates at https://discord.com/api/modules/stable/versions.json
2024-05-05T15:40:49.590Z [Modules] No module updates available.
2024-05-05T16:40:49.166Z [Modules] Host is up to date.
2024-05-05T16:40:49.166Z [Modules] Checking for module updates at https://discord.com/api/modules/stable/versions.json
2024-05-05T16:40:49.237Z [Modules] No module updates available.
2024-05-05T17:40:49.160Z [Modules] Host is up to date.
2024-05-05T17:40:49.161Z [Modules] Checking for module updates at https://discord.com/api/modules/stable/versions.json
2024-05-05T17:40:49.231Z [Modules] No module updates available.
2024-05-05T18:40:49.160Z [Modules] Host is up to date.
2024-05-05T18:40:49.161Z [Modules] Checking for module updates at https://discord.com/api/modules/stable/versions.json
2024-05-05T18:40:49.240Z [Modules] No module updates available.
2024-05-05T19:40:49.160Z [Modules] Host is up to date.
2024-05-05T19:40:49.160Z [Modules] Checking for module updates at https://discord.com/api/modules/stable/versions.json
2024-05-05T19:40:49.233Z [Modules] No module updates available.
2024-05-05T20:40:49.166Z [Modules] Host is up to date.
2024-05-05T20:40:49.166Z [Modules] Checking for module updates at https://discord.com/api/modules/stable/versions.json
2024-05-05T20:40:49.232Z [Modules] No module updates available.
2024-05-05T21:40:49.160Z [Modules] Host is up to date.
2024-05-05T21:40:49.160Z [Modules] Checking for module updates at https://discord.com/api/modules/stable/versions.json
2024-05-05T21:40:49.279Z [Modules] No module updates available.
2024-05-05T22:48:19.761Z [Modules] Host is up to date.
2024-05-05T22:48:19.761Z [Modules] Checking for module updates at https://discord.com/api/modules/stable/versions.json
2024-05-05T22:48:19.832Z [Modules] No module updates available.
2024-05-05T23:48:19.761Z [Modules] Host is up to date.
2024-05-05T23:48:19.761Z [Modules] Checking for module updates at https://discord.com/api/modules/stable/versions.json
2024-05-05T23:48:19.838Z [Modules] No module updates available.
2024-05-06T01:03:20.741Z [Modules] Host is up to date.
2024-05-06T01:03:20.741Z [Modules] Checking for module updates at https://discord.com/api/modules/stable/versions.json
2024-05-06T01:03:20.855Z [Modules] No module updates available.
2024-05-06T14:36:20.162Z [Modules] Host is up to date.
2024-05-06T14:36:20.162Z [Modules] Checking for module updates at https://discord.com/api/modules/stable/versions.json
2024-05-06T14:36:20.225Z [Modules] No module updates available.
2024-05-06T15:36:20.828Z [Modules] Host is up to date.
2024-05-06T15:36:20.828Z [Modules] Checking for module updates at https://discord.com/api/modules/stable/versions.json
2024-05-06T15:36:20.899Z [Modules] No module updates available.
2024-05-06T16:36:20.832Z [Modules] Host is up to date.
2024-05-06T16:36:20.833Z [Modules] Checking for module updates at https://discord.com/api/modules/stable/versions.json
2024-05-06T16:36:20.889Z [Modules] No module updates available.
2024-05-06T17:36:20.831Z [Modules] Host is up to date.
2024-05-06T17:36:20.831Z [Modules] Checking for module updates at https://discord.com/api/modules/stable/versions.json
2024-05-06T17:36:20.918Z [Modules] No module updates available.
2024-05-06T18:36:20.832Z [Modules] Host is up to date.
2024-05-06T18:36:20.832Z [Modules] Checking for module updates at https://discord.com/api/modules/stable/versions.json
2024-05-06T18:36:20.877Z [Modules] No module updates available.
2024-05-06T20:42:25.895Z [Modules] Host is up to date.
2024-05-06T20:42:25.895Z [Modules] Checking for module updates at https://discord.com/api/modules/stable/versions.json
2024-05-06T20:42:25.971Z [Modules] No module updates available.
2024-05-06T21:42:25.892Z [Modules] Host is up to date.
2024-05-06T21:42:25.892Z [Modules] Checking for module updates at https://discord.com/api/modules/stable/versions.json
2024-05-06T21:42:25.956Z [Modules] No module updates available.
2024-05-06T22:42:25.896Z [Modules] Host is up to date.
2024-05-06T22:42:25.896Z [Modules] Checking for module updates at https://discord.com/api/modules/stable/versions.json
2024-05-06T22:42:25.967Z [Modules] No module updates available.
2024-05-06T23:42:25.896Z [Modules] Host is up to date.
2024-05-06T23:42:25.896Z [Modules] Checking for module updates at https://discord.com/api/modules/stable/versions.json
2024-05-06T23:42:25.976Z [Modules] No module updates available.
2024-05-07T00:42:25.889Z [Modules] Host is up to date.
2024-05-07T00:42:25.889Z [Modules] Checking for module updates at https://discord.com/api/modules/stable/versions.json
2024-05-07T00:42:25.957Z [Modules] No module updates available.
2024-05-07T01:42:25.894Z [Modules] Host is up to date.
2024-05-07T01:42:25.895Z [Modules] Checking for module updates at https://discord.com/api/modules/stable/versions.json
2024-05-07T01:42:26.229Z [Modules] No module updates available.
2024-05-07T02:42:25.895Z [Modules] Host is up to date.
2024-05-07T02:42:25.895Z [Modules] Checking for module updates at https://discord.com/api/modules/stable/versions.json
2024-05-07T02:42:25.957Z [Modules] No module updates available.
2024-05-07T13:05:47.355Z [Modules] Host is up to date.
2024-05-07T13:05:47.355Z [Modules] Checking for module updates at https://discord.com/api/modules/stable/versions.json
2024-05-07T13:05:47.434Z [Modules] No module updates available.
2024-05-07T14:05:47.352Z [Modules] Host is up to date.
2024-05-07T14:05:47.352Z [Modules] Checking for module updates at https://discord.com/api/modules/stable/versions.json
2024-05-07T14:05:47.422Z [Modules] No module updates available.
2024-05-07T17:23:09.940Z [Modules] Host is up to date.
2024-05-07T17:23:09.940Z [Modules] Checking for module updates at https://discord.com/api/modules/stable/versions.json
2024-05-07T17:23:10.025Z [Modules] No module updates available.
2024-05-07T18:23:09.940Z [Modules] Host is up to date.
2024-05-07T18:23:09.940Z [Modules] Checking for module updates at https://discord.com/api/modules/stable/versions.json
2024-05-07T18:23:10.008Z [Modules] No module updates available.
2024-05-07T18:35:59.926Z [Modules] Modules initializing
2024-05-07T18:35:59.926Z [Modules] Distribution: remote
2024-05-07T18:35:59.927Z [Modules] Host updates: disabled
2024-05-07T18:35:59.927Z [Modules] Module updates: enabled
2024-05-07T18:35:59.927Z [Modules] Module install path: /home/dylan/.config/discord/0.0.51/modules
2024-05-07T18:35:59.927Z [Modules] Module installed file path: /home/dylan/.config/discord/0.0.51/modules/installed.json
2024-05-07T18:35:59.927Z [Modules] Module download path: /home/dylan/.config/discord/0.0.51/modules/pending
2024-05-07T18:36:00.435Z [Modules] No updates to install
2024-05-07T18:36:00.436Z [Modules] Host is up to date.
2024-05-07T18:36:00.436Z [Modules] Checking for module updates at https://discord.com/api/modules/stable/versions.json
2024-05-07T18:36:00.622Z [Modules] No module updates available.
2024-05-07T18:36:03.670Z [Modules] Host is up to date.
2024-05-07T18:36:03.670Z [Modules] Checking for module updates at https://discord.com/api/modules/stable/versions.json
2024-05-07T18:36:03.676Z [Modules] No module updates available.
2024-05-07T19:36:03.675Z [Modules] Host is up to date.
2024-05-07T19:36:03.675Z [Modules] Checking for module updates at https://discord.com/api/modules/stable/versions.json
2024-05-07T19:36:03.748Z [Modules] No module updates available.
2024-05-07T20:36:03.676Z [Modules] Host is up to date.
2024-05-07T20:36:03.676Z [Modules] Checking for module updates at https://discord.com/api/modules/stable/versions.json
2024-05-07T20:36:03.748Z [Modules] No module updates available.
2024-05-07T21:36:03.676Z [Modules] Host is up to date.
2024-05-07T21:36:03.676Z [Modules] Checking for module updates at https://discord.com/api/modules/stable/versions.json
2024-05-07T21:36:03.756Z [Modules] No module updates available.
2024-05-07T22:36:03.676Z [Modules] Host is up to date.
2024-05-07T22:36:03.676Z [Modules] Checking for module updates at https://discord.com/api/modules/stable/versions.json
2024-05-07T22:36:03.782Z [Modules] No module updates available.
2024-05-07T23:36:03.676Z [Modules] Host is up to date.
2024-05-07T23:36:03.676Z [Modules] Checking for module updates at https://discord.com/api/modules/stable/versions.json
2024-05-07T23:36:03.764Z [Modules] No module updates available.
2024-05-08T00:36:03.676Z [Modules] Host is up to date.
2024-05-08T00:36:03.676Z [Modules] Checking for module updates at https://discord.com/api/modules/stable/versions.json
2024-05-08T00:36:03.747Z [Modules] No module updates available.
2024-05-08T14:17:18.155Z [Modules] Host is up to date.
2024-05-08T14:17:18.156Z [Modules] Checking for module updates at https://discord.com/api/modules/stable/versions.json
2024-05-08T14:17:18.207Z [Modules] No module updates available.
2024-05-08T15:17:17.452Z [Modules] Host is up to date.
2024-05-08T15:17:17.452Z [Modules] Checking for module updates at https://discord.com/api/modules/stable/versions.json
2024-05-08T15:17:17.521Z [Modules] No module updates available.
2024-05-08T16:17:17.454Z [Modules] Host is up to date.
2024-05-08T16:17:17.454Z [Modules] Checking for module updates at https://discord.com/api/modules/stable/versions.json
2024-05-08T16:17:17.510Z [Modules] No module updates available.
2024-05-09T19:03:30.897Z [Modules] Host is up to date.
2024-05-09T19:03:30.897Z [Modules] Checking for module updates at https://discord.com/api/modules/stable/versions.json
2024-05-09T19:03:30.950Z [Modules] No module updates available.
2024-05-09T20:03:30.897Z [Modules] Host is up to date.
2024-05-09T20:03:30.897Z [Modules] Checking for module updates at https://discord.com/api/modules/stable/versions.json
2024-05-09T20:03:30.960Z [Modules] No module updates available.
2024-05-09T21:03:30.897Z [Modules] Host is up to date.
2024-05-09T21:03:30.897Z [Modules] Checking for module updates at https://discord.com/api/modules/stable/versions.json
2024-05-09T21:03:30.964Z [Modules] No module updates available.
2024-05-09T22:03:30.897Z [Modules] Host is up to date.
2024-05-09T22:03:30.897Z [Modules] Checking for module updates at https://discord.com/api/modules/stable/versions.json
2024-05-09T22:03:30.961Z [Modules] No module updates available.
2024-05-09T23:03:30.894Z [Modules] Host is up to date.
2024-05-09T23:03:30.895Z [Modules] Checking for module updates at https://discord.com/api/modules/stable/versions.json
2024-05-09T23:03:30.966Z [Modules] No module updates available.
2024-05-10T00:03:30.891Z [Modules] Host is up to date.
2024-05-10T00:03:30.891Z [Modules] Checking for module updates at https://discord.com/api/modules/stable/versions.json
2024-05-10T00:03:30.972Z [Modules] No module updates available.
2024-05-10T01:03:30.895Z [Modules] Host is up to date.
2024-05-10T01:03:30.895Z [Modules] Checking for module updates at https://discord.com/api/modules/stable/versions.json
2024-05-10T01:03:30.951Z [Modules] No module updates available.
2024-05-10T02:03:30.897Z [Modules] Host is up to date.
2024-05-10T02:03:30.897Z [Modules] Checking for module updates at https://discord.com/api/modules/stable/versions.json
2024-05-10T02:03:30.980Z [Modules] No module updates available.
2024-05-10T03:03:30.896Z [Modules] Host is up to date.
2024-05-10T03:03:30.896Z [Modules] Checking for module updates at https://discord.com/api/modules/stable/versions.json
2024-05-10T03:03:30.961Z [Modules] No module updates available.
2024-05-10T04:03:30.899Z [Modules] Host is up to date.
2024-05-10T04:03:30.899Z [Modules] Checking for module updates at https://discord.com/api/modules/stable/versions.json
2024-05-10T04:03:30.979Z [Modules] No module updates available.
2024-05-10T15:05:53.293Z [Modules] Host is up to date.
2024-05-10T15:05:53.293Z [Modules] Checking for module updates at https://discord.com/api/modules/stable/versions.json
2024-05-10T15:05:53.347Z [Modules] No module updates available.
2024-05-10T16:05:53.925Z [Modules] Host is up to date.
2024-05-10T16:05:53.925Z [Modules] Checking for module updates at https://discord.com/api/modules/stable/versions.json
2024-05-10T16:05:53.986Z [Modules] No module updates available.
2024-05-10T17:09:52.402Z [Modules] Modules initializing
2024-05-10T17:09:52.402Z [Modules] Distribution: remote
2024-05-10T17:09:52.403Z [Modules] Host updates: disabled
2024-05-10T17:09:52.403Z [Modules] Module updates: enabled
2024-05-10T17:09:52.403Z [Modules] Module install path: /home/dylan/.config/discord/0.0.53/modules
2024-05-10T17:09:52.403Z [Modules] Module installed file path: /home/dylan/.config/discord/0.0.53/modules/installed.json
2024-05-10T17:09:52.404Z [Modules] Module download path: /home/dylan/.config/discord/0.0.53/modules/pending
2024-05-10T17:09:52.733Z [Modules] Bootstrapping...
2024-05-10T17:09:52.734Z [Modules] Installing discord_desktop_core@0 from /opt/discord/resources/bootstrap/discord_desktop_core.zip
2024-05-10T17:09:52.737Z [Modules] Failed installing discord_desktop_core@0: Error: ENOENT: no such file or directory, open '/opt/discord/resources/bootstrap/discord_desktop_core.zip'
2024-05-10T17:09:52.738Z [Modules] Installing discord_erlpack@0 from /opt/discord/resources/bootstrap/discord_erlpack.zip
2024-05-10T17:09:52.739Z [Modules] Failed installing discord_erlpack@0: Error: ENOENT: no such file or directory, open '/opt/discord/resources/bootstrap/discord_erlpack.zip'
2024-05-10T17:09:52.739Z [Modules] Installing discord_spellcheck@0 from /opt/discord/resources/bootstrap/discord_spellcheck.zip
2024-05-10T17:09:52.741Z [Modules] Failed installing discord_spellcheck@0: Error: ENOENT: no such file or directory, open '/opt/discord/resources/bootstrap/discord_spellcheck.zip'
2024-05-10T17:09:52.741Z [Modules] Installing discord_utils@0 from /opt/discord/resources/bootstrap/discord_utils.zip
2024-05-10T17:09:52.742Z [Modules] Failed installing discord_utils@0: Error: ENOENT: no such file or directory, open '/opt/discord/resources/bootstrap/discord_utils.zip'
2024-05-10T17:09:52.743Z [Modules] Installing discord_voice@0 from /opt/discord/resources/bootstrap/discord_voice.zip
2024-05-10T17:09:52.745Z [Modules] Failed installing discord_voice@0: Error: ENOENT: no such file or directory, open '/opt/discord/resources/bootstrap/discord_voice.zip'
2024-05-10T17:09:52.746Z [Modules] Installing discord_zstd@0 from /opt/discord/resources/bootstrap/discord_zstd.zip
2024-05-10T17:09:52.747Z [Modules] Failed installing discord_zstd@0: Error: ENOENT: no such file or directory, open '/opt/discord/resources/bootstrap/discord_zstd.zip'
2024-05-10T17:09:52.748Z [Modules] Finished module installations. [success: 0] [failure: 6]
2024-05-10T17:09:52.748Z [Modules] Host is up to date.
2024-05-10T17:09:52.749Z [Modules] Checking for module updates at https://discord.com/api/modules/stable/versions.json
2024-05-10T17:09:52.913Z [Modules] Module update available: discord_desktop_core@1 [installed: 0]
2024-05-10T17:09:52.913Z [Modules] Module update available: discord_erlpack@1 [installed: 0]
2024-05-10T17:09:52.913Z [Modules] Module update available: discord_spellcheck@1 [installed: 0]
2024-05-10T17:09:52.914Z [Modules] Module update available: discord_utils@1 [installed: 0]
2024-05-10T17:09:52.914Z [Modules] Module update available: discord_voice@1 [installed: 0]
2024-05-10T17:09:52.914Z [Modules] Module update available: discord_zstd@1 [installed: 0]
2024-05-10T17:09:52.914Z [Modules] Fetching discord_desktop_core@1 from https://discord.com/api/modules/stable/discord_desktop_core/1
2024-05-10T17:09:52.914Z [Modules] Streaming discord_desktop_core@1 to /home/dylan/.config/discord/0.0.53/modules/pending/discord_desktop_core-1.zip
2024-05-10T17:09:53.158Z [Modules] Streaming discord_desktop_core@1 to /home/dylan/.config/discord/0.0.53/modules/pending/discord_desktop_core-1.zip: 1%
2024-05-10T17:09:53.171Z [Modules] Streaming discord_desktop_core@1 to /home/dylan/.config/discord/0.0.53/modules/pending/discord_desktop_core-1.zip: 2%
2024-05-10T17:09:53.187Z [Modules] Streaming discord_desktop_core@1 to /home/dylan/.config/discord/0.0.53/modules/pending/discord_desktop_core-1.zip: 3%
2024-05-10T17:09:53.208Z [Modules] Streaming discord_desktop_core@1 to /home/dylan/.config/discord/0.0.53/modules/pending/discord_desktop_core-1.zip: 6%
2024-05-10T17:09:53.220Z [Modules] Streaming discord_desktop_core@1 to /home/dylan/.config/discord/0.0.53/modules/pending/discord_desktop_core-1.zip: 9%
2024-05-10T17:09:53.224Z [Modules] Streaming discord_desktop_core@1 to /home/dylan/.config/discord/0.0.53/modules/pending/discord_desktop_core-1.zip: 10%
2024-05-10T17:09:53.227Z [Modules] Streaming discord_desktop_core@1 to /home/dylan/.config/discord/0.0.53/modules/pending/discord_desktop_core-1.zip: 11%
2024-05-10T17:09:53.233Z [Modules] Streaming discord_desktop_core@1 to /home/dylan/.config/discord/0.0.53/modules/pending/discord_desktop_core-1.zip: 14%
2024-05-10T17:09:53.237Z [Modules] Streaming discord_desktop_core@1 to /home/dylan/.config/discord/0.0.53/modules/pending/discord_desktop_core-1.zip: 15%
2024-05-10T17:09:53.239Z [Modules] Streaming discord_desktop_core@1 to /home/dylan/.config/discord/0.0.53/modules/pending/discord_desktop_core-1.zip: 16%
2024-05-10T17:09:53.243Z [Modules] Streaming discord_desktop_core@1 to /home/dylan/.config/discord/0.0.53/modules/pending/discord_desktop_core-1.zip: 19%
2024-05-10T17:09:53.249Z [Modules] Streaming discord_desktop_core@1 to /home/dylan/.config/discord/0.0.53/modules/pending/discord_desktop_core-1.zip: 22%
2024-05-10T17:09:53.252Z [Modules] Streaming discord_desktop_core@1 to /home/dylan/.config/discord/0.0.53/modules/pending/discord_desktop_core-1.zip: 25%
2024-05-10T17:09:53.257Z [Modules] Streaming discord_desktop_core@1 to /home/dylan/.config/discord/0.0.53/modules/pending/discord_desktop_core-1.zip: 28%
2024-05-10T17:09:53.260Z [Modules] Streaming discord_desktop_core@1 to /home/dylan/.config/discord/0.0.53/modules/pending/discord_desktop_core-1.zip: 31%
2024-05-10T17:09:53.263Z [Modules] Streaming discord_desktop_core@1 to /home/dylan/.config/discord/0.0.53/modules/pending/discord_desktop_core-1.zip: 34%
2024-05-10T17:09:53.265Z [Modules] Streaming discord_desktop_core@1 to /home/dylan/.config/discord/0.0.53/modules/pending/discord_desktop_core-1.zip: 37%
2024-05-10T17:09:53.268Z [Modules] Streaming discord_desktop_core@1 to /home/dylan/.config/discord/0.0.53/modules/pending/discord_desktop_core-1.zip: 40%
2024-05-10T17:09:53.269Z [Modules] Streaming discord_desktop_core@1 to /home/dylan/.config/discord/0.0.53/modules/pending/discord_desktop_core-1.zip: 41%
2024-05-10T17:09:53.271Z [Modules] Streaming discord_desktop_core@1 to /home/dylan/.config/discord/0.0.53/modules/pending/discord_desktop_core-1.zip: 44%
2024-05-10T17:09:53.274Z [Modules] Streaming discord_desktop_core@1 to /home/dylan/.config/discord/0.0.53/modules/pending/discord_desktop_core-1.zip: 47%
2024-05-10T17:09:53.276Z [Modules] Streaming discord_desktop_core@1 to /home/dylan/.config/discord/0.0.53/modules/pending/discord_desktop_core-1.zip: 50%
2024-05-10T17:09:53.279Z [Modules] Streaming discord_desktop_core@1 to /home/dylan/.config/discord/0.0.53/modules/pending/discord_desktop_core-1.zip: 53%
2024-05-10T17:09:53.281Z [Modules] Streaming discord_desktop_core@1 to /home/dylan/.config/discord/0.0.53/modules/pending/discord_desktop_core-1.zip: 56%
2024-05-10T17:09:53.282Z [Modules] Streaming discord_desktop_core@1 to /home/dylan/.config/discord/0.0.53/modules/pending/discord_desktop_core-1.zip: 59%
2024-05-10T17:09:53.284Z [Modules] Streaming discord_desktop_core@1 to /home/dylan/.config/discord/0.0.53/modules/pending/discord_desktop_core-1.zip: 62%
2024-05-10T17:09:53.286Z [Modules] Streaming discord_desktop_core@1 to /home/dylan/.config/discord/0.0.53/modules/pending/discord_desktop_core-1.zip: 65%
2024-05-10T17:09:53.288Z [Modules] Streaming discord_desktop_core@1 to /home/dylan/.config/discord/0.0.53/modules/pending/discord_desktop_core-1.zip: 71%
2024-05-10T17:09:53.290Z [Modules] Streaming discord_desktop_core@1 to /home/dylan/.config/discord/0.0.53/modules/pending/discord_desktop_core-1.zip: 76%
2024-05-10T17:09:53.293Z [Modules] Streaming discord_desktop_core@1 to /home/dylan/.config/discord/0.0.53/modules/pending/discord_desktop_core-1.zip: 79%
2024-05-10T17:09:53.296Z [Modules] Streaming discord_desktop_core@1 to /home/dylan/.config/discord/0.0.53/modules/pending/discord_desktop_core-1.zip: 85%
2024-05-10T17:09:53.297Z [Modules] Streaming discord_desktop_core@1 to /home/dylan/.config/discord/0.0.53/modules/pending/discord_desktop_core-1.zip: 88%
2024-05-10T17:09:53.299Z [Modules] Streaming discord_desktop_core@1 to /home/dylan/.config/discord/0.0.53/modules/pending/discord_desktop_core-1.zip: 94%
2024-05-10T17:09:53.304Z [Modules] Streaming discord_desktop_core@1 to /home/dylan/.config/discord/0.0.53/modules/pending/discord_desktop_core-1.zip: 100%
2024-05-10T17:09:53.308Z [Modules] Fetching discord_erlpack@1 from https://discord.com/api/modules/stable/discord_erlpack/1
2024-05-10T17:09:53.309Z [Modules] Streaming discord_erlpack@1 to /home/dylan/.config/discord/0.0.53/modules/pending/discord_erlpack-1.zip
2024-05-10T17:09:53.421Z [Modules] Streaming discord_erlpack@1 to /home/dylan/.config/discord/0.0.53/modules/pending/discord_erlpack-1.zip: 3%
2024-05-10T17:09:53.422Z [Modules] Streaming discord_erlpack@1 to /home/dylan/.config/discord/0.0.53/modules/pending/discord_erlpack-1.zip: 7%
2024-05-10T17:09:53.424Z [Modules] Streaming discord_erlpack@1 to /home/dylan/.config/discord/0.0.53/modules/pending/discord_erlpack-1.zip: 16%
2024-05-10T17:09:53.428Z [Modules] Streaming discord_erlpack@1 to /home/dylan/.config/discord/0.0.53/modules/pending/discord_erlpack-1.zip: 24%
2024-05-10T17:09:53.433Z [Modules] Streaming discord_erlpack@1 to /home/dylan/.config/discord/0.0.53/modules/pending/discord_erlpack-1.zip: 26%
2024-05-10T17:09:53.436Z [Modules] Streaming discord_erlpack@1 to /home/dylan/.config/discord/0.0.53/modules/pending/discord_erlpack-1.zip: 38%
2024-05-10T17:09:53.438Z [Modules] Streaming discord_erlpack@1 to /home/dylan/.config/discord/0.0.53/modules/pending/discord_erlpack-1.zip: 50%
2024-05-10T17:09:53.441Z [Modules] Streaming discord_erlpack@1 to /home/dylan/.config/discord/0.0.53/modules/pending/discord_erlpack-1.zip: 56%
2024-05-10T17:09:53.443Z [Modules] Streaming discord_erlpack@1 to /home/dylan/.config/discord/0.0.53/modules/pending/discord_erlpack-1.zip: 62%
2024-05-10T17:09:53.446Z [Modules] Streaming discord_erlpack@1 to /home/dylan/.config/discord/0.0.53/modules/pending/discord_erlpack-1.zip: 69%
2024-05-10T17:09:53.448Z [Modules] Streaming discord_erlpack@1 to /home/dylan/.config/discord/0.0.53/modules/pending/discord_erlpack-1.zip: 74%
2024-05-10T17:09:53.449Z [Modules] Streaming discord_erlpack@1 to /home/dylan/.config/discord/0.0.53/modules/pending/discord_erlpack-1.zip: 79%
2024-05-10T17:09:53.452Z [Modules] Streaming discord_erlpack@1 to /home/dylan/.config/discord/0.0.53/modules/pending/discord_erlpack-1.zip: 82%
2024-05-10T17:09:53.453Z [Modules] Streaming discord_erlpack@1 to /home/dylan/.config/discord/0.0.53/modules/pending/discord_erlpack-1.zip: 86%
2024-05-10T17:09:53.454Z [Modules] Streaming discord_erlpack@1 to /home/dylan/.config/discord/0.0.53/modules/pending/discord_erlpack-1.zip: 89%
2024-05-10T17:09:53.456Z [Modules] Streaming discord_erlpack@1 to /home/dylan/.config/discord/0.0.53/modules/pending/discord_erlpack-1.zip: 92%
2024-05-10T17:09:53.457Z [Modules] Streaming discord_erlpack@1 to /home/dylan/.config/discord/0.0.53/modules/pending/discord_erlpack-1.zip: 96%
2024-05-10T17:09:53.459Z [Modules] Streaming discord_erlpack@1 to /home/dylan/.config/discord/0.0.53/modules/pending/discord_erlpack-1.zip: 100%
2024-05-10T17:09:53.462Z [Modules] Fetching discord_spellcheck@1 from https://discord.com/api/modules/stable/discord_spellcheck/1
2024-05-10T17:09:53.462Z [Modules] Streaming discord_spellcheck@1 to /home/dylan/.config/discord/0.0.53/modules/pending/discord_spellcheck-1.zip
2024-05-10T17:09:53.585Z [Modules] Streaming discord_spellcheck@1 to /home/dylan/.config/discord/0.0.53/modules/pending/discord_spellcheck-1.zip: 1%
2024-05-10T17:09:53.587Z [Modules] Streaming discord_spellcheck@1 to /home/dylan/.config/discord/0.0.53/modules/pending/discord_spellcheck-1.zip: 2%
2024-05-10T17:09:53.589Z [Modules] Streaming discord_spellcheck@1 to /home/dylan/.config/discord/0.0.53/modules/pending/discord_spellcheck-1.zip: 3%
2024-05-10T17:09:53.591Z [Modules] Streaming discord_spellcheck@1 to /home/dylan/.config/discord/0.0.53/modules/pending/discord_spellcheck-1.zip: 4%
2024-05-10T17:09:53.593Z [Modules] Streaming discord_spellcheck@1 to /home/dylan/.config/discord/0.0.53/modules/pending/discord_spellcheck-1.zip: 5%
2024-05-10T17:09:53.596Z [Modules] Streaming discord_spellcheck@1 to /home/dylan/.config/discord/0.0.53/modules/pending/discord_spellcheck-1.zip: 6%
2024-05-10T17:09:53.597Z [Modules] Streaming discord_spellcheck@1 to /home/dylan/.config/discord/0.0.53/modules/pending/discord_spellcheck-1.zip: 7%
2024-05-10T17:09:53.599Z [Modules] Streaming discord_spellcheck@1 to /home/dylan/.config/discord/0.0.53/modules/pending/discord_spellcheck-1.zip: 8%
2024-05-10T17:09:53.600Z [Modules] Streaming discord_spellcheck@1 to /home/dylan/.config/discord/0.0.53/modules/pending/discord_spellcheck-1.zip: 9%
2024-05-10T17:09:53.602Z [Modules] Streaming discord_spellcheck@1 to /home/dylan/.config/discord/0.0.53/modules/pending/discord_spellcheck-1.zip: 10%
2024-05-10T17:09:53.604Z [Modules] Streaming discord_spellcheck@1 to /home/dylan/.config/discord/0.0.53/modules/pending/discord_spellcheck-1.zip: 11%
2024-05-10T17:09:53.607Z [Modules] Streaming discord_spellcheck@1 to /home/dylan/.config/discord/0.0.53/modules/pending/discord_spellcheck-1.zip: 12%
2024-05-10T17:09:53.609Z [Modules] Streaming discord_spellcheck@1 to /home/dylan/.config/discord/0.0.53/modules/pending/discord_spellcheck-1.zip: 13%
2024-05-10T17:09:53.610Z [Modules] Streaming discord_spellcheck@1 to /home/dylan/.config/discord/0.0.53/modules/pending/discord_spellcheck-1.zip: 14%
2024-05-10T17:09:53.612Z [Modules] Streaming discord_spellcheck@1 to /home/dylan/.config/discord/0.0.53/modules/pending/discord_spellcheck-1.zip: 15%
2024-05-10T17:09:53.616Z [Modules] Streaming discord_spellcheck@1 to /home/dylan/.config/discord/0.0.53/modules/pending/discord_spellcheck-1.zip: 16%
2024-05-10T17:09:53.617Z [Modules] Streaming discord_spellcheck@1 to /home/dylan/.config/discord/0.0.53/modules/pending/discord_spellcheck-1.zip: 17%
2024-05-10T17:09:53.620Z [Modules] Streaming discord_spellcheck@1 to /home/dylan/.config/discord/0.0.53/modules/pending/discord_spellcheck-1.zip: 18%
2024-05-10T17:09:53.621Z [Modules] Streaming discord_spellcheck@1 to /home/dylan/.config/discord/0.0.53/modules/pending/discord_spellcheck-1.zip: 19%
2024-05-10T17:09:53.624Z [Modules] Streaming discord_spellcheck@1 to /home/dylan/.config/discord/0.0.53/modules/pending/discord_spellcheck-1.zip: 20%
2024-05-10T17:09:53.628Z [Modules] Streaming discord_spellcheck@1 to /home/dylan/.config/discord/0.0.53/modules/pending/discord_spellcheck-1.zip: 21%
2024-05-10T17:09:53.629Z [Modules] Streaming discord_spellcheck@1 to /home/dylan/.config/discord/0.0.53/modules/pending/discord_spellcheck-1.zip: 22%
2024-05-10T17:09:53.630Z [Modules] Streaming discord_spellcheck@1 to /home/dylan/.config/discord/0.0.53/modules/pending/discord_spellcheck-1.zip: 23%
2024-05-10T17:09:53.633Z [Modules] Streaming discord_spellcheck@1 to /home/dylan/.config/discord/0.0.53/modules/pending/discord_spellcheck-1.zip: 24%
2024-05-10T17:09:53.634Z [Modules] Streaming discord_spellcheck@1 to /home/dylan/.config/discord/0.0.53/modules/pending/discord_spellcheck-1.zip: 25%
2024-05-10T17:09:53.690Z [Modules] Streaming discord_spellcheck@1 to /home/dylan/.config/discord/0.0.53/modules/pending/discord_spellcheck-1.zip: 26%
2024-05-10T17:09:53.692Z [Modules] Streaming discord_spellcheck@1 to /home/dylan/.config/discord/0.0.53/modules/pending/discord_spellcheck-1.zip: 27%
2024-05-10T17:09:53.697Z [Modules] Streaming discord_spellcheck@1 to /home/dylan/.config/discord/0.0.53/modules/pending/discord_spellcheck-1.zip: 28%
2024-05-10T17:09:53.700Z [Modules] Streaming discord_spellcheck@1 to /home/dylan/.config/discord/0.0.53/modules/pending/discord_spellcheck-1.zip: 29%
2024-05-10T17:09:53.705Z [Modules] Streaming discord_spellcheck@1 to /home/dylan/.config/discord/0.0.53/modules/pending/discord_spellcheck-1.zip: 30%
2024-05-10T17:09:53.707Z [Modules] Streaming discord_spellcheck@1 to /home/dylan/.config/discord/0.0.53/modules/pending/discord_spellcheck-1.zip: 31%
2024-05-10T17:09:53.710Z [Modules] Streaming discord_spellcheck@1 to /home/dylan/.config/discord/0.0.53/modules/pending/discord_spellcheck-1.zip: 32%
2024-05-10T17:09:53.711Z [Modules] Streaming discord_spellcheck@1 to /home/dylan/.config/discord/0.0.53/modules/pending/discord_spellcheck-1.zip: 33%
2024-05-10T17:09:53.714Z [Modules] Streaming discord_spellcheck@1 to /home/dylan/.config/discord/0.0.53/modules/pending/discord_spellcheck-1.zip: 35%
2024-05-10T17:09:53.715Z [Modules] Streaming discord_spellcheck@1 to /home/dylan/.config/discord/0.0.53/modules/pending/discord_spellcheck-1.zip: 37%
2024-05-10T17:09:53.716Z [Modules] Streaming discord_spellcheck@1 to /home/dylan/.config/discord/0.0.53/modules/pending/discord_spellcheck-1.zip: 39%
2024-05-10T17:09:53.718Z [Modules] Streaming discord_spellcheck@1 to /home/dylan/.config/discord/0.0.53/modules/pending/discord_spellcheck-1.zip: 41%
2024-05-10T17:09:53.719Z [Modules] Streaming discord_spellcheck@1 to /home/dylan/.config/discord/0.0.53/modules/pending/discord_spellcheck-1.zip: 44%
2024-05-10T17:09:53.721Z [Modules] Streaming discord_spellcheck@1 to /home/dylan/.config/discord/0.0.53/modules/pending/discord_spellcheck-1.zip: 47%
2024-05-10T17:09:53.722Z [Modules] Streaming discord_spellcheck@1 to /home/dylan/.config/discord/0.0.53/modules/pending/discord_spellcheck-1.zip: 51%
2024-05-10T17:09:53.724Z [Modules] Streaming discord_spellcheck@1 to /home/dylan/.config/discord/0.0.53/modules/pending/discord_spellcheck-1.zip: 56%
2024-05-10T17:09:53.727Z [Modules] Streaming discord_spellcheck@1 to /home/dylan/.config/discord/0.0.53/modules/pending/discord_spellcheck-1.zip: 60%
2024-05-10T17:09:53.729Z [Modules] Streaming discord_spellcheck@1 to /home/dylan/.config/discord/0.0.53/modules/pending/discord_spellcheck-1.zip: 62%
2024-05-10T17:09:53.733Z [Modules] Streaming discord_spellcheck@1 to /home/dylan/.config/discord/0.0.53/modules/pending/discord_spellcheck-1.zip: 63%
2024-05-10T17:09:53.736Z [Modules] Streaming discord_spellcheck@1 to /home/dylan/.config/discord/0.0.53/modules/pending/discord_spellcheck-1.zip: 64%
2024-05-10T17:09:53.737Z [Modules] Streaming discord_spellcheck@1 to /home/dylan/.config/discord/0.0.53/modules/pending/discord_spellcheck-1.zip: 65%
2024-05-10T17:09:53.741Z [Modules] Streaming discord_spellcheck@1 to /home/dylan/.config/discord/0.0.53/modules/pending/discord_spellcheck-1.zip: 66%
2024-05-10T17:09:53.743Z [Modules] Streaming discord_spellcheck@1 to /home/dylan/.config/discord/0.0.53/modules/pending/discord_spellcheck-1.zip: 67%
2024-05-10T17:09:53.745Z [Modules] Streaming discord_spellcheck@1 to /home/dylan/.config/discord/0.0.53/modules/pending/discord_spellcheck-1.zip: 68%
2024-05-10T17:09:53.747Z [Modules] Streaming discord_spellcheck@1 to /home/dylan/.config/discord/0.0.53/modules/pending/discord_spellcheck-1.zip: 69%
2024-05-10T17:09:53.749Z [Modules] Streaming discord_spellcheck@1 to /home/dylan/.config/discord/0.0.53/modules/pending/discord_spellcheck-1.zip: 70%
2024-05-10T17:09:53.751Z [Modules] Streaming discord_spellcheck@1 to /home/dylan/.config/discord/0.0.53/modules/pending/discord_spellcheck-1.zip: 71%
2024-05-10T17:09:53.753Z [Modules] Streaming discord_spellcheck@1 to /home/dylan/.config/discord/0.0.53/modules/pending/discord_spellcheck-1.zip: 72%
2024-05-10T17:09:53.755Z [Modules] Streaming discord_spellcheck@1 to /home/dylan/.config/discord/0.0.53/modules/pending/discord_spellcheck-1.zip: 73%
2024-05-10T17:09:53.757Z [Modules] Streaming discord_spellcheck@1 to /home/dylan/.config/discord/0.0.53/modules/pending/discord_spellcheck-1.zip: 74%
2024-05-10T17:09:53.761Z [Modules] Streaming discord_spellcheck@1 to /home/dylan/.config/discord/0.0.53/modules/pending/discord_spellcheck-1.zip: 76%
2024-05-10T17:09:53.764Z [Modules] Streaming discord_spellcheck@1 to /home/dylan/.config/discord/0.0.53/modules/pending/discord_spellcheck-1.zip: 77%
2024-05-10T17:09:53.765Z [Modules] Streaming discord_spellcheck@1 to /home/dylan/.config/discord/0.0.53/modules/pending/discord_spellcheck-1.zip: 78%
2024-05-10T17:09:53.768Z [Modules] Streaming discord_spellcheck@1 to /home/dylan/.config/discord/0.0.53/modules/pending/discord_spellcheck-1.zip: 79%
2024-05-10T17:09:53.769Z [Modules] Streaming discord_spellcheck@1 to /home/dylan/.config/discord/0.0.53/modules/pending/discord_spellcheck-1.zip: 80%
2024-05-10T17:09:53.772Z [Modules] Streaming discord_spellcheck@1 to /home/dylan/.config/discord/0.0.53/modules/pending/discord_spellcheck-1.zip: 81%
2024-05-10T17:09:53.774Z [Modules] Streaming discord_spellcheck@1 to /home/dylan/.config/discord/0.0.53/modules/pending/discord_spellcheck-1.zip: 82%
2024-05-10T17:09:53.777Z [Modules] Streaming discord_spellcheck@1 to /home/dylan/.config/discord/0.0.53/modules/pending/discord_spellcheck-1.zip: 83%
2024-05-10T17:09:53.778Z [Modules] Streaming discord_spellcheck@1 to /home/dylan/.config/discord/0.0.53/modules/pending/discord_spellcheck-1.zip: 84%
2024-05-10T17:09:53.780Z [Modules] Streaming discord_spellcheck@1 to /home/dylan/.config/discord/0.0.53/modules/pending/discord_spellcheck-1.zip: 85%
2024-05-10T17:09:53.783Z [Modules] Streaming discord_spellcheck@1 to /home/dylan/.config/discord/0.0.53/modules/pending/discord_spellcheck-1.zip: 86%
2024-05-10T17:09:53.785Z [Modules] Streaming discord_spellcheck@1 to /home/dylan/.config/discord/0.0.53/modules/pending/discord_spellcheck-1.zip: 87%
2024-05-10T17:09:53.788Z [Modules] Streaming discord_spellcheck@1 to /home/dylan/.config/discord/0.0.53/modules/pending/discord_spellcheck-1.zip: 88%
2024-05-10T17:09:53.789Z [Modules] Streaming discord_spellcheck@1 to /home/dylan/.config/discord/0.0.53/modules/pending/discord_spellcheck-1.zip: 89%
2024-05-10T17:09:53.793Z [Modules] Streaming discord_spellcheck@1 to /home/dylan/.config/discord/0.0.53/modules/pending/discord_spellcheck-1.zip: 90%
2024-05-10T17:09:53.818Z [Modules] Streaming discord_spellcheck@1 to /home/dylan/.config/discord/0.0.53/modules/pending/discord_spellcheck-1.zip: 91%
2024-05-10T17:09:53.819Z [Modules] Streaming discord_spellcheck@1 to /home/dylan/.config/discord/0.0.53/modules/pending/discord_spellcheck-1.zip: 92%
2024-05-10T17:09:53.820Z [Modules] Streaming discord_spellcheck@1 to /home/dylan/.config/discord/0.0.53/modules/pending/discord_spellcheck-1.zip: 93%
2024-05-10T17:09:53.821Z [Modules] Streaming discord_spellcheck@1 to /home/dylan/.config/discord/0.0.53/modules/pending/discord_spellcheck-1.zip: 94%
2024-05-10T17:09:53.822Z [Modules] Streaming discord_spellcheck@1 to /home/dylan/.config/discord/0.0.53/modules/pending/discord_spellcheck-1.zip: 95%
2024-05-10T17:09:53.824Z [Modules] Streaming discord_spellcheck@1 to /home/dylan/.config/discord/0.0.53/modules/pending/discord_spellcheck-1.zip: 96%
2024-05-10T17:09:53.826Z [Modules] Streaming discord_spellcheck@1 to /home/dylan/.config/discord/0.0.53/modules/pending/discord_spellcheck-1.zip: 97%
2024-05-10T17:09:53.839Z [Modules] Streaming discord_spellcheck@1 to /home/dylan/.config/discord/0.0.53/modules/pending/discord_spellcheck-1.zip: 98%
2024-05-10T17:09:53.843Z [Modules] Streaming discord_spellcheck@1 to /home/dylan/.config/discord/0.0.53/modules/pending/discord_spellcheck-1.zip: 99%
2024-05-10T17:09:53.844Z [Modules] Streaming discord_spellcheck@1 to /home/dylan/.config/discord/0.0.53/modules/pending/discord_spellcheck-1.zip: 100%
2024-05-10T17:09:53.847Z [Modules] Fetching discord_utils@1 from https://discord.com/api/modules/stable/discord_utils/1
2024-05-10T17:09:53.847Z [Modules] Streaming discord_utils@1 to /home/dylan/.config/discord/0.0.53/modules/pending/discord_utils-1.zip
2024-05-10T17:09:53.965Z [Modules] Streaming discord_utils@1 to /home/dylan/.config/discord/0.0.53/modules/pending/discord_utils-1.zip: 2%
2024-05-10T17:09:53.967Z [Modules] Streaming discord_utils@1 to /home/dylan/.config/discord/0.0.53/modules/pending/discord_utils-1.zip: 6%
2024-05-10T17:09:53.969Z [Modules] Streaming discord_utils@1 to /home/dylan/.config/discord/0.0.53/modules/pending/discord_utils-1.zip: 9%
2024-05-10T17:09:53.970Z [Modules] Streaming discord_utils@1 to /home/dylan/.config/discord/0.0.53/modules/pending/discord_utils-1.zip: 11%
2024-05-10T17:09:53.971Z [Modules] Streaming discord_utils@1 to /home/dylan/.config/discord/0.0.53/modules/pending/discord_utils-1.zip: 13%
2024-05-10T17:09:53.973Z [Modules] Streaming discord_utils@1 to /home/dylan/.config/discord/0.0.53/modules/pending/discord_utils-1.zip: 15%
2024-05-10T17:09:53.976Z [Modules] Streaming discord_utils@1 to /home/dylan/.config/discord/0.0.53/modules/pending/discord_utils-1.zip: 17%
2024-05-10T17:09:53.979Z [Modules] Streaming discord_utils@1 to /home/dylan/.config/discord/0.0.53/modules/pending/discord_utils-1.zip: 20%
2024-05-10T17:09:53.981Z [Modules] Streaming discord_utils@1 to /home/dylan/.config/discord/0.0.53/modules/pending/discord_utils-1.zip: 22%
2024-05-10T17:09:53.982Z [Modules] Streaming discord_utils@1 to /home/dylan/.config/discord/0.0.53/modules/pending/discord_utils-1.zip: 29%
2024-05-10T17:09:53.984Z [Modules] Streaming discord_utils@1 to /home/dylan/.config/discord/0.0.53/modules/pending/discord_utils-1.zip: 32%
2024-05-10T17:09:53.985Z [Modules] Streaming discord_utils@1 to /home/dylan/.config/discord/0.0.53/modules/pending/discord_utils-1.zip: 34%
2024-05-10T17:09:53.987Z [Modules] Streaming discord_utils@1 to /home/dylan/.config/discord/0.0.53/modules/pending/discord_utils-1.zip: 36%
2024-05-10T17:09:53.988Z [Modules] Streaming discord_utils@1 to /home/dylan/.config/discord/0.0.53/modules/pending/discord_utils-1.zip: 38%
2024-05-10T17:09:53.990Z [Modules] Streaming discord_utils@1 to /home/dylan/.config/discord/0.0.53/modules/pending/discord_utils-1.zip: 40%
2024-05-10T17:09:53.992Z [Modules] Streaming discord_utils@1 to /home/dylan/.config/discord/0.0.53/modules/pending/discord_utils-1.zip: 42%
2024-05-10T17:09:53.995Z [Modules] Streaming discord_utils@1 to /home/dylan/.config/discord/0.0.53/modules/pending/discord_utils-1.zip: 47%
2024-05-10T17:09:53.997Z [Modules] Streaming discord_utils@1 to /home/dylan/.config/discord/0.0.53/modules/pending/discord_utils-1.zip: 49%
2024-05-10T17:09:53.998Z [Modules] Streaming discord_utils@1 to /home/dylan/.config/discord/0.0.53/modules/pending/discord_utils-1.zip: 54%
2024-05-10T17:09:54.000Z [Modules] Streaming discord_utils@1 to /home/dylan/.config/discord/0.0.53/modules/pending/discord_utils-1.zip: 56%
2024-05-10T17:09:54.002Z [Modules] Streaming discord_utils@1 to /home/dylan/.config/discord/0.0.53/modules/pending/discord_utils-1.zip: 58%
2024-05-10T17:09:54.004Z [Modules] Streaming discord_utils@1 to /home/dylan/.config/discord/0.0.53/modules/pending/discord_utils-1.zip: 61%
2024-05-10T17:09:54.005Z [Modules] Streaming discord_utils@1 to /home/dylan/.config/discord/0.0.53/modules/pending/discord_utils-1.zip: 63%
2024-05-10T17:09:54.007Z [Modules] Streaming discord_utils@1 to /home/dylan/.config/discord/0.0.53/modules/pending/discord_utils-1.zip: 66%
2024-05-10T17:09:54.010Z [Modules] Streaming discord_utils@1 to /home/dylan/.config/discord/0.0.53/modules/pending/discord_utils-1.zip: 70%
2024-05-10T17:09:54.012Z [Modules] Streaming discord_utils@1 to /home/dylan/.config/discord/0.0.53/modules/pending/discord_utils-1.zip: 72%
2024-05-10T17:09:54.015Z [Modules] Streaming discord_utils@1 to /home/dylan/.config/discord/0.0.53/modules/pending/discord_utils-1.zip: 76%
2024-05-10T17:09:54.017Z [Modules] Streaming discord_utils@1 to /home/dylan/.config/discord/0.0.53/modules/pending/discord_utils-1.zip: 78%
2024-05-10T17:09:54.040Z [Modules] Streaming discord_utils@1 to /home/dylan/.config/discord/0.0.53/modules/pending/discord_utils-1.zip: 80%
2024-05-10T17:09:54.041Z [Modules] Streaming discord_utils@1 to /home/dylan/.config/discord/0.0.53/modules/pending/discord_utils-1.zip: 82%
2024-05-10T17:09:54.043Z [Modules] Streaming discord_utils@1 to /home/dylan/.config/discord/0.0.53/modules/pending/discord_utils-1.zip: 86%
2024-05-10T17:09:54.045Z [Modules] Streaming discord_utils@1 to /home/dylan/.config/discord/0.0.53/modules/pending/discord_utils-1.zip: 88%
2024-05-10T17:09:54.063Z [Modules] Streaming discord_utils@1 to /home/dylan/.config/discord/0.0.53/modules/pending/discord_utils-1.zip: 90%
2024-05-10T17:09:54.064Z [Modules] Streaming discord_utils@1 to /home/dylan/.config/discord/0.0.53/modules/pending/discord_utils-1.zip: 92%
2024-05-10T17:09:54.066Z [Modules] Streaming discord_utils@1 to /home/dylan/.config/discord/0.0.53/modules/pending/discord_utils-1.zip: 97%
2024-05-10T17:09:54.068Z [Modules] Streaming discord_utils@1 to /home/dylan/.config/discord/0.0.53/modules/pending/discord_utils-1.zip: 100%
2024-05-10T17:09:54.072Z [Modules] Fetching discord_voice@1 from https://discord.com/api/modules/stable/discord_voice/1
2024-05-10T17:09:54.072Z [Modules] Streaming discord_voice@1 to /home/dylan/.config/discord/0.0.53/modules/pending/discord_voice-1.zip
2024-05-10T17:09:54.195Z [Modules] Streaming discord_voice@1 to /home/dylan/.config/discord/0.0.53/modules/pending/discord_voice-1.zip: 1%
2024-05-10T17:09:54.199Z [Modules] Streaming discord_voice@1 to /home/dylan/.config/discord/0.0.53/modules/pending/discord_voice-1.zip: 2%
2024-05-10T17:09:54.205Z [Modules] Streaming discord_voice@1 to /home/dylan/.config/discord/0.0.53/modules/pending/discord_voice-1.zip: 3%
2024-05-10T17:09:54.210Z [Modules] Streaming discord_voice@1 to /home/dylan/.config/discord/0.0.53/modules/pending/discord_voice-1.zip: 4%
2024-05-10T17:09:54.214Z [Modules] Streaming discord_voice@1 to /home/dylan/.config/discord/0.0.53/modules/pending/discord_voice-1.zip: 5%
2024-05-10T17:09:54.220Z [Modules] Streaming discord_voice@1 to /home/dylan/.config/discord/0.0.53/modules/pending/discord_voice-1.zip: 6%
2024-05-10T17:09:54.225Z [Modules] Streaming discord_voice@1 to /home/dylan/.config/discord/0.0.53/modules/pending/discord_voice-1.zip: 7%
2024-05-10T17:09:54.229Z [Modules] Streaming discord_voice@1 to /home/dylan/.config/discord/0.0.53/modules/pending/discord_voice-1.zip: 8%
2024-05-10T17:09:54.323Z [Modules] Streaming discord_voice@1 to /home/dylan/.config/discord/0.0.53/modules/pending/discord_voice-1.zip: 9%
2024-05-10T17:09:54.328Z [Modules] Streaming discord_voice@1 to /home/dylan/.config/discord/0.0.53/modules/pending/discord_voice-1.zip: 10%
2024-05-10T17:09:54.331Z [Modules] Streaming discord_voice@1 to /home/dylan/.config/discord/0.0.53/modules/pending/discord_voice-1.zip: 11%
2024-05-10T17:09:54.333Z [Modules] Streaming discord_voice@1 to /home/dylan/.config/discord/0.0.53/modules/pending/discord_voice-1.zip: 12%
2024-05-10T17:09:54.339Z [Modules] Streaming discord_voice@1 to /home/dylan/.config/discord/0.0.53/modules/pending/discord_voice-1.zip: 15%
2024-05-10T17:09:54.342Z [Modules] Streaming discord_voice@1 to /home/dylan/.config/discord/0.0.53/modules/pending/discord_voice-1.zip: 18%
2024-05-10T17:09:54.346Z [Modules] Streaming discord_voice@1 to /home/dylan/.config/discord/0.0.53/modules/pending/discord_voice-1.zip: 20%
2024-05-10T17:09:54.347Z [Modules] Streaming discord_voice@1 to /home/dylan/.config/discord/0.0.53/modules/pending/discord_voice-1.zip: 22%
2024-05-10T17:09:54.349Z [Modules] Streaming discord_voice@1 to /home/dylan/.config/discord/0.0.53/modules/pending/discord_voice-1.zip: 23%
2024-05-10T17:09:54.350Z [Modules] Streaming discord_voice@1 to /home/dylan/.config/discord/0.0.53/modules/pending/discord_voice-1.zip: 25%
2024-05-10T17:09:54.352Z [Modules] Streaming discord_voice@1 to /home/dylan/.config/discord/0.0.53/modules/pending/discord_voice-1.zip: 27%
2024-05-10T17:09:54.363Z [Modules] Streaming discord_voice@1 to /home/dylan/.config/discord/0.0.53/modules/pending/discord_voice-1.zip: 28%
2024-05-10T17:09:54.367Z [Modules] Streaming discord_voice@1 to /home/dylan/.config/discord/0.0.53/modules/pending/discord_voice-1.zip: 29%
2024-05-10T17:09:54.373Z [Modules] Streaming discord_voice@1 to /home/dylan/.config/discord/0.0.53/modules/pending/discord_voice-1.zip: 30%
2024-05-10T17:09:54.377Z [Modules] Streaming discord_voice@1 to /home/dylan/.config/discord/0.0.53/modules/pending/discord_voice-1.zip: 31%
2024-05-10T17:09:54.382Z [Modules] Streaming discord_voice@1 to /home/dylan/.config/discord/0.0.53/modules/pending/discord_voice-1.zip: 32%
2024-05-10T17:09:54.386Z [Modules] Streaming discord_voice@1 to /home/dylan/.config/discord/0.0.53/modules/pending/discord_voice-1.zip: 33%
2024-05-10T17:09:54.393Z [Modules] Streaming discord_voice@1 to /home/dylan/.config/discord/0.0.53/modules/pending/discord_voice-1.zip: 34%
2024-05-10T17:09:54.396Z [Modules] Streaming discord_voice@1 to /home/dylan/.config/discord/0.0.53/modules/pending/discord_voice-1.zip: 35%
2024-05-10T17:09:54.402Z [Modules] Streaming discord_voice@1 to /home/dylan/.config/discord/0.0.53/modules/pending/discord_voice-1.zip: 36%
2024-05-10T17:09:54.407Z [Modules] Streaming discord_voice@1 to /home/dylan/.config/discord/0.0.53/modules/pending/discord_voice-1.zip: 37%
2024-05-10T17:09:54.464Z [Modules] Streaming discord_voice@1 to /home/dylan/.config/discord/0.0.53/modules/pending/discord_voice-1.zip: 38%
2024-05-10T17:09:54.469Z [Modules] Streaming discord_voice@1 to /home/dylan/.config/discord/0.0.53/modules/pending/discord_voice-1.zip: 39%
2024-05-10T17:09:54.496Z [Modules] Streaming discord_voice@1 to /home/dylan/.config/discord/0.0.53/modules/pending/discord_voice-1.zip: 40%
2024-05-10T17:09:54.497Z [Modules] Streaming discord_voice@1 to /home/dylan/.config/discord/0.0.53/modules/pending/discord_voice-1.zip: 41%
2024-05-10T17:09:54.499Z [Modules] Streaming discord_voice@1 to /home/dylan/.config/discord/0.0.53/modules/pending/discord_voice-1.zip: 42%
2024-05-10T17:09:54.500Z [Modules] Streaming discord_voice@1 to /home/dylan/.config/discord/0.0.53/modules/pending/discord_voice-1.zip: 43%
2024-05-10T17:09:54.502Z [Modules] Streaming discord_voice@1 to /home/dylan/.config/discord/0.0.53/modules/pending/discord_voice-1.zip: 44%
2024-05-10T17:09:54.503Z [Modules] Streaming discord_voice@1 to /home/dylan/.config/discord/0.0.53/modules/pending/discord_voice-1.zip: 45%
2024-05-10T17:09:54.504Z [Modules] Streaming discord_voice@1 to /home/dylan/.config/discord/0.0.53/modules/pending/discord_voice-1.zip: 46%
2024-05-10T17:09:54.506Z [Modules] Streaming discord_voice@1 to /home/dylan/.config/discord/0.0.53/modules/pending/discord_voice-1.zip: 47%
2024-05-10T17:09:54.507Z [Modules] Streaming discord_voice@1 to /home/dylan/.config/discord/0.0.53/modules/pending/discord_voice-1.zip: 48%
2024-05-10T17:09:54.509Z [Modules] Streaming discord_voice@1 to /home/dylan/.config/discord/0.0.53/modules/pending/discord_voice-1.zip: 49%
2024-05-10T17:09:54.512Z [Modules] Streaming discord_voice@1 to /home/dylan/.config/discord/0.0.53/modules/pending/discord_voice-1.zip: 50%
2024-05-10T17:09:54.513Z [Modules] Streaming discord_voice@1 to /home/dylan/.config/discord/0.0.53/modules/pending/discord_voice-1.zip: 51%
2024-05-10T17:09:54.515Z [Modules] Streaming discord_voice@1 to /home/dylan/.config/discord/0.0.53/modules/pending/discord_voice-1.zip: 53%
2024-05-10T17:09:54.516Z [Modules] Streaming discord_voice@1 to /home/dylan/.config/discord/0.0.53/modules/pending/discord_voice-1.zip: 54%
2024-05-10T17:09:54.524Z [Modules] Streaming discord_voice@1 to /home/dylan/.config/discord/0.0.53/modules/pending/discord_voice-1.zip: 55%
2024-05-10T17:09:54.529Z [Modules] Streaming discord_voice@1 to /home/dylan/.config/discord/0.0.53/modules/pending/discord_voice-1.zip: 56%
2024-05-10T17:09:54.535Z [Modules] Streaming discord_voice@1 to /home/dylan/.config/discord/0.0.53/modules/pending/discord_voice-1.zip: 57%
2024-05-10T17:09:54.539Z [Modules] Streaming discord_voice@1 to /home/dylan/.config/discord/0.0.53/modules/pending/discord_voice-1.zip: 58%
2024-05-10T17:09:54.545Z [Modules] Streaming discord_voice@1 to /home/dylan/.config/discord/0.0.53/modules/pending/discord_voice-1.zip: 59%
2024-05-10T17:09:54.549Z [Modules] Streaming discord_voice@1 to /home/dylan/.config/discord/0.0.53/modules/pending/discord_voice-1.zip: 60%
2024-05-10T17:09:54.554Z [Modules] Streaming discord_voice@1 to /home/dylan/.config/discord/0.0.53/modules/pending/discord_voice-1.zip: 61%
2024-05-10T17:09:54.559Z [Modules] Streaming discord_voice@1 to /home/dylan/.config/discord/0.0.53/modules/pending/discord_voice-1.zip: 62%
2024-05-10T17:09:54.564Z [Modules] Streaming discord_voice@1 to /home/dylan/.config/discord/0.0.53/modules/pending/discord_voice-1.zip: 63%
2024-05-10T17:09:54.569Z [Modules] Streaming discord_voice@1 to /home/dylan/.config/discord/0.0.53/modules/pending/discord_voice-1.zip: 64%
2024-05-10T17:09:54.627Z [Modules] Streaming discord_voice@1 to /home/dylan/.config/discord/0.0.53/modules/pending/discord_voice-1.zip: 65%
2024-05-10T17:09:54.632Z [Modules] Streaming discord_voice@1 to /home/dylan/.config/discord/0.0.53/modules/pending/discord_voice-1.zip: 66%
2024-05-10T17:09:54.640Z [Modules] Streaming discord_voice@1 to /home/dylan/.config/discord/0.0.53/modules/pending/discord_voice-1.zip: 67%
2024-05-10T17:09:54.644Z [Modules] Streaming discord_voice@1 to /home/dylan/.config/discord/0.0.53/modules/pending/discord_voice-1.zip: 68%
2024-05-10T17:09:54.647Z [Modules] Streaming discord_voice@1 to /home/dylan/.config/discord/0.0.53/modules/pending/discord_voice-1.zip: 69%
2024-05-10T17:09:54.650Z [Modules] Streaming discord_voice@1 to /home/dylan/.config/discord/0.0.53/modules/pending/discord_voice-1.zip: 70%
2024-05-10T17:09:54.653Z [Modules] Streaming discord_voice@1 to /home/dylan/.config/discord/0.0.53/modules/pending/discord_voice-1.zip: 71%
2024-05-10T17:09:54.654Z [Modules] Streaming discord_voice@1 to /home/dylan/.config/discord/0.0.53/modules/pending/discord_voice-1.zip: 72%
2024-05-10T17:09:54.656Z [Modules] Streaming discord_voice@1 to /home/dylan/.config/discord/0.0.53/modules/pending/discord_voice-1.zip: 73%
2024-05-10T17:09:54.658Z [Modules] Streaming discord_voice@1 to /home/dylan/.config/discord/0.0.53/modules/pending/discord_voice-1.zip: 74%
2024-05-10T17:09:54.660Z [Modules] Streaming discord_voice@1 to /home/dylan/.config/discord/0.0.53/modules/pending/discord_voice-1.zip: 75%
2024-05-10T17:09:54.662Z [Modules] Streaming discord_voice@1 to /home/dylan/.config/discord/0.0.53/modules/pending/discord_voice-1.zip: 76%
2024-05-10T17:09:54.664Z [Modules] Streaming discord_voice@1 to /home/dylan/.config/discord/0.0.53/modules/pending/discord_voice-1.zip: 77%
2024-05-10T17:09:54.665Z [Modules] Streaming discord_voice@1 to /home/dylan/.config/discord/0.0.53/modules/pending/discord_voice-1.zip: 79%
2024-05-10T17:09:54.667Z [Modules] Streaming discord_voice@1 to /home/dylan/.config/discord/0.0.53/modules/pending/discord_voice-1.zip: 80%
2024-05-10T17:09:54.668Z [Modules] Streaming discord_voice@1 to /home/dylan/.config/discord/0.0.53/modules/pending/discord_voice-1.zip: 81%
2024-05-10T17:09:54.670Z [Modules] Streaming discord_voice@1 to /home/dylan/.config/discord/0.0.53/modules/pending/discord_voice-1.zip: 82%
2024-05-10T17:09:54.677Z [Modules] Streaming discord_voice@1 to /home/dylan/.config/discord/0.0.53/modules/pending/discord_voice-1.zip: 83%
2024-05-10T17:09:54.680Z [Modules] Streaming discord_voice@1 to /home/dylan/.config/discord/0.0.53/modules/pending/discord_voice-1.zip: 84%
2024-05-10T17:09:54.688Z [Modules] Streaming discord_voice@1 to /home/dylan/.config/discord/0.0.53/modules/pending/discord_voice-1.zip: 85%
2024-05-10T17:09:54.693Z [Modules] Streaming discord_voice@1 to /home/dylan/.config/discord/0.0.53/modules/pending/discord_voice-1.zip: 86%
2024-05-10T17:09:54.697Z [Modules] Streaming discord_voice@1 to /home/dylan/.config/discord/0.0.53/modules/pending/discord_voice-1.zip: 87%
2024-05-10T17:09:54.700Z [Modules] Streaming discord_voice@1 to /home/dylan/.config/discord/0.0.53/modules/pending/discord_voice-1.zip: 88%
2024-05-10T17:09:54.706Z [Modules] Streaming discord_voice@1 to /home/dylan/.config/discord/0.0.53/modules/pending/discord_voice-1.zip: 89%
2024-05-10T17:09:54.710Z [Modules] Streaming discord_voice@1 to /home/dylan/.config/discord/0.0.53/modules/pending/discord_voice-1.zip: 90%
2024-05-10T17:09:54.714Z [Modules] Streaming discord_voice@1 to /home/dylan/.config/discord/0.0.53/modules/pending/discord_voice-1.zip: 91%
2024-05-10T17:09:54.719Z [Modules] Streaming discord_voice@1 to /home/dylan/.config/discord/0.0.53/modules/pending/discord_voice-1.zip: 92%
2024-05-10T17:09:54.749Z [Modules] Streaming discord_voice@1 to /home/dylan/.config/discord/0.0.53/modules/pending/discord_voice-1.zip: 93%
2024-05-10T17:09:54.751Z [Modules] Streaming discord_voice@1 to /home/dylan/.config/discord/0.0.53/modules/pending/discord_voice-1.zip: 94%
2024-05-10T17:09:54.755Z [Modules] Streaming discord_voice@1 to /home/dylan/.config/discord/0.0.53/modules/pending/discord_voice-1.zip: 95%
2024-05-10T17:09:54.758Z [Modules] Streaming discord_voice@1 to /home/dylan/.config/discord/0.0.53/modules/pending/discord_voice-1.zip: 96%
2024-05-10T17:09:54.761Z [Modules] Streaming discord_voice@1 to /home/dylan/.config/discord/0.0.53/modules/pending/discord_voice-1.zip: 97%
2024-05-10T17:09:54.763Z [Modules] Streaming discord_voice@1 to /home/dylan/.config/discord/0.0.53/modules/pending/discord_voice-1.zip: 98%
2024-05-10T17:09:54.766Z [Modules] Streaming discord_voice@1 to /home/dylan/.config/discord/0.0.53/modules/pending/discord_voice-1.zip: 99%
2024-05-10T17:09:54.767Z [Modules] Streaming discord_voice@1 to /home/dylan/.config/discord/0.0.53/modules/pending/discord_voice-1.zip: 100%
2024-05-10T17:09:54.770Z [Modules] Fetching discord_zstd@1 from https://discord.com/api/modules/stable/discord_zstd/1
2024-05-10T17:09:54.770Z [Modules] Streaming discord_zstd@1 to /home/dylan/.config/discord/0.0.53/modules/pending/discord_zstd-1.zip
2024-05-10T17:09:54.880Z [Modules] Streaming discord_zstd@1 to /home/dylan/.config/discord/0.0.53/modules/pending/discord_zstd-1.zip: 5%
2024-05-10T17:09:54.881Z [Modules] Streaming discord_zstd@1 to /home/dylan/.config/discord/0.0.53/modules/pending/discord_zstd-1.zip: 10%
2024-05-10T17:09:54.883Z [Modules] Streaming discord_zstd@1 to /home/dylan/.config/discord/0.0.53/modules/pending/discord_zstd-1.zip: 15%
2024-05-10T17:09:54.884Z [Modules] Streaming discord_zstd@1 to /home/dylan/.config/discord/0.0.53/modules/pending/discord_zstd-1.zip: 20%
2024-05-10T17:09:54.885Z [Modules] Streaming discord_zstd@1 to /home/dylan/.config/discord/0.0.53/modules/pending/discord_zstd-1.zip: 25%
2024-05-10T17:09:54.887Z [Modules] Streaming discord_zstd@1 to /home/dylan/.config/discord/0.0.53/modules/pending/discord_zstd-1.zip: 30%
2024-05-10T17:09:54.888Z [Modules] Streaming discord_zstd@1 to /home/dylan/.config/discord/0.0.53/modules/pending/discord_zstd-1.zip: 35%
2024-05-10T17:09:54.889Z [Modules] Streaming discord_zstd@1 to /home/dylan/.config/discord/0.0.53/modules/pending/discord_zstd-1.zip: 40%
2024-05-10T17:09:54.891Z [Modules] Streaming discord_zstd@1 to /home/dylan/.config/discord/0.0.53/modules/pending/discord_zstd-1.zip: 45%
2024-05-10T17:09:54.893Z [Modules] Streaming discord_zstd@1 to /home/dylan/.config/discord/0.0.53/modules/pending/discord_zstd-1.zip: 50%
2024-05-10T17:09:54.895Z [Modules] Streaming discord_zstd@1 to /home/dylan/.config/discord/0.0.53/modules/pending/discord_zstd-1.zip: 59%
2024-05-10T17:09:54.896Z [Modules] Streaming discord_zstd@1 to /home/dylan/.config/discord/0.0.53/modules/pending/discord_zstd-1.zip: 64%
2024-05-10T17:09:54.897Z [Modules] Streaming discord_zstd@1 to /home/dylan/.config/discord/0.0.53/modules/pending/discord_zstd-1.zip: 69%
2024-05-10T17:09:54.899Z [Modules] Streaming discord_zstd@1 to /home/dylan/.config/discord/0.0.53/modules/pending/discord_zstd-1.zip: 75%
2024-05-10T17:09:54.900Z [Modules] Streaming discord_zstd@1 to /home/dylan/.config/discord/0.0.53/modules/pending/discord_zstd-1.zip: 80%
2024-05-10T17:09:54.901Z [Modules] Streaming discord_zstd@1 to /home/dylan/.config/discord/0.0.53/modules/pending/discord_zstd-1.zip: 85%
2024-05-10T17:09:54.903Z [Modules] Streaming discord_zstd@1 to /home/dylan/.config/discord/0.0.53/modules/pending/discord_zstd-1.zip: 90%
2024-05-10T17:09:54.904Z [Modules] Streaming discord_zstd@1 to /home/dylan/.config/discord/0.0.53/modules/pending/discord_zstd-1.zip: 95%
2024-05-10T17:09:54.905Z [Modules] Streaming discord_zstd@1 to /home/dylan/.config/discord/0.0.53/modules/pending/discord_zstd-1.zip: 100%
2024-05-10T17:09:54.909Z [Modules] Finished module downloads. [success: 6] [failure: 0]
2024-05-10T17:09:54.910Z [Modules] Installing updates...
2024-05-10T17:09:54.910Z [Modules] Installing discord_desktop_core@1 from /home/dylan/.config/discord/0.0.53/modules/pending/discord_desktop_core-1.zip
2024-05-10T17:09:55.051Z [Modules] Installing discord_erlpack@1 from /home/dylan/.config/discord/0.0.53/modules/pending/discord_erlpack-1.zip
2024-05-10T17:09:55.138Z [Modules] Installing discord_spellcheck@1 from /home/dylan/.config/discord/0.0.53/modules/pending/discord_spellcheck-1.zip
2024-05-10T17:09:56.446Z [Modules] Installing discord_utils@1 from /home/dylan/.config/discord/0.0.53/modules/pending/discord_utils-1.zip
2024-05-10T17:09:56.635Z [Modules] Installing discord_voice@1 from /home/dylan/.config/discord/0.0.53/modules/pending/discord_voice-1.zip
2024-05-10T17:09:57.418Z [Modules] Installing discord_zstd@1 from /home/dylan/.config/discord/0.0.53/modules/pending/discord_zstd-1.zip
2024-05-10T17:09:57.488Z [Modules] Finished module installations. [success: 6] [failure: 0]
2024-05-10T17:09:57.489Z [Modules] Host is up to date.
2024-05-10T17:09:57.489Z [Modules] Checking for module updates at https://discord.com/api/modules/stable/versions.json
2024-05-10T17:09:57.498Z [Modules] No module updates available.
2024-05-10T17:09:59.333Z [Modules] Starting to install discord_krisp...
2024-05-10T17:09:59.334Z [Modules] Fetching discord_krisp@1 from https://discord.com/api/modules/stable/discord_krisp/1
2024-05-10T17:09:59.334Z [Modules] Streaming discord_krisp@1 to /home/dylan/.config/discord/0.0.53/modules/pending/discord_krisp-1.zip
2024-05-10T17:09:59.347Z [Modules] Starting to install discord_game_utils...
2024-05-10T17:09:59.470Z [Modules] Streaming discord_krisp@1 to /home/dylan/.config/discord/0.0.53/modules/pending/discord_krisp-1.zip: 1%
2024-05-10T17:09:59.476Z [Modules] Streaming discord_krisp@1 to /home/dylan/.config/discord/0.0.53/modules/pending/discord_krisp-1.zip: 2%
2024-05-10T17:09:59.480Z [Modules] Streaming discord_krisp@1 to /home/dylan/.config/discord/0.0.53/modules/pending/discord_krisp-1.zip: 3%
2024-05-10T17:09:59.485Z [Modules] Streaming discord_krisp@1 to /home/dylan/.config/discord/0.0.53/modules/pending/discord_krisp-1.zip: 4%
2024-05-10T17:09:59.491Z [Modules] Streaming discord_krisp@1 to /home/dylan/.config/discord/0.0.53/modules/pending/discord_krisp-1.zip: 5%
2024-05-10T17:09:59.495Z [Modules] Streaming discord_krisp@1 to /home/dylan/.config/discord/0.0.53/modules/pending/discord_krisp-1.zip: 6%
2024-05-10T17:09:59.500Z [Modules] Streaming discord_krisp@1 to /home/dylan/.config/discord/0.0.53/modules/pending/discord_krisp-1.zip: 7%
2024-05-10T17:09:59.504Z [Modules] Streaming discord_krisp@1 to /home/dylan/.config/discord/0.0.53/modules/pending/discord_krisp-1.zip: 8%
2024-05-10T17:09:59.511Z [Modules] Streaming discord_krisp@1 to /home/dylan/.config/discord/0.0.53/modules/pending/discord_krisp-1.zip: 9%
2024-05-10T17:09:59.514Z [Modules] Streaming discord_krisp@1 to /home/dylan/.config/discord/0.0.53/modules/pending/discord_krisp-1.zip: 10%
2024-05-10T17:09:59.520Z [Modules] Streaming discord_krisp@1 to /home/dylan/.config/discord/0.0.53/modules/pending/discord_krisp-1.zip: 11%
2024-05-10T17:09:59.525Z [Modules] Streaming discord_krisp@1 to /home/dylan/.config/discord/0.0.53/modules/pending/discord_krisp-1.zip: 12%
2024-05-10T17:09:59.529Z [Modules] Streaming discord_krisp@1 to /home/dylan/.config/discord/0.0.53/modules/pending/discord_krisp-1.zip: 13%
2024-05-10T17:09:59.533Z [Modules] Streaming discord_krisp@1 to /home/dylan/.config/discord/0.0.53/modules/pending/discord_krisp-1.zip: 14%
2024-05-10T17:09:59.539Z [Modules] Streaming discord_krisp@1 to /home/dylan/.config/discord/0.0.53/modules/pending/discord_krisp-1.zip: 15%
2024-05-10T17:09:59.544Z [Modules] Streaming discord_krisp@1 to /home/dylan/.config/discord/0.0.53/modules/pending/discord_krisp-1.zip: 16%
2024-05-10T17:09:59.549Z [Modules] Streaming discord_krisp@1 to /home/dylan/.config/discord/0.0.53/modules/pending/discord_krisp-1.zip: 17%
2024-05-10T17:09:59.553Z [Modules] Streaming discord_krisp@1 to /home/dylan/.config/discord/0.0.53/modules/pending/discord_krisp-1.zip: 18%
2024-05-10T17:09:59.559Z [Modules] Streaming discord_krisp@1 to /home/dylan/.config/discord/0.0.53/modules/pending/discord_krisp-1.zip: 19%
2024-05-10T17:09:59.614Z [Modules] Streaming discord_krisp@1 to /home/dylan/.config/discord/0.0.53/modules/pending/discord_krisp-1.zip: 20%
2024-05-10T17:09:59.617Z [Modules] Streaming discord_krisp@1 to /home/dylan/.config/discord/0.0.53/modules/pending/discord_krisp-1.zip: 21%
2024-05-10T17:09:59.622Z [Modules] Streaming discord_krisp@1 to /home/dylan/.config/discord/0.0.53/modules/pending/discord_krisp-1.zip: 22%
2024-05-10T17:09:59.627Z [Modules] Streaming discord_krisp@1 to /home/dylan/.config/discord/0.0.53/modules/pending/discord_krisp-1.zip: 23%
2024-05-10T17:09:59.634Z [Modules] Streaming discord_krisp@1 to /home/dylan/.config/discord/0.0.53/modules/pending/discord_krisp-1.zip: 24%
2024-05-10T17:09:59.637Z [Modules] Streaming discord_krisp@1 to /home/dylan/.config/discord/0.0.53/modules/pending/discord_krisp-1.zip: 25%
2024-05-10T17:09:59.643Z [Modules] Streaming discord_krisp@1 to /home/dylan/.config/discord/0.0.53/modules/pending/discord_krisp-1.zip: 26%
2024-05-10T17:09:59.645Z [Modules] Streaming discord_krisp@1 to /home/dylan/.config/discord/0.0.53/modules/pending/discord_krisp-1.zip: 27%
2024-05-10T17:09:59.647Z [Modules] Streaming discord_krisp@1 to /home/dylan/.config/discord/0.0.53/modules/pending/discord_krisp-1.zip: 28%
2024-05-10T17:09:59.648Z [Modules] Streaming discord_krisp@1 to /home/dylan/.config/discord/0.0.53/modules/pending/discord_krisp-1.zip: 29%
2024-05-10T17:09:59.649Z [Modules] Streaming discord_krisp@1 to /home/dylan/.config/discord/0.0.53/modules/pending/discord_krisp-1.zip: 30%
2024-05-10T17:09:59.650Z [Modules] Streaming discord_krisp@1 to /home/dylan/.config/discord/0.0.53/modules/pending/discord_krisp-1.zip: 31%
2024-05-10T17:09:59.651Z [Modules] Streaming discord_krisp@1 to /home/dylan/.config/discord/0.0.53/modules/pending/discord_krisp-1.zip: 32%
2024-05-10T17:09:59.651Z [Modules] Streaming discord_krisp@1 to /home/dylan/.config/discord/0.0.53/modules/pending/discord_krisp-1.zip: 33%
2024-05-10T17:09:59.656Z [Modules] Streaming discord_krisp@1 to /home/dylan/.config/discord/0.0.53/modules/pending/discord_krisp-1.zip: 34%
2024-05-10T17:09:59.658Z [Modules] Streaming discord_krisp@1 to /home/dylan/.config/discord/0.0.53/modules/pending/discord_krisp-1.zip: 35%
2024-05-10T17:09:59.659Z [Modules] Streaming discord_krisp@1 to /home/dylan/.config/discord/0.0.53/modules/pending/discord_krisp-1.zip: 36%
2024-05-10T17:09:59.667Z [Modules] Streaming discord_krisp@1 to /home/dylan/.config/discord/0.0.53/modules/pending/discord_krisp-1.zip: 37%
2024-05-10T17:09:59.678Z [Modules] Streaming discord_krisp@1 to /home/dylan/.config/discord/0.0.53/modules/pending/discord_krisp-1.zip: 38%
2024-05-10T17:09:59.680Z [Modules] Streaming discord_krisp@1 to /home/dylan/.config/discord/0.0.53/modules/pending/discord_krisp-1.zip: 39%
2024-05-10T17:09:59.681Z [Modules] Streaming discord_krisp@1 to /home/dylan/.config/discord/0.0.53/modules/pending/discord_krisp-1.zip: 40%
2024-05-10T17:09:59.682Z [Modules] Streaming discord_krisp@1 to /home/dylan/.config/discord/0.0.53/modules/pending/discord_krisp-1.zip: 41%
2024-05-10T17:09:59.685Z [Modules] Streaming discord_krisp@1 to /home/dylan/.config/discord/0.0.53/modules/pending/discord_krisp-1.zip: 42%
2024-05-10T17:09:59.691Z [Modules] Streaming discord_krisp@1 to /home/dylan/.config/discord/0.0.53/modules/pending/discord_krisp-1.zip: 43%
2024-05-10T17:09:59.695Z [Modules] Streaming discord_krisp@1 to /home/dylan/.config/discord/0.0.53/modules/pending/discord_krisp-1.zip: 44%
2024-05-10T17:09:59.700Z [Modules] Streaming discord_krisp@1 to /home/dylan/.config/discord/0.0.53/modules/pending/discord_krisp-1.zip: 45%
2024-05-10T17:09:59.704Z [Modules] Streaming discord_krisp@1 to /home/dylan/.config/discord/0.0.53/modules/pending/discord_krisp-1.zip: 46%
2024-05-10T17:09:59.711Z [Modules] Streaming discord_krisp@1 to /home/dylan/.config/discord/0.0.53/modules/pending/discord_krisp-1.zip: 47%
2024-05-10T17:09:59.713Z [Modules] Streaming discord_krisp@1 to /home/dylan/.config/discord/0.0.53/modules/pending/discord_krisp-1.zip: 48%
2024-05-10T17:09:59.720Z [Modules] Streaming discord_krisp@1 to /home/dylan/.config/discord/0.0.53/modules/pending/discord_krisp-1.zip: 49%
2024-05-10T17:09:59.725Z [Modules] Streaming discord_krisp@1 to /home/dylan/.config/discord/0.0.53/modules/pending/discord_krisp-1.zip: 50%
2024-05-10T17:09:59.728Z [Modules] Streaming discord_krisp@1 to /home/dylan/.config/discord/0.0.53/modules/pending/discord_krisp-1.zip: 51%
2024-05-10T17:09:59.734Z [Modules] Streaming discord_krisp@1 to /home/dylan/.config/discord/0.0.53/modules/pending/discord_krisp-1.zip: 52%
2024-05-10T17:09:59.738Z [Modules] Streaming discord_krisp@1 to /home/dylan/.config/discord/0.0.53/modules/pending/discord_krisp-1.zip: 53%
2024-05-10T17:09:59.744Z [Modules] Streaming discord_krisp@1 to /home/dylan/.config/discord/0.0.53/modules/pending/discord_krisp-1.zip: 54%
2024-05-10T17:09:59.748Z [Modules] Streaming discord_krisp@1 to /home/dylan/.config/discord/0.0.53/modules/pending/discord_krisp-1.zip: 55%
2024-05-10T17:09:59.753Z [Modules] Streaming discord_krisp@1 to /home/dylan/.config/discord/0.0.53/modules/pending/discord_krisp-1.zip: 56%
2024-05-10T17:09:59.761Z [Modules] Streaming discord_krisp@1 to /home/dylan/.config/discord/0.0.53/modules/pending/discord_krisp-1.zip: 57%
2024-05-10T17:10:00.045Z [Modules] Streaming discord_krisp@1 to /home/dylan/.config/discord/0.0.53/modules/pending/discord_krisp-1.zip: 58%
2024-05-10T17:10:00.068Z [Modules] Streaming discord_krisp@1 to /home/dylan/.config/discord/0.0.53/modules/pending/discord_krisp-1.zip: 59%
2024-05-10T17:10:00.069Z [Modules] Streaming discord_krisp@1 to /home/dylan/.config/discord/0.0.53/modules/pending/discord_krisp-1.zip: 60%
2024-05-10T17:10:00.070Z [Modules] Streaming discord_krisp@1 to /home/dylan/.config/discord/0.0.53/modules/pending/discord_krisp-1.zip: 61%
2024-05-10T17:10:00.072Z [Modules] Streaming discord_krisp@1 to /home/dylan/.config/discord/0.0.53/modules/pending/discord_krisp-1.zip: 62%
2024-05-10T17:10:00.078Z [Modules] Streaming discord_krisp@1 to /home/dylan/.config/discord/0.0.53/modules/pending/discord_krisp-1.zip: 63%
2024-05-10T17:10:00.091Z [Modules] Streaming discord_krisp@1 to /home/dylan/.config/discord/0.0.53/modules/pending/discord_krisp-1.zip: 64%
2024-05-10T17:10:00.109Z [Modules] Streaming discord_krisp@1 to /home/dylan/.config/discord/0.0.53/modules/pending/discord_krisp-1.zip: 65%
2024-05-10T17:10:00.111Z [Modules] Streaming discord_krisp@1 to /home/dylan/.config/discord/0.0.53/modules/pending/discord_krisp-1.zip: 66%
2024-05-10T17:10:00.114Z [Modules] Streaming discord_krisp@1 to /home/dylan/.config/discord/0.0.53/modules/pending/discord_krisp-1.zip: 67%
2024-05-10T17:10:00.116Z [Modules] Streaming discord_krisp@1 to /home/dylan/.config/discord/0.0.53/modules/pending/discord_krisp-1.zip: 68%
2024-05-10T17:10:00.117Z [Modules] Streaming discord_krisp@1 to /home/dylan/.config/discord/0.0.53/modules/pending/discord_krisp-1.zip: 69%
2024-05-10T17:10:00.118Z [Modules] Streaming discord_krisp@1 to /home/dylan/.config/discord/0.0.53/modules/pending/discord_krisp-1.zip: 70%
2024-05-10T17:10:00.119Z [Modules] Streaming discord_krisp@1 to /home/dylan/.config/discord/0.0.53/modules/pending/discord_krisp-1.zip: 71%
2024-05-10T17:10:00.121Z [Modules] Streaming discord_krisp@1 to /home/dylan/.config/discord/0.0.53/modules/pending/discord_krisp-1.zip: 72%
2024-05-10T17:10:00.122Z [Modules] Streaming discord_krisp@1 to /home/dylan/.config/discord/0.0.53/modules/pending/discord_krisp-1.zip: 73%
2024-05-10T17:10:00.124Z [Modules] Streaming discord_krisp@1 to /home/dylan/.config/discord/0.0.53/modules/pending/discord_krisp-1.zip: 74%
2024-05-10T17:10:00.126Z [Modules] Streaming discord_krisp@1 to /home/dylan/.config/discord/0.0.53/modules/pending/discord_krisp-1.zip: 75%
2024-05-10T17:10:00.128Z [Modules] Streaming discord_krisp@1 to /home/dylan/.config/discord/0.0.53/modules/pending/discord_krisp-1.zip: 77%
2024-05-10T17:10:00.129Z [Modules] Streaming discord_krisp@1 to /home/dylan/.config/discord/0.0.53/modules/pending/discord_krisp-1.zip: 78%
2024-05-10T17:10:00.130Z [Modules] Streaming discord_krisp@1 to /home/dylan/.config/discord/0.0.53/modules/pending/discord_krisp-1.zip: 79%
2024-05-10T17:10:00.130Z [Modules] Streaming discord_krisp@1 to /home/dylan/.config/discord/0.0.53/modules/pending/discord_krisp-1.zip: 80%
2024-05-10T17:10:00.132Z [Modules] Streaming discord_krisp@1 to /home/dylan/.config/discord/0.0.53/modules/pending/discord_krisp-1.zip: 81%
2024-05-10T17:10:00.133Z [Modules] Streaming discord_krisp@1 to /home/dylan/.config/discord/0.0.53/modules/pending/discord_krisp-1.zip: 82%
2024-05-10T17:10:00.142Z [Modules] Streaming discord_krisp@1 to /home/dylan/.config/discord/0.0.53/modules/pending/discord_krisp-1.zip: 83%
2024-05-10T17:10:00.147Z [Modules] Streaming discord_krisp@1 to /home/dylan/.config/discord/0.0.53/modules/pending/discord_krisp-1.zip: 84%
2024-05-10T17:10:00.151Z [Modules] Streaming discord_krisp@1 to /home/dylan/.config/discord/0.0.53/modules/pending/discord_krisp-1.zip: 85%
2024-05-10T17:10:00.167Z [Modules] Streaming discord_krisp@1 to /home/dylan/.config/discord/0.0.53/modules/pending/discord_krisp-1.zip: 86%
2024-05-10T17:10:00.171Z [Modules] Streaming discord_krisp@1 to /home/dylan/.config/discord/0.0.53/modules/pending/discord_krisp-1.zip: 87%
2024-05-10T17:10:00.180Z [Modules] Streaming discord_krisp@1 to /home/dylan/.config/discord/0.0.53/modules/pending/discord_krisp-1.zip: 88%
2024-05-10T17:10:00.184Z [Modules] Streaming discord_krisp@1 to /home/dylan/.config/discord/0.0.53/modules/pending/discord_krisp-1.zip: 89%
2024-05-10T17:10:00.189Z [Modules] Streaming discord_krisp@1 to /home/dylan/.config/discord/0.0.53/modules/pending/discord_krisp-1.zip: 90%
2024-05-10T17:10:00.194Z [Modules] Streaming discord_krisp@1 to /home/dylan/.config/discord/0.0.53/modules/pending/discord_krisp-1.zip: 91%
2024-05-10T17:10:00.199Z [Modules] Streaming discord_krisp@1 to /home/dylan/.config/discord/0.0.53/modules/pending/discord_krisp-1.zip: 92%
2024-05-10T17:10:00.204Z [Modules] Streaming discord_krisp@1 to /home/dylan/.config/discord/0.0.53/modules/pending/discord_krisp-1.zip: 93%
2024-05-10T17:10:00.209Z [Modules] Streaming discord_krisp@1 to /home/dylan/.config/discord/0.0.53/modules/pending/discord_krisp-1.zip: 94%
2024-05-10T17:10:00.214Z [Modules] Streaming discord_krisp@1 to /home/dylan/.config/discord/0.0.53/modules/pending/discord_krisp-1.zip: 95%
2024-05-10T17:10:00.219Z [Modules] Streaming discord_krisp@1 to /home/dylan/.config/discord/0.0.53/modules/pending/discord_krisp-1.zip: 96%
2024-05-10T17:10:00.224Z [Modules] Streaming discord_krisp@1 to /home/dylan/.config/discord/0.0.53/modules/pending/discord_krisp-1.zip: 97%
2024-05-10T17:10:00.229Z [Modules] Streaming discord_krisp@1 to /home/dylan/.config/discord/0.0.53/modules/pending/discord_krisp-1.zip: 98%
2024-05-10T17:10:00.234Z [Modules] Streaming discord_krisp@1 to /home/dylan/.config/discord/0.0.53/modules/pending/discord_krisp-1.zip: 99%
2024-05-10T17:10:00.238Z [Modules] Streaming discord_krisp@1 to /home/dylan/.config/discord/0.0.53/modules/pending/discord_krisp-1.zip: 100%
2024-05-10T17:10:00.241Z [Modules] Fetching discord_game_utils@1 from https://discord.com/api/modules/stable/discord_game_utils/1
2024-05-10T17:10:00.241Z [Modules] Streaming discord_game_utils@1 to /home/dylan/.config/discord/0.0.53/modules/pending/discord_game_utils-1.zip
2024-05-10T17:10:00.241Z [Modules] Installing discord_krisp@1 from /home/dylan/.config/discord/0.0.53/modules/pending/discord_krisp-1.zip
2024-05-10T17:10:00.368Z [Modules] Streaming discord_game_utils@1 to /home/dylan/.config/discord/0.0.53/modules/pending/discord_game_utils-1.zip: 2%
2024-05-10T17:10:00.369Z [Modules] Streaming discord_game_utils@1 to /home/dylan/.config/discord/0.0.53/modules/pending/discord_game_utils-1.zip: 5%
2024-05-10T17:10:00.370Z [Modules] Streaming discord_game_utils@1 to /home/dylan/.config/discord/0.0.53/modules/pending/discord_game_utils-1.zip: 7%
2024-05-10T17:10:00.371Z [Modules] Streaming discord_game_utils@1 to /home/dylan/.config/discord/0.0.53/modules/pending/discord_game_utils-1.zip: 10%
2024-05-10T17:10:00.372Z [Modules] Streaming discord_game_utils@1 to /home/dylan/.config/discord/0.0.53/modules/pending/discord_game_utils-1.zip: 12%
2024-05-10T17:10:00.377Z [Modules] Streaming discord_game_utils@1 to /home/dylan/.config/discord/0.0.53/modules/pending/discord_game_utils-1.zip: 17%
2024-05-10T17:10:00.378Z [Modules] Streaming discord_game_utils@1 to /home/dylan/.config/discord/0.0.53/modules/pending/discord_game_utils-1.zip: 20%
2024-05-10T17:10:00.380Z [Modules] Streaming discord_game_utils@1 to /home/dylan/.config/discord/0.0.53/modules/pending/discord_game_utils-1.zip: 23%
2024-05-10T17:10:00.384Z [Modules] Streaming discord_game_utils@1 to /home/dylan/.config/discord/0.0.53/modules/pending/discord_game_utils-1.zip: 26%
2024-05-10T17:10:00.385Z [Modules] Streaming discord_game_utils@1 to /home/dylan/.config/discord/0.0.53/modules/pending/discord_game_utils-1.zip: 31%
2024-05-10T17:10:00.386Z [Modules] Streaming discord_game_utils@1 to /home/dylan/.config/discord/0.0.53/modules/pending/discord_game_utils-1.zip: 36%
2024-05-10T17:10:00.388Z [Modules] Streaming discord_game_utils@1 to /home/dylan/.config/discord/0.0.53/modules/pending/discord_game_utils-1.zip: 40%
2024-05-10T17:10:00.389Z [Modules] Streaming discord_game_utils@1 to /home/dylan/.config/discord/0.0.53/modules/pending/discord_game_utils-1.zip: 41%
2024-05-10T17:10:00.391Z [Modules] Streaming discord_game_utils@1 to /home/dylan/.config/discord/0.0.53/modules/pending/discord_game_utils-1.zip: 43%
2024-05-10T17:10:00.392Z [Modules] Streaming discord_game_utils@1 to /home/dylan/.config/discord/0.0.53/modules/pending/discord_game_utils-1.zip: 46%
2024-05-10T17:10:00.393Z [Modules] Streaming discord_game_utils@1 to /home/dylan/.config/discord/0.0.53/modules/pending/discord_game_utils-1.zip: 48%
2024-05-10T17:10:00.394Z [Modules] Streaming discord_game_utils@1 to /home/dylan/.config/discord/0.0.53/modules/pending/discord_game_utils-1.zip: 51%
2024-05-10T17:10:00.395Z [Modules] Streaming discord_game_utils@1 to /home/dylan/.config/discord/0.0.53/modules/pending/discord_game_utils-1.zip: 53%
2024-05-10T17:10:00.397Z [Modules] Streaming discord_game_utils@1 to /home/dylan/.config/discord/0.0.53/modules/pending/discord_game_utils-1.zip: 56%
2024-05-10T17:10:00.398Z [Modules] Streaming discord_game_utils@1 to /home/dylan/.config/discord/0.0.53/modules/pending/discord_game_utils-1.zip: 59%
2024-05-10T17:10:00.400Z [Modules] Streaming discord_game_utils@1 to /home/dylan/.config/discord/0.0.53/modules/pending/discord_game_utils-1.zip: 61%
2024-05-10T17:10:00.401Z [Modules] Streaming discord_game_utils@1 to /home/dylan/.config/discord/0.0.53/modules/pending/discord_game_utils-1.zip: 64%
2024-05-10T17:10:00.402Z [Modules] Streaming discord_game_utils@1 to /home/dylan/.config/discord/0.0.53/modules/pending/discord_game_utils-1.zip: 66%
2024-05-10T17:10:00.403Z [Modules] Streaming discord_game_utils@1 to /home/dylan/.config/discord/0.0.53/modules/pending/discord_game_utils-1.zip: 69%
2024-05-10T17:10:00.405Z [Modules] Streaming discord_game_utils@1 to /home/dylan/.config/discord/0.0.53/modules/pending/discord_game_utils-1.zip: 71%
2024-05-10T17:10:00.406Z [Modules] Streaming discord_game_utils@1 to /home/dylan/.config/discord/0.0.53/modules/pending/discord_game_utils-1.zip: 74%
2024-05-10T17:10:00.408Z [Modules] Streaming discord_game_utils@1 to /home/dylan/.config/discord/0.0.53/modules/pending/discord_game_utils-1.zip: 77%
2024-05-10T17:10:00.409Z [Modules] Streaming discord_game_utils@1 to /home/dylan/.config/discord/0.0.53/modules/pending/discord_game_utils-1.zip: 79%
2024-05-10T17:10:00.411Z [Modules] Streaming discord_game_utils@1 to /home/dylan/.config/discord/0.0.53/modules/pending/discord_game_utils-1.zip: 82%
2024-05-10T17:10:00.412Z [Modules] Streaming discord_game_utils@1 to /home/dylan/.config/discord/0.0.53/modules/pending/discord_game_utils-1.zip: 84%
2024-05-10T17:10:00.413Z [Modules] Streaming discord_game_utils@1 to /home/dylan/.config/discord/0.0.53/modules/pending/discord_game_utils-1.zip: 86%
2024-05-10T17:10:00.414Z [Modules] Streaming discord_game_utils@1 to /home/dylan/.config/discord/0.0.53/modules/pending/discord_game_utils-1.zip: 89%
2024-05-10T17:10:00.416Z [Modules] Streaming discord_game_utils@1 to /home/dylan/.config/discord/0.0.53/modules/pending/discord_game_utils-1.zip: 91%
2024-05-10T17:10:00.417Z [Modules] Streaming discord_game_utils@1 to /home/dylan/.config/discord/0.0.53/modules/pending/discord_game_utils-1.zip: 94%
2024-05-10T17:10:00.418Z [Modules] Streaming discord_game_utils@1 to /home/dylan/.config/discord/0.0.53/modules/pending/discord_game_utils-1.zip: 96%
2024-05-10T17:10:00.420Z [Modules] Streaming discord_game_utils@1 to /home/dylan/.config/discord/0.0.53/modules/pending/discord_game_utils-1.zip: 99%
2024-05-10T17:10:00.421Z [Modules] Streaming discord_game_utils@1 to /home/dylan/.config/discord/0.0.53/modules/pending/discord_game_utils-1.zip: 100%
2024-05-10T17:10:00.423Z [Modules] Finished module downloads. [success: 2] [failure: 0]
2024-05-10T17:10:00.483Z [Modules] Host is up to date.
2024-05-10T17:10:00.483Z [Modules] Checking for module updates at https://discord.com/api/modules/stable/versions.json
2024-05-10T17:10:00.529Z [Modules] No module updates available.
2024-05-10T17:10:00.688Z [Modules] Starting to install discord_rpc...
2024-05-10T17:10:00.689Z [Modules] Fetching discord_rpc@1 from https://discord.com/api/modules/stable/discord_rpc/1
2024-05-10T17:10:00.689Z [Modules] Streaming discord_rpc@1 to /home/dylan/.config/discord/0.0.53/modules/pending/discord_rpc-1.zip
2024-05-10T17:10:00.796Z [Modules] Streaming discord_rpc@1 to /home/dylan/.config/discord/0.0.53/modules/pending/discord_rpc-1.zip: 100%
2024-05-10T17:10:00.798Z [Modules] Finished module downloads. [success: 1] [failure: 0]
2024-05-10T17:10:00.998Z [Modules] Installing discord_game_utils@1 from /home/dylan/.config/discord/0.0.53/modules/pending/discord_game_utils-1.zip
2024-05-10T17:10:01.099Z [Modules] Installing discord_rpc@1 from /home/dylan/.config/discord/0.0.53/modules/pending/discord_rpc-1.zip
2024-05-10T17:10:01.122Z [Modules] Finished module installations. [success: 3] [failure: 0]
2024-05-10T18:10:00.492Z [Modules] Host is up to date.
2024-05-10T18:10:00.492Z [Modules] Checking for module updates at https://discord.com/api/modules/stable/versions.json
2024-05-10T18:10:00.549Z [Modules] No module updates available.
2024-05-10T19:10:00.490Z [Modules] Host is up to date.
2024-05-10T19:10:00.490Z [Modules] Checking for module updates at https://discord.com/api/modules/stable/versions.json
2024-05-10T19:10:00.557Z [Modules] No module updates available.
2024-05-10T20:10:00.484Z [Modules] Host is up to date.
2024-05-10T20:10:00.484Z [Modules] Checking for module updates at https://discord.com/api/modules/stable/versions.json
2024-05-10T20:10:00.587Z [Modules] No module updates available.
2024-05-10T21:33:52.527Z [Modules] Host is up to date.
2024-05-10T21:33:52.527Z [Modules] Checking for module updates at https://discord.com/api/modules/stable/versions.json
2024-05-10T21:33:52.598Z [Modules] No module updates available.
2024-05-10T22:33:52.929Z [Modules] Host is up to date.
2024-05-10T22:33:52.929Z [Modules] Checking for module updates at https://discord.com/api/modules/stable/versions.json
2024-05-10T22:33:53.018Z [Modules] No module updates available.
2024-05-11T05:02:27.263Z [Modules] Host is up to date.
2024-05-11T05:02:27.263Z [Modules] Checking for module updates at https://discord.com/api/modules/stable/versions.json
2024-05-11T05:02:27.324Z [Modules] No module updates available.
2024-05-11T14:49:54.846Z [Modules] Host is up to date.
2024-05-11T14:49:54.847Z [Modules] Checking for module updates at https://discord.com/api/modules/stable/versions.json
2024-05-11T14:49:54.939Z [Modules] No module updates available.
2024-05-11T15:49:54.846Z [Modules] Host is up to date.
2024-05-11T15:49:54.846Z [Modules] Checking for module updates at https://discord.com/api/modules/stable/versions.json
2024-05-11T15:49:54.910Z [Modules] No module updates available.
2024-05-11T16:49:54.840Z [Modules] Host is up to date.
2024-05-11T16:49:54.840Z [Modules] Checking for module updates at https://discord.com/api/modules/stable/versions.json
2024-05-11T16:49:54.906Z [Modules] No module updates available.
2024-05-11T17:49:54.846Z [Modules] Host is up to date.
2024-05-11T17:49:54.846Z [Modules] Checking for module updates at https://discord.com/api/modules/stable/versions.json
2024-05-11T17:49:54.910Z [Modules] No module updates available.
2024-05-11T19:11:19.559Z [Modules] Host is up to date.
2024-05-11T19:11:19.559Z [Modules] Checking for module updates at https://discord.com/api/modules/stable/versions.json
2024-05-11T19:11:19.622Z [Modules] Failed fetching module versions: Error: getaddrinfo EAI_AGAIN discord.com
2024-05-11T20:11:20.607Z [Modules] Host is up to date.
2024-05-11T20:11:20.607Z [Modules] Checking for module updates at https://discord.com/api/modules/stable/versions.json
2024-05-11T20:11:20.804Z [Modules] No module updates available.
2024-05-11T20:48:01.602Z [Modules] Modules initializing
2024-05-11T20:48:01.603Z [Modules] Distribution: remote
2024-05-11T20:48:01.603Z [Modules] Host updates: disabled
2024-05-11T20:48:01.603Z [Modules] Module updates: enabled
2024-05-11T20:48:01.604Z [Modules] Module install path: /home/dylan/.config/discord/0.0.53/modules
2024-05-11T20:48:01.604Z [Modules] Module installed file path: /home/dylan/.config/discord/0.0.53/modules/installed.json
2024-05-11T20:48:01.604Z [Modules] Module download path: /home/dylan/.config/discord/0.0.53/modules/pending
2024-05-11T20:48:02.151Z [Modules] No updates to install
2024-05-11T20:48:02.153Z [Modules] Host is up to date.
2024-05-11T20:48:02.154Z [Modules] Checking for module updates at https://discord.com/api/modules/stable/versions.json
2024-05-11T20:48:02.556Z [Modules] No module updates available.
2024-05-11T20:48:07.088Z [Modules] Host is up to date.
2024-05-11T20:48:07.089Z [Modules] Checking for module updates at https://discord.com/api/modules/stable/versions.json
2024-05-11T20:48:07.097Z [Modules] No module updates available.
2024-05-11T21:48:07.664Z [Modules] Host is up to date.
2024-05-11T21:48:07.664Z [Modules] Checking for module updates at https://discord.com/api/modules/stable/versions.json
2024-05-11T21:48:07.919Z [Modules] No module updates available.
2024-05-11T22:48:07.664Z [Modules] Host is up to date.
2024-05-11T22:48:07.665Z [Modules] Checking for module updates at https://discord.com/api/modules/stable/versions.json
2024-05-11T22:48:07.945Z [Modules] No module updates available.
2024-05-11T22:57:56.225Z [Modules] Modules initializing
2024-05-11T22:57:56.225Z [Modules] Distribution: remote
2024-05-11T22:57:56.225Z [Modules] Host updates: disabled
2024-05-11T22:57:56.226Z [Modules] Module updates: enabled
2024-05-11T22:57:56.226Z [Modules] Module install path: /home/dylan/.config/discord/0.0.53/modules
2024-05-11T22:57:56.226Z [Modules] Module installed file path: /home/dylan/.config/discord/0.0.53/modules/installed.json
2024-05-11T22:57:56.226Z [Modules] Module download path: /home/dylan/.config/discord/0.0.53/modules/pending
2024-05-11T22:57:56.758Z [Modules] No updates to install
2024-05-11T22:57:56.759Z [Modules] Host is up to date.
2024-05-11T22:57:56.760Z [Modules] Checking for module updates at https://discord.com/api/modules/stable/versions.json
2024-05-11T22:57:57.123Z [Modules] No module updates available.
2024-05-11T22:58:01.331Z [Modules] Host is up to date.
2024-05-11T22:58:01.332Z [Modules] Checking for module updates at https://discord.com/api/modules/stable/versions.json
2024-05-11T22:58:01.340Z [Modules] No module updates available.
2024-05-12T16:10:15.741Z [Modules] Host is up to date.
2024-05-12T16:10:15.741Z [Modules] Checking for module updates at https://discord.com/api/modules/stable/versions.json
2024-05-12T16:10:15.803Z [Modules] No module updates available.
2024-05-12T17:10:15.743Z [Modules] Host is up to date.
2024-05-12T17:10:15.743Z [Modules] Checking for module updates at https://discord.com/api/modules/stable/versions.json
2024-05-12T17:10:15.820Z [Modules] No module updates available.
2024-05-12T18:10:15.738Z [Modules] Host is up to date.
2024-05-12T18:10:15.738Z [Modules] Checking for module updates at https://discord.com/api/modules/stable/versions.json
2024-05-12T18:10:15.799Z [Modules] No module updates available.
2024-05-12T19:10:15.742Z [Modules] Host is up to date.
2024-05-12T19:10:15.742Z [Modules] Checking for module updates at https://discord.com/api/modules/stable/versions.json
2024-05-12T19:10:15.810Z [Modules] No module updates available.
2024-05-12T20:10:15.738Z [Modules] Host is up to date.
2024-05-12T20:10:15.738Z [Modules] Checking for module updates at https://discord.com/api/modules/stable/versions.json
2024-05-12T20:10:15.823Z [Modules] No module updates available.
2024-05-12T21:10:15.744Z [Modules] Host is up to date.
2024-05-12T21:10:15.744Z [Modules] Checking for module updates at https://discord.com/api/modules/stable/versions.json
2024-05-12T21:10:15.818Z [Modules] No module updates available.
2024-05-12T22:10:15.737Z [Modules] Host is up to date.
2024-05-12T22:10:15.738Z [Modules] Checking for module updates at https://discord.com/api/modules/stable/versions.json
2024-05-12T22:10:15.800Z [Modules] No module updates available.
2024-05-12T23:10:15.744Z [Modules] Host is up to date.
2024-05-12T23:10:15.744Z [Modules] Checking for module updates at https://discord.com/api/modules/stable/versions.json
2024-05-12T23:10:15.811Z [Modules] No module updates available.
2024-05-13T01:02:31.979Z [Modules] Host is up to date.
2024-05-13T01:02:31.979Z [Modules] Checking for module updates at https://discord.com/api/modules/stable/versions.json
2024-05-13T01:02:32.047Z [Modules] No module updates available.
2024-05-13T02:02:31.977Z [Modules] Host is up to date.
2024-05-13T02:02:31.977Z [Modules] Checking for module updates at https://discord.com/api/modules/stable/versions.json
2024-05-13T02:02:32.025Z [Modules] No module updates available.
2024-05-13T12:26:35.453Z [Modules] Host is up to date.
2024-05-13T12:26:35.453Z [Modules] Checking for module updates at https://discord.com/api/modules/stable/versions.json
2024-05-13T12:26:35.520Z [Modules] No module updates available.
2024-05-13T13:26:34.994Z [Modules] Host is up to date.
2024-05-13T13:26:34.995Z [Modules] Checking for module updates at https://discord.com/api/modules/stable/versions.json
2024-05-13T13:26:35.055Z [Modules] No module updates available.
2024-05-13T14:26:34.994Z [Modules] Host is up to date.
2024-05-13T14:26:34.995Z [Modules] Checking for module updates at https://discord.com/api/modules/stable/versions.json
2024-05-13T14:26:35.062Z [Modules] No module updates available.
2024-05-13T15:26:34.994Z [Modules] Host is up to date.
2024-05-13T15:26:34.995Z [Modules] Checking for module updates at https://discord.com/api/modules/stable/versions.json
2024-05-13T15:26:35.095Z [Modules] No module updates available.
2024-05-13T16:26:35.001Z [Modules] Host is up to date.
2024-05-13T16:26:35.001Z [Modules] Checking for module updates at https://discord.com/api/modules/stable/versions.json
2024-05-13T16:26:35.066Z [Modules] No module updates available.
2024-05-13T17:26:34.995Z [Modules] Host is up to date.
2024-05-13T17:26:34.995Z [Modules] Checking for module updates at https://discord.com/api/modules/stable/versions.json
2024-05-13T17:26:35.058Z [Modules] No module updates available.
2024-05-13T18:26:34.994Z [Modules] Host is up to date.
2024-05-13T18:26:34.994Z [Modules] Checking for module updates at https://discord.com/api/modules/stable/versions.json
2024-05-13T18:26:35.084Z [Modules] No module updates available.
2024-05-13T19:26:34.999Z [Modules] Host is up to date.
2024-05-13T19:26:34.999Z [Modules] Checking for module updates at https://discord.com/api/modules/stable/versions.json
2024-05-13T19:26:35.096Z [Modules] No module updates available.
2024-05-13T20:26:35.001Z [Modules] Host is up to date.
2024-05-13T20:26:35.001Z [Modules] Checking for module updates at https://discord.com/api/modules/stable/versions.json
2024-05-13T20:26:35.078Z [Modules] No module updates available.
2024-05-13T21:26:35.003Z [Modules] Host is up to date.
2024-05-13T21:26:35.003Z [Modules] Checking for module updates at https://discord.com/api/modules/stable/versions.json
2024-05-13T21:26:35.077Z [Modules] No module updates available.
2024-05-13T22:26:35.002Z [Modules] Host is up to date.
2024-05-13T22:26:35.002Z [Modules] Checking for module updates at https://discord.com/api/modules/stable/versions.json
2024-05-13T22:26:35.091Z [Modules] No module updates available.
2024-05-14T02:01:28.090Z [Modules] Host is up to date.
2024-05-14T02:01:28.091Z [Modules] Checking for module updates at https://discord.com/api/modules/stable/versions.json
2024-05-14T02:01:28.271Z [Modules] No module updates available.
2024-05-14T03:01:28.089Z [Modules] Host is up to date.
2024-05-14T03:01:28.089Z [Modules] Checking for module updates at https://discord.com/api/modules/stable/versions.json
2024-05-14T03:01:28.150Z [Modules] No module updates available.
2024-05-14T14:45:36.410Z [Modules] Host is up to date.
2024-05-14T14:45:36.410Z [Modules] Checking for module updates at https://discord.com/api/modules/stable/versions.json
2024-05-14T14:45:36.493Z [Modules] No module updates available.
2024-05-14T15:45:36.410Z [Modules] Host is up to date.
2024-05-14T15:45:36.410Z [Modules] Checking for module updates at https://discord.com/api/modules/stable/versions.json
2024-05-14T15:45:36.497Z [Modules] No module updates available.
2024-05-14T16:45:36.412Z [Modules] Host is up to date.
2024-05-14T16:45:36.412Z [Modules] Checking for module updates at https://discord.com/api/modules/stable/versions.json
2024-05-14T16:45:36.451Z [Modules] No module updates available.
2024-05-14T18:37:45.265Z [Modules] Modules initializing
2024-05-14T18:37:45.265Z [Modules] Distribution: remote
2024-05-14T18:37:45.265Z [Modules] Host updates: disabled
2024-05-14T18:37:45.265Z [Modules] Module updates: enabled
2024-05-14T18:37:45.266Z [Modules] Module install path: /home/dylan/.config/discord/0.0.53/modules
2024-05-14T18:37:45.266Z [Modules] Module installed file path: /home/dylan/.config/discord/0.0.53/modules/installed.json
2024-05-14T18:37:45.266Z [Modules] Module download path: /home/dylan/.config/discord/0.0.53/modules/pending
2024-05-14T18:37:45.648Z [Modules] No updates to install
2024-05-14T18:37:45.649Z [Modules] Host is up to date.
2024-05-14T18:37:45.649Z [Modules] Checking for module updates at https://discord.com/api/modules/stable/versions.json
2024-05-14T18:37:45.790Z [Modules] No module updates available.
2024-05-14T18:37:49.190Z [Modules] Host is up to date.
2024-05-14T18:37:49.190Z [Modules] Checking for module updates at https://discord.com/api/modules/stable/versions.json
2024-05-14T18:37:49.196Z [Modules] No module updates available.
2024-05-14T19:37:49.196Z [Modules] Host is up to date.
2024-05-14T19:37:49.197Z [Modules] Checking for module updates at https://discord.com/api/modules/stable/versions.json
2024-05-14T19:37:49.257Z [Modules] No module updates available.
2024-05-15T13:24:40.811Z [Modules] Host is up to date.
2024-05-15T13:24:40.812Z [Modules] Checking for module updates at https://discord.com/api/modules/stable/versions.json
2024-05-15T13:24:40.847Z [Modules] No module updates available.
2024-05-15T14:24:40.812Z [Modules] Host is up to date.
2024-05-15T14:24:40.812Z [Modules] Checking for module updates at https://discord.com/api/modules/stable/versions.json
2024-05-15T14:24:40.865Z [Modules] No module updates available.
2024-05-15T16:18:34.671Z [Modules] Host is up to date.
2024-05-15T16:18:34.671Z [Modules] Checking for module updates at https://discord.com/api/modules/stable/versions.json
2024-05-15T16:18:34.737Z [Modules] No module updates available.
2024-05-15T18:37:47.883Z [Modules] Host is up to date.
2024-05-15T18:37:47.884Z [Modules] Checking for module updates at https://discord.com/api/modules/stable/versions.json
2024-05-15T18:37:47.991Z [Modules] No module updates available.
2024-05-16T15:16:41.897Z [Modules] Host is up to date.
2024-05-16T15:16:41.897Z [Modules] Checking for module updates at https://discord.com/api/modules/stable/versions.json
2024-05-16T15:16:41.966Z [Modules] No module updates available.
2024-05-16T16:16:41.314Z [Modules] Host is up to date.
2024-05-16T16:16:41.314Z [Modules] Checking for module updates at https://discord.com/api/modules/stable/versions.json
2024-05-16T16:16:41.383Z [Modules] No module updates available.
2024-05-17T01:57:53.663Z [Modules] Modules initializing
2024-05-17T01:57:53.664Z [Modules] Distribution: remote
2024-05-17T01:57:53.664Z [Modules] Host updates: disabled
2024-05-17T01:57:53.664Z [Modules] Module updates: enabled
2024-05-17T01:57:53.665Z [Modules] Module install path: /home/dylan/.config/discord/0.0.53/modules
2024-05-17T01:57:53.665Z [Modules] Module installed file path: /home/dylan/.config/discord/0.0.53/modules/installed.json
2024-05-17T01:57:53.665Z [Modules] Module download path: /home/dylan/.config/discord/0.0.53/modules/pending
2024-05-17T01:57:54.203Z [Modules] No updates to install
2024-05-17T01:57:54.205Z [Modules] Host is up to date.
2024-05-17T01:57:54.206Z [Modules] Checking for module updates at https://discord.com/api/modules/stable/versions.json
2024-05-17T01:57:54.564Z [Modules] No module updates available.
2024-05-17T01:58:26.740Z [Modules] Host is up to date.
2024-05-17T01:58:26.740Z [Modules] Checking for module updates at https://discord.com/api/modules/stable/versions.json
2024-05-17T01:58:26.750Z [Modules] No module updates available.
2024-05-17T02:00:12.568Z [Modules] Modules initializing
2024-05-17T02:00:12.568Z [Modules] Distribution: remote
2024-05-17T02:00:12.569Z [Modules] Host updates: disabled
2024-05-17T02:00:12.569Z [Modules] Module updates: enabled
2024-05-17T02:00:12.570Z [Modules] Module install path: /home/dylan/.config/discord/0.0.53/modules
2024-05-17T02:00:12.570Z [Modules] Module installed file path: /home/dylan/.config/discord/0.0.53/modules/installed.json
2024-05-17T02:00:12.570Z [Modules] Module download path: /home/dylan/.config/discord/0.0.53/modules/pending
2024-05-17T02:00:13.210Z [Modules] No updates to install
2024-05-17T02:00:13.211Z [Modules] Host is up to date.
2024-05-17T02:00:13.211Z [Modules] Checking for module updates at https://discord.com/api/modules/stable/versions.json
2024-05-17T02:00:13.596Z [Modules] No module updates available.
2024-05-17T02:00:18.468Z [Modules] Host is up to date.
2024-05-17T02:00:18.469Z [Modules] Checking for module updates at https://discord.com/api/modules/stable/versions.json
2024-05-17T02:00:18.478Z [Modules] No module updates available.
2024-05-17T02:03:40.131Z [Modules] Modules initializing
2024-05-17T02:03:40.132Z [Modules] Distribution: remote
2024-05-17T02:03:40.132Z [Modules] Host updates: disabled
2024-05-17T02:03:40.132Z [Modules] Module updates: enabled
2024-05-17T02:03:40.133Z [Modules] Module install path: /home/dylan/.config/discord/0.0.54/modules
2024-05-17T02:03:40.133Z [Modules] Module installed file path: /home/dylan/.config/discord/0.0.54/modules/installed.json
2024-05-17T02:03:40.134Z [Modules] Module download path: /home/dylan/.config/discord/0.0.54/modules/pending
2024-05-17T02:03:40.604Z [Modules] Bootstrapping...
2024-05-17T02:03:40.605Z [Modules] Installing discord_desktop_core@0 from /opt/discord/resources/bootstrap/discord_desktop_core.zip
2024-05-17T02:03:40.607Z [Modules] Failed installing discord_desktop_core@0: Error: ENOENT: no such file or directory, open '/opt/discord/resources/bootstrap/discord_desktop_core.zip'
2024-05-17T02:03:40.608Z [Modules] Installing discord_erlpack@0 from /opt/discord/resources/bootstrap/discord_erlpack.zip
2024-05-17T02:03:40.610Z [Modules] Failed installing discord_erlpack@0: Error: ENOENT: no such file or directory, open '/opt/discord/resources/bootstrap/discord_erlpack.zip'
2024-05-17T02:03:40.610Z [Modules] Installing discord_spellcheck@0 from /opt/discord/resources/bootstrap/discord_spellcheck.zip
2024-05-17T02:03:40.612Z [Modules] Failed installing discord_spellcheck@0: Error: ENOENT: no such file or directory, open '/opt/discord/resources/bootstrap/discord_spellcheck.zip'
2024-05-17T02:03:40.621Z [Modules] Installing discord_utils@0 from /opt/discord/resources/bootstrap/discord_utils.zip
2024-05-17T02:03:40.623Z [Modules] Failed installing discord_utils@0: Error: ENOENT: no such file or directory, open '/opt/discord/resources/bootstrap/discord_utils.zip'
2024-05-17T02:03:40.624Z [Modules] Installing discord_voice@0 from /opt/discord/resources/bootstrap/discord_voice.zip
2024-05-17T02:03:40.626Z [Modules] Failed installing discord_voice@0: Error: ENOENT: no such file or directory, open '/opt/discord/resources/bootstrap/discord_voice.zip'
2024-05-17T02:03:40.627Z [Modules] Installing discord_zstd@0 from /opt/discord/resources/bootstrap/discord_zstd.zip
2024-05-17T02:03:40.629Z [Modules] Failed installing discord_zstd@0: Error: ENOENT: no such file or directory, open '/opt/discord/resources/bootstrap/discord_zstd.zip'
2024-05-17T02:03:40.629Z [Modules] Finished module installations. [success: 0] [failure: 6]
2024-05-17T02:03:40.630Z [Modules] Host is up to date.
2024-05-17T02:03:40.630Z [Modules] Checking for module updates at https://discord.com/api/modules/stable/versions.json
2024-05-17T02:03:41.064Z [Modules] Module update available: discord_desktop_core@1 [installed: 0]
2024-05-17T02:03:41.064Z [Modules] Module update available: discord_erlpack@1 [installed: 0]
2024-05-17T02:03:41.064Z [Modules] Module update available: discord_spellcheck@1 [installed: 0]
2024-05-17T02:03:41.065Z [Modules] Module update available: discord_utils@1 [installed: 0]
2024-05-17T02:03:41.065Z [Modules] Module update available: discord_voice@1 [installed: 0]
2024-05-17T02:03:41.065Z [Modules] Module update available: discord_zstd@1 [installed: 0]
2024-05-17T02:03:41.066Z [Modules] Fetching discord_desktop_core@1 from https://discord.com/api/modules/stable/discord_desktop_core/1
2024-05-17T02:03:41.066Z [Modules] Streaming discord_desktop_core@1 to /home/dylan/.config/discord/0.0.54/modules/pending/discord_desktop_core-1.zip
2024-05-17T02:03:41.953Z [Modules] Streaming discord_desktop_core@1 to /home/dylan/.config/discord/0.0.54/modules/pending/discord_desktop_core-1.zip: 1%
2024-05-17T02:03:42.062Z [Modules] Streaming discord_desktop_core@1 to /home/dylan/.config/discord/0.0.54/modules/pending/discord_desktop_core-1.zip: 2%
2024-05-17T02:03:42.355Z [Modules] Streaming discord_desktop_core@1 to /home/dylan/.config/discord/0.0.54/modules/pending/discord_desktop_core-1.zip: 3%
2024-05-17T02:03:42.464Z [Modules] Streaming discord_desktop_core@1 to /home/dylan/.config/discord/0.0.54/modules/pending/discord_desktop_core-1.zip: 4%
2024-05-17T02:03:42.604Z [Modules] Streaming discord_desktop_core@1 to /home/dylan/.config/discord/0.0.54/modules/pending/discord_desktop_core-1.zip: 5%
2024-05-17T02:03:42.766Z [Modules] Streaming discord_desktop_core@1 to /home/dylan/.config/discord/0.0.54/modules/pending/discord_desktop_core-1.zip: 6%
2024-05-17T02:03:42.802Z [Modules] Streaming discord_desktop_core@1 to /home/dylan/.config/discord/0.0.54/modules/pending/discord_desktop_core-1.zip: 7%
2024-05-17T02:03:42.989Z [Modules] Streaming discord_desktop_core@1 to /home/dylan/.config/discord/0.0.54/modules/pending/discord_desktop_core-1.zip: 8%
2024-05-17T02:03:43.362Z [Modules] Streaming discord_desktop_core@1 to /home/dylan/.config/discord/0.0.54/modules/pending/discord_desktop_core-1.zip: 11%
2024-05-17T02:03:43.688Z [Modules] Streaming discord_desktop_core@1 to /home/dylan/.config/discord/0.0.54/modules/pending/discord_desktop_core-1.zip: 13%
2024-05-17T02:03:43.806Z [Modules] Streaming discord_desktop_core@1 to /home/dylan/.config/discord/0.0.54/modules/pending/discord_desktop_core-1.zip: 14%
2024-05-17T02:03:43.915Z [Modules] Streaming discord_desktop_core@1 to /home/dylan/.config/discord/0.0.54/modules/pending/discord_desktop_core-1.zip: 15%
2024-05-17T02:03:44.287Z [Modules] Streaming discord_desktop_core@1 to /home/dylan/.config/discord/0.0.54/modules/pending/discord_desktop_core-1.zip: 16%
2024-05-17T02:03:44.342Z [Modules] Streaming discord_desktop_core@1 to /home/dylan/.config/discord/0.0.54/modules/pending/discord_desktop_core-1.zip: 17%
2024-05-17T02:03:44.347Z [Modules] Streaming discord_desktop_core@1 to /home/dylan/.config/discord/0.0.54/modules/pending/discord_desktop_core-1.zip: 19%
2024-05-17T02:03:44.661Z [Modules] Streaming discord_desktop_core@1 to /home/dylan/.config/discord/0.0.54/modules/pending/discord_desktop_core-1.zip: 22%
2024-05-17T02:03:44.904Z [Modules] Streaming discord_desktop_core@1 to /home/dylan/.config/discord/0.0.54/modules/pending/discord_desktop_core-1.zip: 24%
2024-05-17T02:03:45.034Z [Modules] Streaming discord_desktop_core@1 to /home/dylan/.config/discord/0.0.54/modules/pending/discord_desktop_core-1.zip: 25%
2024-05-17T02:03:45.166Z [Modules] Streaming discord_desktop_core@1 to /home/dylan/.config/discord/0.0.54/modules/pending/discord_desktop_core-1.zip: 27%
2024-05-17T02:03:45.332Z [Modules] Streaming discord_desktop_core@1 to /home/dylan/.config/discord/0.0.54/modules/pending/discord_desktop_core-1.zip: 28%
2024-05-17T02:03:45.419Z [Modules] Streaming discord_desktop_core@1 to /home/dylan/.config/discord/0.0.54/modules/pending/discord_desktop_core-1.zip: 29%
2024-05-17T02:03:45.515Z [Modules] Streaming discord_desktop_core@1 to /home/dylan/.config/discord/0.0.54/modules/pending/discord_desktop_core-1.zip: 30%
2024-05-17T02:03:45.552Z [Modules] Streaming discord_desktop_core@1 to /home/dylan/.config/discord/0.0.54/modules/pending/discord_desktop_core-1.zip: 31%
2024-05-17T02:03:45.745Z [Modules] Streaming discord_desktop_core@1 to /home/dylan/.config/discord/0.0.54/modules/pending/discord_desktop_core-1.zip: 32%
2024-05-17T02:03:45.780Z [Modules] Streaming discord_desktop_core@1 to /home/dylan/.config/discord/0.0.54/modules/pending/discord_desktop_core-1.zip: 33%
2024-05-17T02:03:45.875Z [Modules] Streaming discord_desktop_core@1 to /home/dylan/.config/discord/0.0.54/modules/pending/discord_desktop_core-1.zip: 34%
2024-05-17T02:03:46.029Z [Modules] Streaming discord_desktop_core@1 to /home/dylan/.config/discord/0.0.54/modules/pending/discord_desktop_core-1.zip: 36%
2024-05-17T02:03:46.160Z [Modules] Streaming discord_desktop_core@1 to /home/dylan/.config/discord/0.0.54/modules/pending/discord_desktop_core-1.zip: 37%
2024-05-17T02:03:46.288Z [Modules] Streaming discord_desktop_core@1 to /home/dylan/.config/discord/0.0.54/modules/pending/discord_desktop_core-1.zip: 38%
2024-05-17T02:03:46.324Z [Modules] Streaming discord_desktop_core@1 to /home/dylan/.config/discord/0.0.54/modules/pending/discord_desktop_core-1.zip: 39%
2024-05-17T02:03:46.505Z [Modules] Streaming discord_desktop_core@1 to /home/dylan/.config/discord/0.0.54/modules/pending/discord_desktop_core-1.zip: 40%
2024-05-17T02:03:46.682Z [Modules] Streaming discord_desktop_core@1 to /home/dylan/.config/discord/0.0.54/modules/pending/discord_desktop_core-1.zip: 42%
2024-05-17T02:03:46.723Z [Modules] Streaming discord_desktop_core@1 to /home/dylan/.config/discord/0.0.54/modules/pending/discord_desktop_core-1.zip: 43%
2024-05-17T02:03:46.846Z [Modules] Streaming discord_desktop_core@1 to /home/dylan/.config/discord/0.0.54/modules/pending/discord_desktop_core-1.zip: 45%
2024-05-17T02:03:47.027Z [Modules] Streaming discord_desktop_core@1 to /home/dylan/.config/discord/0.0.54/modules/pending/discord_desktop_core-1.zip: 46%
2024-05-17T02:03:47.076Z [Modules] Streaming discord_desktop_core@1 to /home/dylan/.config/discord/0.0.54/modules/pending/discord_desktop_core-1.zip: 48%
2024-05-17T02:03:47.161Z [Modules] Streaming discord_desktop_core@1 to /home/dylan/.config/discord/0.0.54/modules/pending/discord_desktop_core-1.zip: 49%
2024-05-17T02:03:47.330Z [Modules] Streaming discord_desktop_core@1 to /home/dylan/.config/discord/0.0.54/modules/pending/discord_desktop_core-1.zip: 50%
2024-05-17T02:03:47.387Z [Modules] Streaming discord_desktop_core@1 to /home/dylan/.config/discord/0.0.54/modules/pending/discord_desktop_core-1.zip: 51%
2024-05-17T02:03:47.530Z [Modules] Streaming discord_desktop_core@1 to /home/dylan/.config/discord/0.0.54/modules/pending/discord_desktop_core-1.zip: 52%
2024-05-17T02:03:47.559Z [Modules] Streaming discord_desktop_core@1 to /home/dylan/.config/discord/0.0.54/modules/pending/discord_desktop_core-1.zip: 53%
2024-05-17T02:03:47.648Z [Modules] Streaming discord_desktop_core@1 to /home/dylan/.config/discord/0.0.54/modules/pending/discord_desktop_core-1.zip: 54%
2024-05-17T02:03:47.729Z [Modules] Streaming discord_desktop_core@1 to /home/dylan/.config/discord/0.0.54/modules/pending/discord_desktop_core-1.zip: 56%
2024-05-17T02:03:47.906Z [Modules] Streaming discord_desktop_core@1 to /home/dylan/.config/discord/0.0.54/modules/pending/discord_desktop_core-1.zip: 57%
2024-05-17T02:03:48.081Z [Modules] Streaming discord_desktop_core@1 to /home/dylan/.config/discord/0.0.54/modules/pending/discord_desktop_core-1.zip: 59%
2024-05-17T02:03:48.185Z [Modules] Streaming discord_desktop_core@1 to /home/dylan/.config/discord/0.0.54/modules/pending/discord_desktop_core-1.zip: 60%
2024-05-17T02:03:48.251Z [Modules] Streaming discord_desktop_core@1 to /home/dylan/.config/discord/0.0.54/modules/pending/discord_desktop_core-1.zip: 62%
2024-05-17T02:03:48.400Z [Modules] Streaming discord_desktop_core@1 to /home/dylan/.config/discord/0.0.54/modules/pending/discord_desktop_core-1.zip: 63%
2024-05-17T02:03:48.420Z [Modules] Streaming discord_desktop_core@1 to /home/dylan/.config/discord/0.0.54/modules/pending/discord_desktop_core-1.zip: 64%
2024-05-17T02:03:48.629Z [Modules] Streaming discord_desktop_core@1 to /home/dylan/.config/discord/0.0.54/modules/pending/discord_desktop_core-1.zip: 65%
2024-05-17T02:03:48.650Z [Modules] Streaming discord_desktop_core@1 to /home/dylan/.config/discord/0.0.54/modules/pending/discord_desktop_core-1.zip: 66%
2024-05-17T02:03:48.662Z [Modules] Streaming discord_desktop_core@1 to /home/dylan/.config/discord/0.0.54/modules/pending/discord_desktop_core-1.zip: 67%
2024-05-17T02:03:48.718Z [Modules] Streaming discord_desktop_core@1 to /home/dylan/.config/discord/0.0.54/modules/pending/discord_desktop_core-1.zip: 68%
2024-05-17T02:03:48.855Z [Modules] Streaming discord_desktop_core@1 to /home/dylan/.config/discord/0.0.54/modules/pending/discord_desktop_core-1.zip: 69%
2024-05-17T02:03:48.912Z [Modules] Streaming discord_desktop_core@1 to /home/dylan/.config/discord/0.0.54/modules/pending/discord_desktop_core-1.zip: 70%
2024-05-17T02:03:49.055Z [Modules] Streaming discord_desktop_core@1 to /home/dylan/.config/discord/0.0.54/modules/pending/discord_desktop_core-1.zip: 72%
2024-05-17T02:03:49.128Z [Modules] Streaming discord_desktop_core@1 to /home/dylan/.config/discord/0.0.54/modules/pending/discord_desktop_core-1.zip: 73%
2024-05-17T02:03:49.183Z [Modules] Streaming discord_desktop_core@1 to /home/dylan/.config/discord/0.0.54/modules/pending/discord_desktop_core-1.zip: 74%
2024-05-17T02:03:49.385Z [Modules] Streaming discord_desktop_core@1 to /home/dylan/.config/discord/0.0.54/modules/pending/discord_desktop_core-1.zip: 77%
2024-05-17T02:03:49.467Z [Modules] Streaming discord_desktop_core@1 to /home/dylan/.config/discord/0.0.54/modules/pending/discord_desktop_core-1.zip: 78%
2024-05-17T02:03:49.495Z [Modules] Streaming discord_desktop_core@1 to /home/dylan/.config/discord/0.0.54/modules/pending/discord_desktop_core-1.zip: 79%
2024-05-17T02:03:49.584Z [Modules] Streaming discord_desktop_core@1 to /home/dylan/.config/discord/0.0.54/modules/pending/discord_desktop_core-1.zip: 80%
2024-05-17T02:03:49.898Z [Modules] Streaming discord_desktop_core@1 to /home/dylan/.config/discord/0.0.54/modules/pending/discord_desktop_core-1.zip: 83%
2024-05-17T02:03:49.961Z [Modules] Streaming discord_desktop_core@1 to /home/dylan/.config/discord/0.0.54/modules/pending/discord_desktop_core-1.zip: 84%
2024-05-17T02:03:49.992Z [Modules] Streaming discord_desktop_core@1 to /home/dylan/.config/discord/0.0.54/modules/pending/discord_desktop_core-1.zip: 85%
2024-05-17T02:03:49.995Z [Modules] Streaming discord_desktop_core@1 to /home/dylan/.config/discord/0.0.54/modules/pending/discord_desktop_core-1.zip: 86%
2024-05-17T02:03:50.135Z [Modules] Streaming discord_desktop_core@1 to /home/dylan/.config/discord/0.0.54/modules/pending/discord_desktop_core-1.zip: 88%
2024-05-17T02:03:50.231Z [Modules] Streaming discord_desktop_core@1 to /home/dylan/.config/discord/0.0.54/modules/pending/discord_desktop_core-1.zip: 90%
2024-05-17T02:03:50.390Z [Modules] Streaming discord_desktop_core@1 to /home/dylan/.config/discord/0.0.54/modules/pending/discord_desktop_core-1.zip: 91%
2024-05-17T02:03:50.442Z [Modules] Streaming discord_desktop_core@1 to /home/dylan/.config/discord/0.0.54/modules/pending/discord_desktop_core-1.zip: 93%
2024-05-17T02:03:50.467Z [Modules] Streaming discord_desktop_core@1 to /home/dylan/.config/discord/0.0.54/modules/pending/discord_desktop_core-1.zip: 94%
2024-05-17T02:03:50.639Z [Modules] Streaming discord_desktop_core@1 to /home/dylan/.config/discord/0.0.54/modules/pending/discord_desktop_core-1.zip: 97%
2024-05-17T02:03:50.732Z [Modules] Streaming discord_desktop_core@1 to /home/dylan/.config/discord/0.0.54/modules/pending/discord_desktop_core-1.zip: 98%
2024-05-17T02:03:50.762Z [Modules] Streaming discord_desktop_core@1 to /home/dylan/.config/discord/0.0.54/modules/pending/discord_desktop_core-1.zip: 100%
2024-05-17T02:03:50.766Z [Modules] Fetching discord_erlpack@1 from https://discord.com/api/modules/stable/discord_erlpack/1
2024-05-17T02:03:50.767Z [Modules] Streaming discord_erlpack@1 to /home/dylan/.config/discord/0.0.54/modules/pending/discord_erlpack-1.zip
2024-05-17T02:03:51.294Z [Modules] Streaming discord_erlpack@1 to /home/dylan/.config/discord/0.0.54/modules/pending/discord_erlpack-1.zip: 2%
2024-05-17T02:03:51.299Z [Modules] Streaming discord_erlpack@1 to /home/dylan/.config/discord/0.0.54/modules/pending/discord_erlpack-1.zip: 3%
2024-05-17T02:03:51.340Z [Modules] Streaming discord_erlpack@1 to /home/dylan/.config/discord/0.0.54/modules/pending/discord_erlpack-1.zip: 4%
2024-05-17T02:03:51.395Z [Modules] Streaming discord_erlpack@1 to /home/dylan/.config/discord/0.0.54/modules/pending/discord_erlpack-1.zip: 5%
2024-05-17T02:03:51.455Z [Modules] Streaming discord_erlpack@1 to /home/dylan/.config/discord/0.0.54/modules/pending/discord_erlpack-1.zip: 7%
2024-05-17T02:03:51.547Z [Modules] Streaming discord_erlpack@1 to /home/dylan/.config/discord/0.0.54/modules/pending/discord_erlpack-1.zip: 8%
2024-05-17T02:03:51.617Z [Modules] Streaming discord_erlpack@1 to /home/dylan/.config/discord/0.0.54/modules/pending/discord_erlpack-1.zip: 9%
2024-05-17T02:03:51.655Z [Modules] Streaming discord_erlpack@1 to /home/dylan/.config/discord/0.0.54/modules/pending/discord_erlpack-1.zip: 10%
2024-05-17T02:03:51.855Z [Modules] Streaming discord_erlpack@1 to /home/dylan/.config/discord/0.0.54/modules/pending/discord_erlpack-1.zip: 13%
2024-05-17T02:03:51.867Z [Modules] Streaming discord_erlpack@1 to /home/dylan/.config/discord/0.0.54/modules/pending/discord_erlpack-1.zip: 14%
2024-05-17T02:03:52.045Z [Modules] Streaming discord_erlpack@1 to /home/dylan/.config/discord/0.0.54/modules/pending/discord_erlpack-1.zip: 16%
2024-05-17T02:03:52.076Z [Modules] Streaming discord_erlpack@1 to /home/dylan/.config/discord/0.0.54/modules/pending/discord_erlpack-1.zip: 17%
2024-05-17T02:03:52.119Z [Modules] Streaming discord_erlpack@1 to /home/dylan/.config/discord/0.0.54/modules/pending/discord_erlpack-1.zip: 18%
2024-05-17T02:03:52.137Z [Modules] Streaming discord_erlpack@1 to /home/dylan/.config/discord/0.0.54/modules/pending/discord_erlpack-1.zip: 19%
2024-05-17T02:03:52.204Z [Modules] Streaming discord_erlpack@1 to /home/dylan/.config/discord/0.0.54/modules/pending/discord_erlpack-1.zip: 21%
2024-05-17T02:03:52.263Z [Modules] Streaming discord_erlpack@1 to /home/dylan/.config/discord/0.0.54/modules/pending/discord_erlpack-1.zip: 22%
2024-05-17T02:03:52.415Z [Modules] Streaming discord_erlpack@1 to /home/dylan/.config/discord/0.0.54/modules/pending/discord_erlpack-1.zip: 23%
2024-05-17T02:03:52.554Z [Modules] Streaming discord_erlpack@1 to /home/dylan/.config/discord/0.0.54/modules/pending/discord_erlpack-1.zip: 24%
2024-05-17T02:03:52.582Z [Modules] Streaming discord_erlpack@1 to /home/dylan/.config/discord/0.0.54/modules/pending/discord_erlpack-1.zip: 26%
2024-05-17T02:03:52.606Z [Modules] Streaming discord_erlpack@1 to /home/dylan/.config/discord/0.0.54/modules/pending/discord_erlpack-1.zip: 27%
2024-05-17T02:03:52.692Z [Modules] Streaming discord_erlpack@1 to /home/dylan/.config/discord/0.0.54/modules/pending/discord_erlpack-1.zip: 29%
2024-05-17T02:03:52.752Z [Modules] Streaming discord_erlpack@1 to /home/dylan/.config/discord/0.0.54/modules/pending/discord_erlpack-1.zip: 31%
2024-05-17T02:03:52.885Z [Modules] Streaming discord_erlpack@1 to /home/dylan/.config/discord/0.0.54/modules/pending/discord_erlpack-1.zip: 33%
2024-05-17T02:03:52.922Z [Modules] Streaming discord_erlpack@1 to /home/dylan/.config/discord/0.0.54/modules/pending/discord_erlpack-1.zip: 34%
2024-05-17T02:03:53.015Z [Modules] Streaming discord_erlpack@1 to /home/dylan/.config/discord/0.0.54/modules/pending/discord_erlpack-1.zip: 35%
2024-05-17T02:03:53.048Z [Modules] Streaming discord_erlpack@1 to /home/dylan/.config/discord/0.0.54/modules/pending/discord_erlpack-1.zip: 36%
2024-05-17T02:03:53.076Z [Modules] Streaming discord_erlpack@1 to /home/dylan/.config/discord/0.0.54/modules/pending/discord_erlpack-1.zip: 37%
2024-05-17T02:03:53.171Z [Modules] Streaming discord_erlpack@1 to /home/dylan/.config/discord/0.0.54/modules/pending/discord_erlpack-1.zip: 38%
2024-05-17T02:03:53.201Z [Modules] Streaming discord_erlpack@1 to /home/dylan/.config/discord/0.0.54/modules/pending/discord_erlpack-1.zip: 40%
2024-05-17T02:03:53.288Z [Modules] Streaming discord_erlpack@1 to /home/dylan/.config/discord/0.0.54/modules/pending/discord_erlpack-1.zip: 41%
2024-05-17T02:03:53.334Z [Modules] Streaming discord_erlpack@1 to /home/dylan/.config/discord/0.0.54/modules/pending/discord_erlpack-1.zip: 42%
2024-05-17T02:03:53.511Z [Modules] Streaming discord_erlpack@1 to /home/dylan/.config/discord/0.0.54/modules/pending/discord_erlpack-1.zip: 46%
2024-05-17T02:03:53.543Z [Modules] Streaming discord_erlpack@1 to /home/dylan/.config/discord/0.0.54/modules/pending/discord_erlpack-1.zip: 47%
2024-05-17T02:03:53.600Z [Modules] Streaming discord_erlpack@1 to /home/dylan/.config/discord/0.0.54/modules/pending/discord_erlpack-1.zip: 48%
2024-05-17T02:03:53.658Z [Modules] Streaming discord_erlpack@1 to /home/dylan/.config/discord/0.0.54/modules/pending/discord_erlpack-1.zip: 49%
2024-05-17T02:03:53.714Z [Modules] Streaming discord_erlpack@1 to /home/dylan/.config/discord/0.0.54/modules/pending/discord_erlpack-1.zip: 50%
2024-05-17T02:03:53.728Z [Modules] Streaming discord_erlpack@1 to /home/dylan/.config/discord/0.0.54/modules/pending/discord_erlpack-1.zip: 51%
2024-05-17T02:03:53.802Z [Modules] Streaming discord_erlpack@1 to /home/dylan/.config/discord/0.0.54/modules/pending/discord_erlpack-1.zip: 52%
2024-05-17T02:03:53.827Z [Modules] Streaming discord_erlpack@1 to /home/dylan/.config/discord/0.0.54/modules/pending/discord_erlpack-1.zip: 53%
2024-05-17T02:03:53.921Z [Modules] Streaming discord_erlpack@1 to /home/dylan/.config/discord/0.0.54/modules/pending/discord_erlpack-1.zip: 54%
2024-05-17T02:03:53.935Z [Modules] Streaming discord_erlpack@1 to /home/dylan/.config/discord/0.0.54/modules/pending/discord_erlpack-1.zip: 56%
2024-05-17T02:03:54.036Z [Modules] Streaming discord_erlpack@1 to /home/dylan/.config/discord/0.0.54/modules/pending/discord_erlpack-1.zip: 58%
2024-05-17T02:03:54.090Z [Modules] Streaming discord_erlpack@1 to /home/dylan/.config/discord/0.0.54/modules/pending/discord_erlpack-1.zip: 59%
2024-05-17T02:03:54.240Z [Modules] Streaming discord_erlpack@1 to /home/dylan/.config/discord/0.0.54/modules/pending/discord_erlpack-1.zip: 61%
2024-05-17T02:03:54.250Z [Modules] Streaming discord_erlpack@1 to /home/dylan/.config/discord/0.0.54/modules/pending/discord_erlpack-1.zip: 62%
2024-05-17T02:03:54.297Z [Modules] Streaming discord_erlpack@1 to /home/dylan/.config/discord/0.0.54/modules/pending/discord_erlpack-1.zip: 63%
2024-05-17T02:03:54.333Z [Modules] Streaming discord_erlpack@1 to /home/dylan/.config/discord/0.0.54/modules/pending/discord_erlpack-1.zip: 64%
2024-05-17T02:03:54.392Z [Modules] Streaming discord_erlpack@1 to /home/dylan/.config/discord/0.0.54/modules/pending/discord_erlpack-1.zip: 65%
2024-05-17T02:03:54.561Z [Modules] Streaming discord_erlpack@1 to /home/dylan/.config/discord/0.0.54/modules/pending/discord_erlpack-1.zip: 67%
2024-05-17T02:03:54.619Z [Modules] Streaming discord_erlpack@1 to /home/dylan/.config/discord/0.0.54/modules/pending/discord_erlpack-1.zip: 70%
2024-05-17T02:03:54.746Z [Modules] Streaming discord_erlpack@1 to /home/dylan/.config/discord/0.0.54/modules/pending/discord_erlpack-1.zip: 73%
2024-05-17T02:03:54.748Z [Modules] Streaming discord_erlpack@1 to /home/dylan/.config/discord/0.0.54/modules/pending/discord_erlpack-1.zip: 74%
2024-05-17T02:03:54.799Z [Modules] Streaming discord_erlpack@1 to /home/dylan/.config/discord/0.0.54/modules/pending/discord_erlpack-1.zip: 75%
2024-05-17T02:03:54.897Z [Modules] Streaming discord_erlpack@1 to /home/dylan/.config/discord/0.0.54/modules/pending/discord_erlpack-1.zip: 76%
2024-05-17T02:03:55.011Z [Modules] Streaming discord_erlpack@1 to /home/dylan/.config/discord/0.0.54/modules/pending/discord_erlpack-1.zip: 80%
2024-05-17T02:03:55.102Z [Modules] Streaming discord_erlpack@1 to /home/dylan/.config/discord/0.0.54/modules/pending/discord_erlpack-1.zip: 82%
2024-05-17T02:03:55.278Z [Modules] Streaming discord_erlpack@1 to /home/dylan/.config/discord/0.0.54/modules/pending/discord_erlpack-1.zip: 86%
2024-05-17T02:03:55.314Z [Modules] Streaming discord_erlpack@1 to /home/dylan/.config/discord/0.0.54/modules/pending/discord_erlpack-1.zip: 88%
2024-05-17T02:03:55.402Z [Modules] Streaming discord_erlpack@1 to /home/dylan/.config/discord/0.0.54/modules/pending/discord_erlpack-1.zip: 89%
2024-05-17T02:03:55.405Z [Modules] Streaming discord_erlpack@1 to /home/dylan/.config/discord/0.0.54/modules/pending/discord_erlpack-1.zip: 91%
2024-05-17T02:03:55.478Z [Modules] Streaming discord_erlpack@1 to /home/dylan/.config/discord/0.0.54/modules/pending/discord_erlpack-1.zip: 92%
2024-05-17T02:03:55.548Z [Modules] Streaming discord_erlpack@1 to /home/dylan/.config/discord/0.0.54/modules/pending/discord_erlpack-1.zip: 93%
2024-05-17T02:03:55.562Z [Modules] Streaming discord_erlpack@1 to /home/dylan/.config/discord/0.0.54/modules/pending/discord_erlpack-1.zip: 95%
2024-05-17T02:03:55.719Z [Modules] Streaming discord_erlpack@1 to /home/dylan/.config/discord/0.0.54/modules/pending/discord_erlpack-1.zip: 97%
2024-05-17T02:03:55.817Z [Modules] Streaming discord_erlpack@1 to /home/dylan/.config/discord/0.0.54/modules/pending/discord_erlpack-1.zip: 98%
2024-05-17T02:03:55.914Z [Modules] Streaming discord_erlpack@1 to /home/dylan/.config/discord/0.0.54/modules/pending/discord_erlpack-1.zip: 100%
2024-05-17T02:03:55.918Z [Modules] Fetching discord_spellcheck@1 from https://discord.com/api/modules/stable/discord_spellcheck/1
2024-05-17T02:03:55.918Z [Modules] Streaming discord_spellcheck@1 to /home/dylan/.config/discord/0.0.54/modules/pending/discord_spellcheck-1.zip
2024-05-17T02:03:56.902Z [Modules] Streaming discord_spellcheck@1 to /home/dylan/.config/discord/0.0.54/modules/pending/discord_spellcheck-1.zip: 1%
2024-05-17T02:03:56.985Z [Modules] Streaming discord_spellcheck@1 to /home/dylan/.config/discord/0.0.54/modules/pending/discord_spellcheck-1.zip: 2%
2024-05-17T02:03:57.176Z [Modules] Streaming discord_spellcheck@1 to /home/dylan/.config/discord/0.0.54/modules/pending/discord_spellcheck-1.zip: 3%
2024-05-17T02:03:57.450Z [Modules] Streaming discord_spellcheck@1 to /home/dylan/.config/discord/0.0.54/modules/pending/discord_spellcheck-1.zip: 4%
2024-05-17T02:03:57.497Z [Modules] Streaming discord_spellcheck@1 to /home/dylan/.config/discord/0.0.54/modules/pending/discord_spellcheck-1.zip: 5%
2024-05-17T02:03:57.675Z [Modules] Streaming discord_spellcheck@1 to /home/dylan/.config/discord/0.0.54/modules/pending/discord_spellcheck-1.zip: 6%
2024-05-17T02:03:57.934Z [Modules] Streaming discord_spellcheck@1 to /home/dylan/.config/discord/0.0.54/modules/pending/discord_spellcheck-1.zip: 7%
2024-05-17T02:03:58.004Z [Modules] Streaming discord_spellcheck@1 to /home/dylan/.config/discord/0.0.54/modules/pending/discord_spellcheck-1.zip: 8%
2024-05-17T02:03:58.127Z [Modules] Streaming discord_spellcheck@1 to /home/dylan/.config/discord/0.0.54/modules/pending/discord_spellcheck-1.zip: 9%
2024-05-17T02:03:58.285Z [Modules] Streaming discord_spellcheck@1 to /home/dylan/.config/discord/0.0.54/modules/pending/discord_spellcheck-1.zip: 10%
2024-05-17T02:03:58.424Z [Modules] Streaming discord_spellcheck@1 to /home/dylan/.config/discord/0.0.54/modules/pending/discord_spellcheck-1.zip: 11%
2024-05-17T02:03:58.684Z [Modules] Streaming discord_spellcheck@1 to /home/dylan/.config/discord/0.0.54/modules/pending/discord_spellcheck-1.zip: 12%
2024-05-17T02:03:58.736Z [Modules] Streaming discord_spellcheck@1 to /home/dylan/.config/discord/0.0.54/modules/pending/discord_spellcheck-1.zip: 13%
2024-05-17T02:03:58.868Z [Modules] Streaming discord_spellcheck@1 to /home/dylan/.config/discord/0.0.54/modules/pending/discord_spellcheck-1.zip: 14%
2024-05-17T02:03:59.113Z [Modules] Streaming discord_spellcheck@1 to /home/dylan/.config/discord/0.0.54/modules/pending/discord_spellcheck-1.zip: 15%
2024-05-17T02:03:59.243Z [Modules] Streaming discord_spellcheck@1 to /home/dylan/.config/discord/0.0.54/modules/pending/discord_spellcheck-1.zip: 16%
2024-05-17T02:03:59.283Z [Modules] Streaming discord_spellcheck@1 to /home/dylan/.config/discord/0.0.54/modules/pending/discord_spellcheck-1.zip: 17%
2024-05-17T02:03:59.413Z [Modules] Streaming discord_spellcheck@1 to /home/dylan/.config/discord/0.0.54/modules/pending/discord_spellcheck-1.zip: 18%
2024-05-17T02:03:59.504Z [Modules] Streaming discord_spellcheck@1 to /home/dylan/.config/discord/0.0.54/modules/pending/discord_spellcheck-1.zip: 19%
2024-05-17T02:03:59.648Z [Modules] Streaming discord_spellcheck@1 to /home/dylan/.config/discord/0.0.54/modules/pending/discord_spellcheck-1.zip: 20%
2024-05-17T02:03:59.898Z [Modules] Streaming discord_spellcheck@1 to /home/dylan/.config/discord/0.0.54/modules/pending/discord_spellcheck-1.zip: 21%
2024-05-17T02:04:00.062Z [Modules] Streaming discord_spellcheck@1 to /home/dylan/.config/discord/0.0.54/modules/pending/discord_spellcheck-1.zip: 22%
2024-05-17T02:04:00.064Z [Modules] Streaming discord_spellcheck@1 to /home/dylan/.config/discord/0.0.54/modules/pending/discord_spellcheck-1.zip: 23%
2024-05-17T02:04:00.160Z [Modules] Streaming discord_spellcheck@1 to /home/dylan/.config/discord/0.0.54/modules/pending/discord_spellcheck-1.zip: 24%
2024-05-17T02:04:00.254Z [Modules] Streaming discord_spellcheck@1 to /home/dylan/.config/discord/0.0.54/modules/pending/discord_spellcheck-1.zip: 25%
2024-05-17T02:04:00.473Z [Modules] Streaming discord_spellcheck@1 to /home/dylan/.config/discord/0.0.54/modules/pending/discord_spellcheck-1.zip: 26%
2024-05-17T02:04:00.475Z [Modules] Streaming discord_spellcheck@1 to /home/dylan/.config/discord/0.0.54/modules/pending/discord_spellcheck-1.zip: 27%
2024-05-17T02:04:00.686Z [Modules] Streaming discord_spellcheck@1 to /home/dylan/.config/discord/0.0.54/modules/pending/discord_spellcheck-1.zip: 28%
2024-05-17T02:04:00.725Z [Modules] Streaming discord_spellcheck@1 to /home/dylan/.config/discord/0.0.54/modules/pending/discord_spellcheck-1.zip: 29%
2024-05-17T02:04:00.896Z [Modules] Streaming discord_spellcheck@1 to /home/dylan/.config/discord/0.0.54/modules/pending/discord_spellcheck-1.zip: 30%
2024-05-17T02:04:00.965Z [Modules] Streaming discord_spellcheck@1 to /home/dylan/.config/discord/0.0.54/modules/pending/discord_spellcheck-1.zip: 31%
2024-05-17T02:04:01.144Z [Modules] Streaming discord_spellcheck@1 to /home/dylan/.config/discord/0.0.54/modules/pending/discord_spellcheck-1.zip: 32%
2024-05-17T02:04:01.236Z [Modules] Streaming discord_spellcheck@1 to /home/dylan/.config/discord/0.0.54/modules/pending/discord_spellcheck-1.zip: 33%
2024-05-17T02:04:01.259Z [Modules] Streaming discord_spellcheck@1 to /home/dylan/.config/discord/0.0.54/modules/pending/discord_spellcheck-1.zip: 34%
2024-05-17T02:04:01.458Z [Modules] Streaming discord_spellcheck@1 to /home/dylan/.config/discord/0.0.54/modules/pending/discord_spellcheck-1.zip: 35%
2024-05-17T02:04:01.475Z [Modules] Streaming discord_spellcheck@1 to /home/dylan/.config/discord/0.0.54/modules/pending/discord_spellcheck-1.zip: 36%
2024-05-17T02:04:01.598Z [Modules] Streaming discord_spellcheck@1 to /home/dylan/.config/discord/0.0.54/modules/pending/discord_spellcheck-1.zip: 37%
2024-05-17T02:04:01.842Z [Modules] Streaming discord_spellcheck@1 to /home/dylan/.config/discord/0.0.54/modules/pending/discord_spellcheck-1.zip: 38%
2024-05-17T02:04:01.966Z [Modules] Streaming discord_spellcheck@1 to /home/dylan/.config/discord/0.0.54/modules/pending/discord_spellcheck-1.zip: 39%
2024-05-17T02:04:01.968Z [Modules] Streaming discord_spellcheck@1 to /home/dylan/.config/discord/0.0.54/modules/pending/discord_spellcheck-1.zip: 40%
2024-05-17T02:04:01.996Z [Modules] Streaming discord_spellcheck@1 to /home/dylan/.config/discord/0.0.54/modules/pending/discord_spellcheck-1.zip: 41%
2024-05-17T02:04:02.273Z [Modules] Streaming discord_spellcheck@1 to /home/dylan/.config/discord/0.0.54/modules/pending/discord_spellcheck-1.zip: 42%
2024-05-17T02:04:02.275Z [Modules] Streaming discord_spellcheck@1 to /home/dylan/.config/discord/0.0.54/modules/pending/discord_spellcheck-1.zip: 43%
2024-05-17T02:04:02.312Z [Modules] Streaming discord_spellcheck@1 to /home/dylan/.config/discord/0.0.54/modules/pending/discord_spellcheck-1.zip: 44%
2024-05-17T02:04:02.391Z [Modules] Streaming discord_spellcheck@1 to /home/dylan/.config/discord/0.0.54/modules/pending/discord_spellcheck-1.zip: 45%
2024-05-17T02:04:02.496Z [Modules] Streaming discord_spellcheck@1 to /home/dylan/.config/discord/0.0.54/modules/pending/discord_spellcheck-1.zip: 46%
2024-05-17T02:04:02.752Z [Modules] Streaming discord_spellcheck@1 to /home/dylan/.config/discord/0.0.54/modules/pending/discord_spellcheck-1.zip: 47%
2024-05-17T02:04:02.754Z [Modules] Streaming discord_spellcheck@1 to /home/dylan/.config/discord/0.0.54/modules/pending/discord_spellcheck-1.zip: 48%
2024-05-17T02:04:02.816Z [Modules] Streaming discord_spellcheck@1 to /home/dylan/.config/discord/0.0.54/modules/pending/discord_spellcheck-1.zip: 49%
2024-05-17T02:04:02.942Z [Modules] Streaming discord_spellcheck@1 to /home/dylan/.config/discord/0.0.54/modules/pending/discord_spellcheck-1.zip: 50%
2024-05-17T02:04:02.958Z [Modules] Streaming discord_spellcheck@1 to /home/dylan/.config/discord/0.0.54/modules/pending/discord_spellcheck-1.zip: 51%
2024-05-17T02:04:03.166Z [Modules] Streaming discord_spellcheck@1 to /home/dylan/.config/discord/0.0.54/modules/pending/discord_spellcheck-1.zip: 52%
2024-05-17T02:04:03.265Z [Modules] Streaming discord_spellcheck@1 to /home/dylan/.config/discord/0.0.54/modules/pending/discord_spellcheck-1.zip: 53%
2024-05-17T02:04:03.317Z [Modules] Streaming discord_spellcheck@1 to /home/dylan/.config/discord/0.0.54/modules/pending/discord_spellcheck-1.zip: 54%
2024-05-17T02:04:03.330Z [Modules] Streaming discord_spellcheck@1 to /home/dylan/.config/discord/0.0.54/modules/pending/discord_spellcheck-1.zip: 55%
2024-05-17T02:04:03.434Z [Modules] Streaming discord_spellcheck@1 to /home/dylan/.config/discord/0.0.54/modules/pending/discord_spellcheck-1.zip: 56%
2024-05-17T02:04:03.578Z [Modules] Streaming discord_spellcheck@1 to /home/dylan/.config/discord/0.0.54/modules/pending/discord_spellcheck-1.zip: 57%
2024-05-17T02:04:03.593Z [Modules] Streaming discord_spellcheck@1 to /home/dylan/.config/discord/0.0.54/modules/pending/discord_spellcheck-1.zip: 58%
2024-05-17T02:04:03.664Z [Modules] Streaming discord_spellcheck@1 to /home/dylan/.config/discord/0.0.54/modules/pending/discord_spellcheck-1.zip: 59%
2024-05-17T02:04:03.843Z [Modules] Streaming discord_spellcheck@1 to /home/dylan/.config/discord/0.0.54/modules/pending/discord_spellcheck-1.zip: 60%
2024-05-17T02:04:03.910Z [Modules] Streaming discord_spellcheck@1 to /home/dylan/.config/discord/0.0.54/modules/pending/discord_spellcheck-1.zip: 61%
2024-05-17T02:04:03.954Z [Modules] Streaming discord_spellcheck@1 to /home/dylan/.config/discord/0.0.54/modules/pending/discord_spellcheck-1.zip: 62%
2024-05-17T02:04:04.042Z [Modules] Streaming discord_spellcheck@1 to /home/dylan/.config/discord/0.0.54/modules/pending/discord_spellcheck-1.zip: 63%
2024-05-17T02:04:04.204Z [Modules] Streaming discord_spellcheck@1 to /home/dylan/.config/discord/0.0.54/modules/pending/discord_spellcheck-1.zip: 64%
2024-05-17T02:04:04.292Z [Modules] Streaming discord_spellcheck@1 to /home/dylan/.config/discord/0.0.54/modules/pending/discord_spellcheck-1.zip: 65%
2024-05-17T02:04:04.296Z [Modules] Streaming discord_spellcheck@1 to /home/dylan/.config/discord/0.0.54/modules/pending/discord_spellcheck-1.zip: 66%
2024-05-17T02:04:04.479Z [Modules] Streaming discord_spellcheck@1 to /home/dylan/.config/discord/0.0.54/modules/pending/discord_spellcheck-1.zip: 67%
2024-05-17T02:04:04.625Z [Modules] Streaming discord_spellcheck@1 to /home/dylan/.config/discord/0.0.54/modules/pending/discord_spellcheck-1.zip: 68%
2024-05-17T02:04:04.628Z [Modules] Streaming discord_spellcheck@1 to /home/dylan/.config/discord/0.0.54/modules/pending/discord_spellcheck-1.zip: 69%
2024-05-17T02:04:04.708Z [Modules] Streaming discord_spellcheck@1 to /home/dylan/.config/discord/0.0.54/modules/pending/discord_spellcheck-1.zip: 70%
2024-05-17T02:04:04.933Z [Modules] Streaming discord_spellcheck@1 to /home/dylan/.config/discord/0.0.54/modules/pending/discord_spellcheck-1.zip: 71%
2024-05-17T02:04:04.935Z [Modules] Streaming discord_spellcheck@1 to /home/dylan/.config/discord/0.0.54/modules/pending/discord_spellcheck-1.zip: 72%
2024-05-17T02:04:04.962Z [Modules] Streaming discord_spellcheck@1 to /home/dylan/.config/discord/0.0.54/modules/pending/discord_spellcheck-1.zip: 73%
2024-05-17T02:04:05.034Z [Modules] Streaming discord_spellcheck@1 to /home/dylan/.config/discord/0.0.54/modules/pending/discord_spellcheck-1.zip: 74%
2024-05-17T02:04:05.296Z [Modules] Streaming discord_spellcheck@1 to /home/dylan/.config/discord/0.0.54/modules/pending/discord_spellcheck-1.zip: 75%
2024-05-17T02:04:05.297Z [Modules] Streaming discord_spellcheck@1 to /home/dylan/.config/discord/0.0.54/modules/pending/discord_spellcheck-1.zip: 76%
2024-05-17T02:04:05.300Z [Modules] Streaming discord_spellcheck@1 to /home/dylan/.config/discord/0.0.54/modules/pending/discord_spellcheck-1.zip: 77%
2024-05-17T02:04:05.387Z [Modules] Streaming discord_spellcheck@1 to /home/dylan/.config/discord/0.0.54/modules/pending/discord_spellcheck-1.zip: 78%
2024-05-17T02:04:05.501Z [Modules] Streaming discord_spellcheck@1 to /home/dylan/.config/discord/0.0.54/modules/pending/discord_spellcheck-1.zip: 79%
2024-05-17T02:04:05.542Z [Modules] Streaming discord_spellcheck@1 to /home/dylan/.config/discord/0.0.54/modules/pending/discord_spellcheck-1.zip: 80%
2024-05-17T02:04:05.695Z [Modules] Streaming discord_spellcheck@1 to /home/dylan/.config/discord/0.0.54/modules/pending/discord_spellcheck-1.zip: 81%
2024-05-17T02:04:05.806Z [Modules] Streaming discord_spellcheck@1 to /home/dylan/.config/discord/0.0.54/modules/pending/discord_spellcheck-1.zip: 82%
2024-05-17T02:04:05.831Z [Modules] Streaming discord_spellcheck@1 to /home/dylan/.config/discord/0.0.54/modules/pending/discord_spellcheck-1.zip: 83%
2024-05-17T02:04:05.919Z [Modules] Streaming discord_spellcheck@1 to /home/dylan/.config/discord/0.0.54/modules/pending/discord_spellcheck-1.zip: 84%
2024-05-17T02:04:06.092Z [Modules] Streaming discord_spellcheck@1 to /home/dylan/.config/discord/0.0.54/modules/pending/discord_spellcheck-1.zip: 85%
2024-05-17T02:04:06.136Z [Modules] Streaming discord_spellcheck@1 to /home/dylan/.config/discord/0.0.54/modules/pending/discord_spellcheck-1.zip: 86%
2024-05-17T02:04:06.241Z [Modules] Streaming discord_spellcheck@1 to /home/dylan/.config/discord/0.0.54/modules/pending/discord_spellcheck-1.zip: 87%
2024-05-17T02:04:06.252Z [Modules] Streaming discord_spellcheck@1 to /home/dylan/.config/discord/0.0.54/modules/pending/discord_spellcheck-1.zip: 88%
2024-05-17T02:04:06.322Z [Modules] Streaming discord_spellcheck@1 to /home/dylan/.config/discord/0.0.54/modules/pending/discord_spellcheck-1.zip: 89%
2024-05-17T02:04:06.387Z [Modules] Streaming discord_spellcheck@1 to /home/dylan/.config/discord/0.0.54/modules/pending/discord_spellcheck-1.zip: 90%
2024-05-17T02:04:06.571Z [Modules] Streaming discord_spellcheck@1 to /home/dylan/.config/discord/0.0.54/modules/pending/discord_spellcheck-1.zip: 91%
2024-05-17T02:04:06.733Z [Modules] Streaming discord_spellcheck@1 to /home/dylan/.config/discord/0.0.54/modules/pending/discord_spellcheck-1.zip: 92%
2024-05-17T02:04:06.736Z [Modules] Streaming discord_spellcheck@1 to /home/dylan/.config/discord/0.0.54/modules/pending/discord_spellcheck-1.zip: 93%
2024-05-17T02:04:07.085Z [Modules] Streaming discord_spellcheck@1 to /home/dylan/.config/discord/0.0.54/modules/pending/discord_spellcheck-1.zip: 94%
2024-05-17T02:04:07.164Z [Modules] Streaming discord_spellcheck@1 to /home/dylan/.config/discord/0.0.54/modules/pending/discord_spellcheck-1.zip: 95%
2024-05-17T02:04:07.242Z [Modules] Streaming discord_spellcheck@1 to /home/dylan/.config/discord/0.0.54/modules/pending/discord_spellcheck-1.zip: 96%
2024-05-17T02:04:07.518Z [Modules] Streaming discord_spellcheck@1 to /home/dylan/.config/discord/0.0.54/modules/pending/discord_spellcheck-1.zip: 97%
2024-05-17T02:04:07.520Z [Modules] Streaming discord_spellcheck@1 to /home/dylan/.config/discord/0.0.54/modules/pending/discord_spellcheck-1.zip: 98%
2024-05-17T02:04:07.623Z [Modules] Streaming discord_spellcheck@1 to /home/dylan/.config/discord/0.0.54/modules/pending/discord_spellcheck-1.zip: 99%
2024-05-17T02:04:07.665Z [Modules] Streaming discord_spellcheck@1 to /home/dylan/.config/discord/0.0.54/modules/pending/discord_spellcheck-1.zip: 100%
2024-05-17T02:04:07.669Z [Modules] Fetching discord_utils@1 from https://discord.com/api/modules/stable/discord_utils/1
2024-05-17T02:04:07.669Z [Modules] Streaming discord_utils@1 to /home/dylan/.config/discord/0.0.54/modules/pending/discord_utils-1.zip
2024-05-17T02:04:08.068Z [Modules] Streaming discord_utils@1 to /home/dylan/.config/discord/0.0.54/modules/pending/discord_utils-1.zip: 1%
2024-05-17T02:04:08.285Z [Modules] Streaming discord_utils@1 to /home/dylan/.config/discord/0.0.54/modules/pending/discord_utils-1.zip: 3%
2024-05-17T02:04:08.287Z [Modules] Streaming discord_utils@1 to /home/dylan/.config/discord/0.0.54/modules/pending/discord_utils-1.zip: 6%
2024-05-17T02:04:08.290Z [Modules] Streaming discord_utils@1 to /home/dylan/.config/discord/0.0.54/modules/pending/discord_utils-1.zip: 8%
2024-05-17T02:04:08.378Z [Modules] Streaming discord_utils@1 to /home/dylan/.config/discord/0.0.54/modules/pending/discord_utils-1.zip: 10%
2024-05-17T02:04:08.379Z [Modules] Streaming discord_utils@1 to /home/dylan/.config/discord/0.0.54/modules/pending/discord_utils-1.zip: 12%
2024-05-17T02:04:08.385Z [Modules] Streaming discord_utils@1 to /home/dylan/.config/discord/0.0.54/modules/pending/discord_utils-1.zip: 13%
2024-05-17T02:04:08.420Z [Modules] Streaming discord_utils@1 to /home/dylan/.config/discord/0.0.54/modules/pending/discord_utils-1.zip: 16%
2024-05-17T02:04:08.492Z [Modules] Streaming discord_utils@1 to /home/dylan/.config/discord/0.0.54/modules/pending/discord_utils-1.zip: 17%
2024-05-17T02:04:08.506Z [Modules] Streaming discord_utils@1 to /home/dylan/.config/discord/0.0.54/modules/pending/discord_utils-1.zip: 18%
2024-05-17T02:04:08.522Z [Modules] Streaming discord_utils@1 to /home/dylan/.config/discord/0.0.54/modules/pending/discord_utils-1.zip: 19%
2024-05-17T02:04:08.558Z [Modules] Streaming discord_utils@1 to /home/dylan/.config/discord/0.0.54/modules/pending/discord_utils-1.zip: 21%
2024-05-17T02:04:08.722Z [Modules] Streaming discord_utils@1 to /home/dylan/.config/discord/0.0.54/modules/pending/discord_utils-1.zip: 22%
2024-05-17T02:04:08.823Z [Modules] Streaming discord_utils@1 to /home/dylan/.config/discord/0.0.54/modules/pending/discord_utils-1.zip: 24%
2024-05-17T02:04:08.825Z [Modules] Streaming discord_utils@1 to /home/dylan/.config/discord/0.0.54/modules/pending/discord_utils-1.zip: 26%
2024-05-17T02:04:08.827Z [Modules] Streaming discord_utils@1 to /home/dylan/.config/discord/0.0.54/modules/pending/discord_utils-1.zip: 29%
2024-05-17T02:04:08.890Z [Modules] Streaming discord_utils@1 to /home/dylan/.config/discord/0.0.54/modules/pending/discord_utils-1.zip: 31%
2024-05-17T02:04:08.962Z [Modules] Streaming discord_utils@1 to /home/dylan/.config/discord/0.0.54/modules/pending/discord_utils-1.zip: 33%
2024-05-17T02:04:08.963Z [Modules] Streaming discord_utils@1 to /home/dylan/.config/discord/0.0.54/modules/pending/discord_utils-1.zip: 34%
2024-05-17T02:04:09.226Z [Modules] Streaming discord_utils@1 to /home/dylan/.config/discord/0.0.54/modules/pending/discord_utils-1.zip: 36%
2024-05-17T02:04:09.228Z [Modules] Streaming discord_utils@1 to /home/dylan/.config/discord/0.0.54/modules/pending/discord_utils-1.zip: 38%
2024-05-17T02:04:09.231Z [Modules] Streaming discord_utils@1 to /home/dylan/.config/discord/0.0.54/modules/pending/discord_utils-1.zip: 41%
2024-05-17T02:04:09.302Z [Modules] Streaming discord_utils@1 to /home/dylan/.config/discord/0.0.54/modules/pending/discord_utils-1.zip: 42%
2024-05-17T02:04:09.329Z [Modules] Streaming discord_utils@1 to /home/dylan/.config/discord/0.0.54/modules/pending/discord_utils-1.zip: 44%
2024-05-17T02:04:09.330Z [Modules] Streaming discord_utils@1 to /home/dylan/.config/discord/0.0.54/modules/pending/discord_utils-1.zip: 47%
2024-05-17T02:04:09.335Z [Modules] Streaming discord_utils@1 to /home/dylan/.config/discord/0.0.54/modules/pending/discord_utils-1.zip: 49%
2024-05-17T02:04:09.337Z [Modules] Streaming discord_utils@1 to /home/dylan/.config/discord/0.0.54/modules/pending/discord_utils-1.zip: 51%
2024-05-17T02:04:09.343Z [Modules] Streaming discord_utils@1 to /home/dylan/.config/discord/0.0.54/modules/pending/discord_utils-1.zip: 52%
2024-05-17T02:04:09.566Z [Modules] Streaming discord_utils@1 to /home/dylan/.config/discord/0.0.54/modules/pending/discord_utils-1.zip: 55%
2024-05-17T02:04:09.567Z [Modules] Streaming discord_utils@1 to /home/dylan/.config/discord/0.0.54/modules/pending/discord_utils-1.zip: 57%
2024-05-17T02:04:09.573Z [Modules] Streaming discord_utils@1 to /home/dylan/.config/discord/0.0.54/modules/pending/discord_utils-1.zip: 59%
2024-05-17T02:04:09.575Z [Modules] Streaming discord_utils@1 to /home/dylan/.config/discord/0.0.54/modules/pending/discord_utils-1.zip: 61%
2024-05-17T02:04:09.664Z [Modules] Streaming discord_utils@1 to /home/dylan/.config/discord/0.0.54/modules/pending/discord_utils-1.zip: 62%
2024-05-17T02:04:09.705Z [Modules] Streaming discord_utils@1 to /home/dylan/.config/discord/0.0.54/modules/pending/discord_utils-1.zip: 64%
2024-05-17T02:04:09.707Z [Modules] Streaming discord_utils@1 to /home/dylan/.config/discord/0.0.54/modules/pending/discord_utils-1.zip: 66%
2024-05-17T02:04:09.709Z [Modules] Streaming discord_utils@1 to /home/dylan/.config/discord/0.0.54/modules/pending/discord_utils-1.zip: 68%
2024-05-17T02:04:09.832Z [Modules] Streaming discord_utils@1 to /home/dylan/.config/discord/0.0.54/modules/pending/discord_utils-1.zip: 70%
2024-05-17T02:04:09.859Z [Modules] Streaming discord_utils@1 to /home/dylan/.config/discord/0.0.54/modules/pending/discord_utils-1.zip: 71%
2024-05-17T02:04:09.900Z [Modules] Streaming discord_utils@1 to /home/dylan/.config/discord/0.0.54/modules/pending/discord_utils-1.zip: 73%
2024-05-17T02:04:09.901Z [Modules] Streaming discord_utils@1 to /home/dylan/.config/discord/0.0.54/modules/pending/discord_utils-1.zip: 74%
2024-05-17T02:04:09.969Z [Modules] Streaming discord_utils@1 to /home/dylan/.config/discord/0.0.54/modules/pending/discord_utils-1.zip: 75%
2024-05-17T02:04:10.098Z [Modules] Streaming discord_utils@1 to /home/dylan/.config/discord/0.0.54/modules/pending/discord_utils-1.zip: 77%
2024-05-17T02:04:10.100Z [Modules] Streaming discord_utils@1 to /home/dylan/.config/discord/0.0.54/modules/pending/discord_utils-1.zip: 80%
2024-05-17T02:04:10.102Z [Modules] Streaming discord_utils@1 to /home/dylan/.config/discord/0.0.54/modules/pending/discord_utils-1.zip: 83%
2024-05-17T02:04:10.167Z [Modules] Streaming discord_utils@1 to /home/dylan/.config/discord/0.0.54/modules/pending/discord_utils-1.zip: 85%
2024-05-17T02:04:10.169Z [Modules] Streaming discord_utils@1 to /home/dylan/.config/discord/0.0.54/modules/pending/discord_utils-1.zip: 88%
2024-05-17T02:04:10.183Z [Modules] Streaming discord_utils@1 to /home/dylan/.config/discord/0.0.54/modules/pending/discord_utils-1.zip: 89%
2024-05-17T02:04:10.205Z [Modules] Streaming discord_utils@1 to /home/dylan/.config/discord/0.0.54/modules/pending/discord_utils-1.zip: 90%
2024-05-17T02:04:10.229Z [Modules] Streaming discord_utils@1 to /home/dylan/.config/discord/0.0.54/modules/pending/discord_utils-1.zip: 91%
2024-05-17T02:04:10.240Z [Modules] Streaming discord_utils@1 to /home/dylan/.config/discord/0.0.54/modules/pending/discord_utils-1.zip: 92%
2024-05-17T02:04:10.271Z [Modules] Streaming discord_utils@1 to /home/dylan/.config/discord/0.0.54/modules/pending/discord_utils-1.zip: 93%
2024-05-17T02:04:10.485Z [Modules] Streaming discord_utils@1 to /home/dylan/.config/discord/0.0.54/modules/pending/discord_utils-1.zip: 95%
2024-05-17T02:04:10.488Z [Modules] Streaming discord_utils@1 to /home/dylan/.config/discord/0.0.54/modules/pending/discord_utils-1.zip: 98%
2024-05-17T02:04:10.493Z [Modules] Streaming discord_utils@1 to /home/dylan/.config/discord/0.0.54/modules/pending/discord_utils-1.zip: 99%
2024-05-17T02:04:10.501Z [Modules] Streaming discord_utils@1 to /home/dylan/.config/discord/0.0.54/modules/pending/discord_utils-1.zip: 100%
2024-05-17T02:04:10.504Z [Modules] Fetching discord_voice@1 from https://discord.com/api/modules/stable/discord_voice/1
2024-05-17T02:04:10.504Z [Modules] Streaming discord_voice@1 to /home/dylan/.config/discord/0.0.54/modules/pending/discord_voice-1.zip
2024-05-17T02:04:11.104Z [Modules] Streaming discord_voice@1 to /home/dylan/.config/discord/0.0.54/modules/pending/discord_voice-1.zip: 1%
2024-05-17T02:04:11.278Z [Modules] Streaming discord_voice@1 to /home/dylan/.config/discord/0.0.54/modules/pending/discord_voice-1.zip: 2%
2024-05-17T02:04:11.414Z [Modules] Streaming discord_voice@1 to /home/dylan/.config/discord/0.0.54/modules/pending/discord_voice-1.zip: 3%
2024-05-17T02:04:11.643Z [Modules] Streaming discord_voice@1 to /home/dylan/.config/discord/0.0.54/modules/pending/discord_voice-1.zip: 4%
2024-05-17T02:04:11.735Z [Modules] Streaming discord_voice@1 to /home/dylan/.config/discord/0.0.54/modules/pending/discord_voice-1.zip: 5%
2024-05-17T02:04:11.931Z [Modules] Streaming discord_voice@1 to /home/dylan/.config/discord/0.0.54/modules/pending/discord_voice-1.zip: 6%
2024-05-17T02:04:12.032Z [Modules] Streaming discord_voice@1 to /home/dylan/.config/discord/0.0.54/modules/pending/discord_voice-1.zip: 7%
2024-05-17T02:04:12.182Z [Modules] Streaming discord_voice@1 to /home/dylan/.config/discord/0.0.54/modules/pending/discord_voice-1.zip: 8%
2024-05-17T02:04:12.351Z [Modules] Streaming discord_voice@1 to /home/dylan/.config/discord/0.0.54/modules/pending/discord_voice-1.zip: 9%
2024-05-17T02:04:12.515Z [Modules] Streaming discord_voice@1 to /home/dylan/.config/discord/0.0.54/modules/pending/discord_voice-1.zip: 10%
2024-05-17T02:04:12.645Z [Modules] Streaming discord_voice@1 to /home/dylan/.config/discord/0.0.54/modules/pending/discord_voice-1.zip: 11%
2024-05-17T02:04:12.702Z [Modules] Streaming discord_voice@1 to /home/dylan/.config/discord/0.0.54/modules/pending/discord_voice-1.zip: 12%
2024-05-17T02:04:12.879Z [Modules] Streaming discord_voice@1 to /home/dylan/.config/discord/0.0.54/modules/pending/discord_voice-1.zip: 13%
2024-05-17T02:04:12.974Z [Modules] Streaming discord_voice@1 to /home/dylan/.config/discord/0.0.54/modules/pending/discord_voice-1.zip: 14%
2024-05-17T02:04:13.204Z [Modules] Streaming discord_voice@1 to /home/dylan/.config/discord/0.0.54/modules/pending/discord_voice-1.zip: 15%
2024-05-17T02:04:13.266Z [Modules] Streaming discord_voice@1 to /home/dylan/.config/discord/0.0.54/modules/pending/discord_voice-1.zip: 16%
2024-05-17T02:04:13.543Z [Modules] Streaming discord_voice@1 to /home/dylan/.config/discord/0.0.54/modules/pending/discord_voice-1.zip: 17%
2024-05-17T02:04:13.606Z [Modules] Streaming discord_voice@1 to /home/dylan/.config/discord/0.0.54/modules/pending/discord_voice-1.zip: 18%
2024-05-17T02:04:13.666Z [Modules] Streaming discord_voice@1 to /home/dylan/.config/discord/0.0.54/modules/pending/discord_voice-1.zip: 19%
2024-05-17T02:04:13.687Z [Modules] Streaming discord_voice@1 to /home/dylan/.config/discord/0.0.54/modules/pending/discord_voice-1.zip: 20%
2024-05-17T02:04:13.901Z [Modules] Streaming discord_voice@1 to /home/dylan/.config/discord/0.0.54/modules/pending/discord_voice-1.zip: 21%
2024-05-17T02:04:14.105Z [Modules] Streaming discord_voice@1 to /home/dylan/.config/discord/0.0.54/modules/pending/discord_voice-1.zip: 22%
2024-05-17T02:04:14.270Z [Modules] Streaming discord_voice@1 to /home/dylan/.config/discord/0.0.54/modules/pending/discord_voice-1.zip: 23%
2024-05-17T02:04:14.495Z [Modules] Streaming discord_voice@1 to /home/dylan/.config/discord/0.0.54/modules/pending/discord_voice-1.zip: 24%
2024-05-17T02:04:14.498Z [Modules] Streaming discord_voice@1 to /home/dylan/.config/discord/0.0.54/modules/pending/discord_voice-1.zip: 25%
2024-05-17T02:04:14.653Z [Modules] Streaming discord_voice@1 to /home/dylan/.config/discord/0.0.54/modules/pending/discord_voice-1.zip: 26%
2024-05-17T02:04:14.766Z [Modules] Streaming discord_voice@1 to /home/dylan/.config/discord/0.0.54/modules/pending/discord_voice-1.zip: 27%
2024-05-17T02:04:14.919Z [Modules] Streaming discord_voice@1 to /home/dylan/.config/discord/0.0.54/modules/pending/discord_voice-1.zip: 28%
2024-05-17T02:04:15.169Z [Modules] Streaming discord_voice@1 to /home/dylan/.config/discord/0.0.54/modules/pending/discord_voice-1.zip: 29%
2024-05-17T02:04:15.228Z [Modules] Streaming discord_voice@1 to /home/dylan/.config/discord/0.0.54/modules/pending/discord_voice-1.zip: 30%
2024-05-17T02:04:15.348Z [Modules] Streaming discord_voice@1 to /home/dylan/.config/discord/0.0.54/modules/pending/discord_voice-1.zip: 31%
2024-05-17T02:04:15.540Z [Modules] Streaming discord_voice@1 to /home/dylan/.config/discord/0.0.54/modules/pending/discord_voice-1.zip: 32%
2024-05-17T02:04:15.712Z [Modules] Streaming discord_voice@1 to /home/dylan/.config/discord/0.0.54/modules/pending/discord_voice-1.zip: 33%
2024-05-17T02:04:16.075Z [Modules] Streaming discord_voice@1 to /home/dylan/.config/discord/0.0.54/modules/pending/discord_voice-1.zip: 34%
2024-05-17T02:04:16.085Z [Modules] Streaming discord_voice@1 to /home/dylan/.config/discord/0.0.54/modules/pending/discord_voice-1.zip: 35%
2024-05-17T02:04:16.294Z [Modules] Streaming discord_voice@1 to /home/dylan/.config/discord/0.0.54/modules/pending/discord_voice-1.zip: 36%
2024-05-17T02:04:16.437Z [Modules] Streaming discord_voice@1 to /home/dylan/.config/discord/0.0.54/modules/pending/discord_voice-1.zip: 37%
2024-05-17T02:04:16.688Z [Modules] Streaming discord_voice@1 to /home/dylan/.config/discord/0.0.54/modules/pending/discord_voice-1.zip: 38%
2024-05-17T02:04:16.863Z [Modules] Streaming discord_voice@1 to /home/dylan/.config/discord/0.0.54/modules/pending/discord_voice-1.zip: 39%
2024-05-17T02:04:16.871Z [Modules] Streaming discord_voice@1 to /home/dylan/.config/discord/0.0.54/modules/pending/discord_voice-1.zip: 40%
2024-05-17T02:04:17.026Z [Modules] Streaming discord_voice@1 to /home/dylan/.config/discord/0.0.54/modules/pending/discord_voice-1.zip: 41%
2024-05-17T02:04:17.176Z [Modules] Streaming discord_voice@1 to /home/dylan/.config/discord/0.0.54/modules/pending/discord_voice-1.zip: 42%
2024-05-17T02:04:17.373Z [Modules] Streaming discord_voice@1 to /home/dylan/.config/discord/0.0.54/modules/pending/discord_voice-1.zip: 43%
2024-05-17T02:04:17.610Z [Modules] Streaming discord_voice@1 to /home/dylan/.config/discord/0.0.54/modules/pending/discord_voice-1.zip: 44%
2024-05-17T02:04:17.685Z [Modules] Streaming discord_voice@1 to /home/dylan/.config/discord/0.0.54/modules/pending/discord_voice-1.zip: 45%
2024-05-17T02:04:17.877Z [Modules] Streaming discord_voice@1 to /home/dylan/.config/discord/0.0.54/modules/pending/discord_voice-1.zip: 46%
2024-05-17T02:04:18.001Z [Modules] Streaming discord_voice@1 to /home/dylan/.config/discord/0.0.54/modules/pending/discord_voice-1.zip: 47%
2024-05-17T02:04:18.426Z [Modules] Streaming discord_voice@1 to /home/dylan/.config/discord/0.0.54/modules/pending/discord_voice-1.zip: 48%
2024-05-17T02:04:18.429Z [Modules] Streaming discord_voice@1 to /home/dylan/.config/discord/0.0.54/modules/pending/discord_voice-1.zip: 49%
2024-05-17T02:04:18.575Z [Modules] Streaming discord_voice@1 to /home/dylan/.config/discord/0.0.54/modules/pending/discord_voice-1.zip: 50%
2024-05-17T02:04:18.664Z [Modules] Streaming discord_voice@1 to /home/dylan/.config/discord/0.0.54/modules/pending/discord_voice-1.zip: 51%
2024-05-17T02:04:18.918Z [Modules] Streaming discord_voice@1 to /home/dylan/.config/discord/0.0.54/modules/pending/discord_voice-1.zip: 52%
2024-05-17T02:04:19.002Z [Modules] Streaming discord_voice@1 to /home/dylan/.config/discord/0.0.54/modules/pending/discord_voice-1.zip: 53%
2024-05-17T02:04:19.232Z [Modules] Streaming discord_voice@1 to /home/dylan/.config/discord/0.0.54/modules/pending/discord_voice-1.zip: 54%
2024-05-17T02:04:19.651Z [Modules] Streaming discord_voice@1 to /home/dylan/.config/discord/0.0.54/modules/pending/discord_voice-1.zip: 55%
2024-05-17T02:04:19.653Z [Modules] Streaming discord_voice@1 to /home/dylan/.config/discord/0.0.54/modules/pending/discord_voice-1.zip: 56%
2024-05-17T02:04:19.848Z [Modules] Streaming discord_voice@1 to /home/dylan/.config/discord/0.0.54/modules/pending/discord_voice-1.zip: 57%
2024-05-17T02:04:19.893Z [Modules] Streaming discord_voice@1 to /home/dylan/.config/discord/0.0.54/modules/pending/discord_voice-1.zip: 58%
2024-05-17T02:04:20.213Z [Modules] Streaming discord_voice@1 to /home/dylan/.config/discord/0.0.54/modules/pending/discord_voice-1.zip: 59%
2024-05-17T02:04:20.327Z [Modules] Streaming discord_voice@1 to /home/dylan/.config/discord/0.0.54/modules/pending/discord_voice-1.zip: 60%
2024-05-17T02:04:20.461Z [Modules] Streaming discord_voice@1 to /home/dylan/.config/discord/0.0.54/modules/pending/discord_voice-1.zip: 61%
2024-05-17T02:04:20.643Z [Modules] Streaming discord_voice@1 to /home/dylan/.config/discord/0.0.54/modules/pending/discord_voice-1.zip: 62%
2024-05-17T02:04:20.729Z [Modules] Streaming discord_voice@1 to /home/dylan/.config/discord/0.0.54/modules/pending/discord_voice-1.zip: 63%
2024-05-17T02:04:20.976Z [Modules] Streaming discord_voice@1 to /home/dylan/.config/discord/0.0.54/modules/pending/discord_voice-1.zip: 64%
2024-05-17T02:04:21.083Z [Modules] Streaming discord_voice@1 to /home/dylan/.config/discord/0.0.54/modules/pending/discord_voice-1.zip: 65%
2024-05-17T02:04:21.247Z [Modules] Streaming discord_voice@1 to /home/dylan/.config/discord/0.0.54/modules/pending/discord_voice-1.zip: 66%
2024-05-17T02:04:21.396Z [Modules] Streaming discord_voice@1 to /home/dylan/.config/discord/0.0.54/modules/pending/discord_voice-1.zip: 67%
2024-05-17T02:04:21.769Z [Modules] Streaming discord_voice@1 to /home/dylan/.config/discord/0.0.54/modules/pending/discord_voice-1.zip: 68%
2024-05-17T02:04:21.772Z [Modules] Streaming discord_voice@1 to /home/dylan/.config/discord/0.0.54/modules/pending/discord_voice-1.zip: 69%
2024-05-17T02:04:22.067Z [Modules] Streaming discord_voice@1 to /home/dylan/.config/discord/0.0.54/modules/pending/discord_voice-1.zip: 70%
2024-05-17T02:04:22.070Z [Modules] Streaming discord_voice@1 to /home/dylan/.config/discord/0.0.54/modules/pending/discord_voice-1.zip: 71%
2024-05-17T02:04:22.285Z [Modules] Streaming discord_voice@1 to /home/dylan/.config/discord/0.0.54/modules/pending/discord_voice-1.zip: 72%
2024-05-17T02:04:22.349Z [Modules] Streaming discord_voice@1 to /home/dylan/.config/discord/0.0.54/modules/pending/discord_voice-1.zip: 73%
2024-05-17T02:04:22.446Z [Modules] Streaming discord_voice@1 to /home/dylan/.config/discord/0.0.54/modules/pending/discord_voice-1.zip: 74%
2024-05-17T02:04:22.737Z [Modules] Streaming discord_voice@1 to /home/dylan/.config/discord/0.0.54/modules/pending/discord_voice-1.zip: 75%
2024-05-17T02:04:22.837Z [Modules] Streaming discord_voice@1 to /home/dylan/.config/discord/0.0.54/modules/pending/discord_voice-1.zip: 76%
2024-05-17T02:04:23.058Z [Modules] Streaming discord_voice@1 to /home/dylan/.config/discord/0.0.54/modules/pending/discord_voice-1.zip: 77%
2024-05-17T02:04:23.149Z [Modules] Streaming discord_voice@1 to /home/dylan/.config/discord/0.0.54/modules/pending/discord_voice-1.zip: 78%
2024-05-17T02:04:23.299Z [Modules] Streaming discord_voice@1 to /home/dylan/.config/discord/0.0.54/modules/pending/discord_voice-1.zip: 79%
2024-05-17T02:04:23.420Z [Modules] Streaming discord_voice@1 to /home/dylan/.config/discord/0.0.54/modules/pending/discord_voice-1.zip: 80%
2024-05-17T02:04:23.520Z [Modules] Streaming discord_voice@1 to /home/dylan/.config/discord/0.0.54/modules/pending/discord_voice-1.zip: 81%
2024-05-17T02:04:23.799Z [Modules] Streaming discord_voice@1 to /home/dylan/.config/discord/0.0.54/modules/pending/discord_voice-1.zip: 82%
2024-05-17T02:04:24.097Z [Modules] Streaming discord_voice@1 to /home/dylan/.config/discord/0.0.54/modules/pending/discord_voice-1.zip: 83%
2024-05-17T02:04:24.402Z [Modules] Streaming discord_voice@1 to /home/dylan/.config/discord/0.0.54/modules/pending/discord_voice-1.zip: 84%
2024-05-17T02:04:24.551Z [Modules] Streaming discord_voice@1 to /home/dylan/.config/discord/0.0.54/modules/pending/discord_voice-1.zip: 85%
2024-05-17T02:04:24.696Z [Modules] Streaming discord_voice@1 to /home/dylan/.config/discord/0.0.54/modules/pending/discord_voice-1.zip: 86%
2024-05-17T02:04:24.911Z [Modules] Streaming discord_voice@1 to /home/dylan/.config/discord/0.0.54/modules/pending/discord_voice-1.zip: 87%
2024-05-17T02:04:25.081Z [Modules] Streaming discord_voice@1 to /home/dylan/.config/discord/0.0.54/modules/pending/discord_voice-1.zip: 88%
2024-05-17T02:04:25.156Z [Modules] Streaming discord_voice@1 to /home/dylan/.config/discord/0.0.54/modules/pending/discord_voice-1.zip: 89%
2024-05-17T02:04:25.281Z [Modules] Streaming discord_voice@1 to /home/dylan/.config/discord/0.0.54/modules/pending/discord_voice-1.zip: 90%
2024-05-17T02:04:25.411Z [Modules] Streaming discord_voice@1 to /home/dylan/.config/discord/0.0.54/modules/pending/discord_voice-1.zip: 91%
2024-05-17T02:04:25.552Z [Modules] Streaming discord_voice@1 to /home/dylan/.config/discord/0.0.54/modules/pending/discord_voice-1.zip: 92%
2024-05-17T02:04:25.721Z [Modules] Streaming discord_voice@1 to /home/dylan/.config/discord/0.0.54/modules/pending/discord_voice-1.zip: 93%
2024-05-17T02:04:25.866Z [Modules] Streaming discord_voice@1 to /home/dylan/.config/discord/0.0.54/modules/pending/discord_voice-1.zip: 94%
2024-05-17T02:04:26.026Z [Modules] Streaming discord_voice@1 to /home/dylan/.config/discord/0.0.54/modules/pending/discord_voice-1.zip: 95%
2024-05-17T02:04:26.264Z [Modules] Streaming discord_voice@1 to /home/dylan/.config/discord/0.0.54/modules/pending/discord_voice-1.zip: 96%
2024-05-17T02:04:26.312Z [Modules] Streaming discord_voice@1 to /home/dylan/.config/discord/0.0.54/modules/pending/discord_voice-1.zip: 97%
2024-05-17T02:04:26.368Z [Modules] Streaming discord_voice@1 to /home/dylan/.config/discord/0.0.54/modules/pending/discord_voice-1.zip: 98%
2024-05-17T02:04:26.696Z [Modules] Streaming discord_voice@1 to /home/dylan/.config/discord/0.0.54/modules/pending/discord_voice-1.zip: 99%
2024-05-17T02:04:26.700Z [Modules] Streaming discord_voice@1 to /home/dylan/.config/discord/0.0.54/modules/pending/discord_voice-1.zip: 100%
2024-05-17T02:04:26.704Z [Modules] Fetching discord_zstd@1 from https://discord.com/api/modules/stable/discord_zstd/1
2024-05-17T02:04:26.704Z [Modules] Streaming discord_zstd@1 to /home/dylan/.config/discord/0.0.54/modules/pending/discord_zstd-1.zip
2024-05-17T02:04:27.248Z [Modules] Streaming discord_zstd@1 to /home/dylan/.config/discord/0.0.54/modules/pending/discord_zstd-1.zip: 1%
2024-05-17T02:04:27.257Z [Modules] Streaming discord_zstd@1 to /home/dylan/.config/discord/0.0.54/modules/pending/discord_zstd-1.zip: 2%
2024-05-17T02:04:27.361Z [Modules] Streaming discord_zstd@1 to /home/dylan/.config/discord/0.0.54/modules/pending/discord_zstd-1.zip: 3%
2024-05-17T02:04:27.469Z [Modules] Streaming discord_zstd@1 to /home/dylan/.config/discord/0.0.54/modules/pending/discord_zstd-1.zip: 8%
2024-05-17T02:04:27.503Z [Modules] Streaming discord_zstd@1 to /home/dylan/.config/discord/0.0.54/modules/pending/discord_zstd-1.zip: 13%
2024-05-17T02:04:27.505Z [Modules] Streaming discord_zstd@1 to /home/dylan/.config/discord/0.0.54/modules/pending/discord_zstd-1.zip: 20%
2024-05-17T02:04:27.508Z [Modules] Streaming discord_zstd@1 to /home/dylan/.config/discord/0.0.54/modules/pending/discord_zstd-1.zip: 24%
2024-05-17T02:04:27.511Z [Modules] Streaming discord_zstd@1 to /home/dylan/.config/discord/0.0.54/modules/pending/discord_zstd-1.zip: 25%
2024-05-17T02:04:27.527Z [Modules] Streaming discord_zstd@1 to /home/dylan/.config/discord/0.0.54/modules/pending/discord_zstd-1.zip: 26%
2024-05-17T02:04:27.633Z [Modules] Streaming discord_zstd@1 to /home/dylan/.config/discord/0.0.54/modules/pending/discord_zstd-1.zip: 31%
2024-05-17T02:04:27.635Z [Modules] Streaming discord_zstd@1 to /home/dylan/.config/discord/0.0.54/modules/pending/discord_zstd-1.zip: 40%
2024-05-17T02:04:27.741Z [Modules] Streaming discord_zstd@1 to /home/dylan/.config/discord/0.0.54/modules/pending/discord_zstd-1.zip: 45%
2024-05-17T02:04:27.742Z [Modules] Streaming discord_zstd@1 to /home/dylan/.config/discord/0.0.54/modules/pending/discord_zstd-1.zip: 47%
2024-05-17T02:04:27.774Z [Modules] Streaming discord_zstd@1 to /home/dylan/.config/discord/0.0.54/modules/pending/discord_zstd-1.zip: 50%
2024-05-17T02:04:27.796Z [Modules] Streaming discord_zstd@1 to /home/dylan/.config/discord/0.0.54/modules/pending/discord_zstd-1.zip: 55%
2024-05-17T02:04:27.797Z [Modules] Streaming discord_zstd@1 to /home/dylan/.config/discord/0.0.54/modules/pending/discord_zstd-1.zip: 62%
2024-05-17T02:04:27.799Z [Modules] Streaming discord_zstd@1 to /home/dylan/.config/discord/0.0.54/modules/pending/discord_zstd-1.zip: 64%
2024-05-17T02:04:27.892Z [Modules] Streaming discord_zstd@1 to /home/dylan/.config/discord/0.0.54/modules/pending/discord_zstd-1.zip: 69%
2024-05-17T02:04:27.904Z [Modules] Streaming discord_zstd@1 to /home/dylan/.config/discord/0.0.54/modules/pending/discord_zstd-1.zip: 71%
2024-05-17T02:04:27.905Z [Modules] Streaming discord_zstd@1 to /home/dylan/.config/discord/0.0.54/modules/pending/discord_zstd-1.zip: 80%
2024-05-17T02:04:27.912Z [Modules] Streaming discord_zstd@1 to /home/dylan/.config/discord/0.0.54/modules/pending/discord_zstd-1.zip: 82%
2024-05-17T02:04:27.920Z [Modules] Streaming discord_zstd@1 to /home/dylan/.config/discord/0.0.54/modules/pending/discord_zstd-1.zip: 83%
2024-05-17T02:04:27.932Z [Modules] Streaming discord_zstd@1 to /home/dylan/.config/discord/0.0.54/modules/pending/discord_zstd-1.zip: 89%
2024-05-17T02:04:27.976Z [Modules] Streaming discord_zstd@1 to /home/dylan/.config/discord/0.0.54/modules/pending/discord_zstd-1.zip: 91%
2024-05-17T02:04:27.999Z [Modules] Streaming discord_zstd@1 to /home/dylan/.config/discord/0.0.54/modules/pending/discord_zstd-1.zip: 92%
2024-05-17T02:04:28.008Z [Modules] Streaming discord_zstd@1 to /home/dylan/.config/discord/0.0.54/modules/pending/discord_zstd-1.zip: 96%
2024-05-17T02:04:28.036Z [Modules] Streaming discord_zstd@1 to /home/dylan/.config/discord/0.0.54/modules/pending/discord_zstd-1.zip: 97%
2024-05-17T02:04:28.045Z [Modules] Streaming discord_zstd@1 to /home/dylan/.config/discord/0.0.54/modules/pending/discord_zstd-1.zip: 100%
2024-05-17T02:04:28.048Z [Modules] Finished module downloads. [success: 6] [failure: 0]
2024-05-17T02:04:28.048Z [Modules] Installing updates...
2024-05-17T02:04:28.049Z [Modules] Installing discord_desktop_core@1 from /home/dylan/.config/discord/0.0.54/modules/pending/discord_desktop_core-1.zip
2024-05-17T02:04:28.320Z [Modules] Installing discord_erlpack@1 from /home/dylan/.config/discord/0.0.54/modules/pending/discord_erlpack-1.zip
2024-05-17T02:04:28.502Z [Modules] Installing discord_spellcheck@1 from /home/dylan/.config/discord/0.0.54/modules/pending/discord_spellcheck-1.zip
2024-05-17T02:04:30.736Z [Modules] Installing discord_utils@1 from /home/dylan/.config/discord/0.0.54/modules/pending/discord_utils-1.zip
2024-05-17T02:04:31.210Z [Modules] Installing discord_voice@1 from /home/dylan/.config/discord/0.0.54/modules/pending/discord_voice-1.zip
2024-05-17T02:04:32.836Z [Modules] Installing discord_zstd@1 from /home/dylan/.config/discord/0.0.54/modules/pending/discord_zstd-1.zip
2024-05-17T02:04:32.958Z [Modules] Finished module installations. [success: 6] [failure: 0]
2024-05-17T02:04:32.959Z [Modules] Host is up to date.
2024-05-17T02:04:32.959Z [Modules] Checking for module updates at https://discord.com/api/modules/stable/versions.json
2024-05-17T02:04:33.099Z [Modules] No module updates available.
2024-05-17T02:04:35.900Z [Modules] Starting to install discord_krisp...
2024-05-17T02:04:35.900Z [Modules] Fetching discord_krisp@1 from https://discord.com/api/modules/stable/discord_krisp/1
2024-05-17T02:04:35.901Z [Modules] Streaming discord_krisp@1 to /home/dylan/.config/discord/0.0.54/modules/pending/discord_krisp-1.zip
2024-05-17T02:04:35.926Z [Modules] Starting to install discord_game_utils...
2024-05-17T02:04:37.105Z [Modules] Host is up to date.
2024-05-17T02:04:37.105Z [Modules] Checking for module updates at https://discord.com/api/modules/stable/versions.json
2024-05-17T02:04:37.113Z [Modules] No module updates available.
2024-05-17T02:04:37.202Z [Modules] Streaming discord_krisp@1 to /home/dylan/.config/discord/0.0.54/modules/pending/discord_krisp-1.zip: 1%
2024-05-17T02:04:37.264Z [Modules] Starting to install discord_rpc...
2024-05-17T02:04:37.290Z [Modules] Streaming discord_krisp@1 to /home/dylan/.config/discord/0.0.54/modules/pending/discord_krisp-1.zip: 2%
2024-05-17T02:04:37.328Z [Modules] Streaming discord_krisp@1 to /home/dylan/.config/discord/0.0.54/modules/pending/discord_krisp-1.zip: 3%
2024-05-17T02:04:37.438Z [Modules] Streaming discord_krisp@1 to /home/dylan/.config/discord/0.0.54/modules/pending/discord_krisp-1.zip: 4%
2024-05-17T02:04:37.547Z [Modules] Streaming discord_krisp@1 to /home/dylan/.config/discord/0.0.54/modules/pending/discord_krisp-1.zip: 5%
2024-05-17T02:04:37.794Z [Modules] Streaming discord_krisp@1 to /home/dylan/.config/discord/0.0.54/modules/pending/discord_krisp-1.zip: 6%
2024-05-17T02:04:38.005Z [Modules] Streaming discord_krisp@1 to /home/dylan/.config/discord/0.0.54/modules/pending/discord_krisp-1.zip: 7%
2024-05-17T02:04:38.063Z [Modules] Streaming discord_krisp@1 to /home/dylan/.config/discord/0.0.54/modules/pending/discord_krisp-1.zip: 8%
2024-05-17T02:04:38.231Z [Modules] Streaming discord_krisp@1 to /home/dylan/.config/discord/0.0.54/modules/pending/discord_krisp-1.zip: 9%
2024-05-17T02:04:38.269Z [Modules] Streaming discord_krisp@1 to /home/dylan/.config/discord/0.0.54/modules/pending/discord_krisp-1.zip: 10%
2024-05-17T02:04:38.516Z [Modules] Streaming discord_krisp@1 to /home/dylan/.config/discord/0.0.54/modules/pending/discord_krisp-1.zip: 11%
2024-05-17T02:04:38.602Z [Modules] Streaming discord_krisp@1 to /home/dylan/.config/discord/0.0.54/modules/pending/discord_krisp-1.zip: 12%
2024-05-17T02:04:38.645Z [Modules] Streaming discord_krisp@1 to /home/dylan/.config/discord/0.0.54/modules/pending/discord_krisp-1.zip: 13%
2024-05-17T02:04:38.820Z [Modules] Streaming discord_krisp@1 to /home/dylan/.config/discord/0.0.54/modules/pending/discord_krisp-1.zip: 14%
2024-05-17T02:04:38.852Z [Modules] Streaming discord_krisp@1 to /home/dylan/.config/discord/0.0.54/modules/pending/discord_krisp-1.zip: 15%
2024-05-17T02:04:39.020Z [Modules] Streaming discord_krisp@1 to /home/dylan/.config/discord/0.0.54/modules/pending/discord_krisp-1.zip: 16%
2024-05-17T02:04:39.178Z [Modules] Streaming discord_krisp@1 to /home/dylan/.config/discord/0.0.54/modules/pending/discord_krisp-1.zip: 17%
2024-05-17T02:04:39.264Z [Modules] Streaming discord_krisp@1 to /home/dylan/.config/discord/0.0.54/modules/pending/discord_krisp-1.zip: 18%
2024-05-17T02:04:39.378Z [Modules] Streaming discord_krisp@1 to /home/dylan/.config/discord/0.0.54/modules/pending/discord_krisp-1.zip: 19%
2024-05-17T02:04:39.513Z [Modules] Streaming discord_krisp@1 to /home/dylan/.config/discord/0.0.54/modules/pending/discord_krisp-1.zip: 20%
2024-05-17T02:04:39.566Z [Modules] Streaming discord_krisp@1 to /home/dylan/.config/discord/0.0.54/modules/pending/discord_krisp-1.zip: 21%
2024-05-17T02:04:39.705Z [Modules] Streaming discord_krisp@1 to /home/dylan/.config/discord/0.0.54/modules/pending/discord_krisp-1.zip: 22%
2024-05-17T02:04:39.815Z [Modules] Streaming discord_krisp@1 to /home/dylan/.config/discord/0.0.54/modules/pending/discord_krisp-1.zip: 23%
2024-05-17T02:04:39.908Z [Modules] Streaming discord_krisp@1 to /home/dylan/.config/discord/0.0.54/modules/pending/discord_krisp-1.zip: 24%
2024-05-17T02:04:39.999Z [Modules] Streaming discord_krisp@1 to /home/dylan/.config/discord/0.0.54/modules/pending/discord_krisp-1.zip: 25%
2024-05-17T02:04:40.122Z [Modules] Streaming discord_krisp@1 to /home/dylan/.config/discord/0.0.54/modules/pending/discord_krisp-1.zip: 26%
2024-05-17T02:04:40.215Z [Modules] Streaming discord_krisp@1 to /home/dylan/.config/discord/0.0.54/modules/pending/discord_krisp-1.zip: 27%
2024-05-17T02:04:40.466Z [Modules] Streaming discord_krisp@1 to /home/dylan/.config/discord/0.0.54/modules/pending/discord_krisp-1.zip: 28%
2024-05-17T02:04:40.469Z [Modules] Streaming discord_krisp@1 to /home/dylan/.config/discord/0.0.54/modules/pending/discord_krisp-1.zip: 29%
2024-05-17T02:04:40.471Z [Modules] Streaming discord_krisp@1 to /home/dylan/.config/discord/0.0.54/modules/pending/discord_krisp-1.zip: 30%
2024-05-17T02:04:40.630Z [Modules] Streaming discord_krisp@1 to /home/dylan/.config/discord/0.0.54/modules/pending/discord_krisp-1.zip: 31%
2024-05-17T02:04:40.806Z [Modules] Streaming discord_krisp@1 to /home/dylan/.config/discord/0.0.54/modules/pending/discord_krisp-1.zip: 32%
2024-05-17T02:04:40.881Z [Modules] Streaming discord_krisp@1 to /home/dylan/.config/discord/0.0.54/modules/pending/discord_krisp-1.zip: 33%
2024-05-17T02:04:41.009Z [Modules] Streaming discord_krisp@1 to /home/dylan/.config/discord/0.0.54/modules/pending/discord_krisp-1.zip: 34%
2024-05-17T02:04:41.153Z [Modules] Streaming discord_krisp@1 to /home/dylan/.config/discord/0.0.54/modules/pending/discord_krisp-1.zip: 35%
2024-05-17T02:04:41.165Z [Modules] Streaming discord_krisp@1 to /home/dylan/.config/discord/0.0.54/modules/pending/discord_krisp-1.zip: 36%
2024-05-17T02:04:41.271Z [Modules] Streaming discord_krisp@1 to /home/dylan/.config/discord/0.0.54/modules/pending/discord_krisp-1.zip: 37%
2024-05-17T02:04:41.446Z [Modules] Streaming discord_krisp@1 to /home/dylan/.config/discord/0.0.54/modules/pending/discord_krisp-1.zip: 38%
2024-05-17T02:04:41.467Z [Modules] Streaming discord_krisp@1 to /home/dylan/.config/discord/0.0.54/modules/pending/discord_krisp-1.zip: 39%
2024-05-17T02:04:41.548Z [Modules] Streaming discord_krisp@1 to /home/dylan/.config/discord/0.0.54/modules/pending/discord_krisp-1.zip: 40%
2024-05-17T02:04:41.582Z [Modules] Streaming discord_krisp@1 to /home/dylan/.config/discord/0.0.54/modules/pending/discord_krisp-1.zip: 41%
2024-05-17T02:04:41.725Z [Modules] Streaming discord_krisp@1 to /home/dylan/.config/discord/0.0.54/modules/pending/discord_krisp-1.zip: 42%
2024-05-17T02:04:41.766Z [Modules] Streaming discord_krisp@1 to /home/dylan/.config/discord/0.0.54/modules/pending/discord_krisp-1.zip: 43%
2024-05-17T02:04:41.924Z [Modules] Streaming discord_krisp@1 to /home/dylan/.config/discord/0.0.54/modules/pending/discord_krisp-1.zip: 44%
2024-05-17T02:04:42.033Z [Modules] Streaming discord_krisp@1 to /home/dylan/.config/discord/0.0.54/modules/pending/discord_krisp-1.zip: 45%
2024-05-17T02:04:42.245Z [Modules] Streaming discord_krisp@1 to /home/dylan/.config/discord/0.0.54/modules/pending/discord_krisp-1.zip: 46%
2024-05-17T02:04:42.249Z [Modules] Streaming discord_krisp@1 to /home/dylan/.config/discord/0.0.54/modules/pending/discord_krisp-1.zip: 47%
2024-05-17T02:04:42.321Z [Modules] Streaming discord_krisp@1 to /home/dylan/.config/discord/0.0.54/modules/pending/discord_krisp-1.zip: 48%
2024-05-17T02:04:42.439Z [Modules] Streaming discord_krisp@1 to /home/dylan/.config/discord/0.0.54/modules/pending/discord_krisp-1.zip: 49%
2024-05-17T02:04:42.465Z [Modules] Streaming discord_krisp@1 to /home/dylan/.config/discord/0.0.54/modules/pending/discord_krisp-1.zip: 50%
2024-05-17T02:04:42.642Z [Modules] Streaming discord_krisp@1 to /home/dylan/.config/discord/0.0.54/modules/pending/discord_krisp-1.zip: 51%
2024-05-17T02:04:42.824Z [Modules] Streaming discord_krisp@1 to /home/dylan/.config/discord/0.0.54/modules/pending/discord_krisp-1.zip: 52%
2024-05-17T02:04:42.827Z [Modules] Streaming discord_krisp@1 to /home/dylan/.config/discord/0.0.54/modules/pending/discord_krisp-1.zip: 53%
2024-05-17T02:04:42.911Z [Modules] Streaming discord_krisp@1 to /home/dylan/.config/discord/0.0.54/modules/pending/discord_krisp-1.zip: 54%
2024-05-17T02:04:42.946Z [Modules] Streaming discord_krisp@1 to /home/dylan/.config/discord/0.0.54/modules/pending/discord_krisp-1.zip: 55%
2024-05-17T02:04:43.090Z [Modules] Streaming discord_krisp@1 to /home/dylan/.config/discord/0.0.54/modules/pending/discord_krisp-1.zip: 56%
2024-05-17T02:04:43.146Z [Modules] Streaming discord_krisp@1 to /home/dylan/.config/discord/0.0.54/modules/pending/discord_krisp-1.zip: 57%
2024-05-17T02:04:43.366Z [Modules] Streaming discord_krisp@1 to /home/dylan/.config/discord/0.0.54/modules/pending/discord_krisp-1.zip: 58%
2024-05-17T02:04:43.482Z [Modules] Streaming discord_krisp@1 to /home/dylan/.config/discord/0.0.54/modules/pending/discord_krisp-1.zip: 59%
2024-05-17T02:04:43.545Z [Modules] Streaming discord_krisp@1 to /home/dylan/.config/discord/0.0.54/modules/pending/discord_krisp-1.zip: 60%
2024-05-17T02:04:43.592Z [Modules] Streaming discord_krisp@1 to /home/dylan/.config/discord/0.0.54/modules/pending/discord_krisp-1.zip: 61%
2024-05-17T02:04:43.652Z [Modules] Streaming discord_krisp@1 to /home/dylan/.config/discord/0.0.54/modules/pending/discord_krisp-1.zip: 62%
2024-05-17T02:04:43.953Z [Modules] Streaming discord_krisp@1 to /home/dylan/.config/discord/0.0.54/modules/pending/discord_krisp-1.zip: 63%
2024-05-17T02:04:43.955Z [Modules] Streaming discord_krisp@1 to /home/dylan/.config/discord/0.0.54/modules/pending/discord_krisp-1.zip: 64%
2024-05-17T02:04:43.958Z [Modules] Streaming discord_krisp@1 to /home/dylan/.config/discord/0.0.54/modules/pending/discord_krisp-1.zip: 65%
2024-05-17T02:04:44.028Z [Modules] Streaming discord_krisp@1 to /home/dylan/.config/discord/0.0.54/modules/pending/discord_krisp-1.zip: 66%
2024-05-17T02:04:44.095Z [Modules] Streaming discord_krisp@1 to /home/dylan/.config/discord/0.0.54/modules/pending/discord_krisp-1.zip: 67%
2024-05-17T02:04:44.304Z [Modules] Streaming discord_krisp@1 to /home/dylan/.config/discord/0.0.54/modules/pending/discord_krisp-1.zip: 68%
2024-05-17T02:04:44.429Z [Modules] Streaming discord_krisp@1 to /home/dylan/.config/discord/0.0.54/modules/pending/discord_krisp-1.zip: 69%
2024-05-17T02:04:44.436Z [Modules] Streaming discord_krisp@1 to /home/dylan/.config/discord/0.0.54/modules/pending/discord_krisp-1.zip: 70%
2024-05-17T02:04:44.559Z [Modules] Streaming discord_krisp@1 to /home/dylan/.config/discord/0.0.54/modules/pending/discord_krisp-1.zip: 71%
2024-05-17T02:04:44.786Z [Modules] Streaming discord_krisp@1 to /home/dylan/.config/discord/0.0.54/modules/pending/discord_krisp-1.zip: 72%
2024-05-17T02:04:44.861Z [Modules] Streaming discord_krisp@1 to /home/dylan/.config/discord/0.0.54/modules/pending/discord_krisp-1.zip: 73%
2024-05-17T02:04:44.989Z [Modules] Streaming discord_krisp@1 to /home/dylan/.config/discord/0.0.54/modules/pending/discord_krisp-1.zip: 74%
2024-05-17T02:04:45.001Z [Modules] Streaming discord_krisp@1 to /home/dylan/.config/discord/0.0.54/modules/pending/discord_krisp-1.zip: 75%
2024-05-17T02:04:45.150Z [Modules] Streaming discord_krisp@1 to /home/dylan/.config/discord/0.0.54/modules/pending/discord_krisp-1.zip: 76%
2024-05-17T02:04:45.166Z [Modules] Streaming discord_krisp@1 to /home/dylan/.config/discord/0.0.54/modules/pending/discord_krisp-1.zip: 77%
2024-05-17T02:04:45.264Z [Modules] Streaming discord_krisp@1 to /home/dylan/.config/discord/0.0.54/modules/pending/discord_krisp-1.zip: 78%
2024-05-17T02:04:45.449Z [Modules] Streaming discord_krisp@1 to /home/dylan/.config/discord/0.0.54/modules/pending/discord_krisp-1.zip: 79%
2024-05-17T02:04:45.453Z [Modules] Streaming discord_krisp@1 to /home/dylan/.config/discord/0.0.54/modules/pending/discord_krisp-1.zip: 80%
2024-05-17T02:04:45.529Z [Modules] Streaming discord_krisp@1 to /home/dylan/.config/discord/0.0.54/modules/pending/discord_krisp-1.zip: 81%
2024-05-17T02:04:45.719Z [Modules] Streaming discord_krisp@1 to /home/dylan/.config/discord/0.0.54/modules/pending/discord_krisp-1.zip: 82%
2024-05-17T02:04:45.819Z [Modules] Streaming discord_krisp@1 to /home/dylan/.config/discord/0.0.54/modules/pending/discord_krisp-1.zip: 83%
2024-05-17T02:04:45.896Z [Modules] Streaming discord_krisp@1 to /home/dylan/.config/discord/0.0.54/modules/pending/discord_krisp-1.zip: 84%
2024-05-17T02:04:46.027Z [Modules] Streaming discord_krisp@1 to /home/dylan/.config/discord/0.0.54/modules/pending/discord_krisp-1.zip: 85%
2024-05-17T02:04:46.312Z [Modules] Streaming discord_krisp@1 to /home/dylan/.config/discord/0.0.54/modules/pending/discord_krisp-1.zip: 86%
2024-05-17T02:04:46.317Z [Modules] Streaming discord_krisp@1 to /home/dylan/.config/discord/0.0.54/modules/pending/discord_krisp-1.zip: 87%
2024-05-17T02:04:46.323Z [Modules] Streaming discord_krisp@1 to /home/dylan/.config/discord/0.0.54/modules/pending/discord_krisp-1.zip: 88%
2024-05-17T02:04:46.421Z [Modules] Streaming discord_krisp@1 to /home/dylan/.config/discord/0.0.54/modules/pending/discord_krisp-1.zip: 89%
2024-05-17T02:04:46.624Z [Modules] Streaming discord_krisp@1 to /home/dylan/.config/discord/0.0.54/modules/pending/discord_krisp-1.zip: 90%
2024-05-17T02:04:46.653Z [Modules] Streaming discord_krisp@1 to /home/dylan/.config/discord/0.0.54/modules/pending/discord_krisp-1.zip: 91%
2024-05-17T02:04:46.790Z [Modules] Streaming discord_krisp@1 to /home/dylan/.config/discord/0.0.54/modules/pending/discord_krisp-1.zip: 92%
2024-05-17T02:04:46.963Z [Modules] Streaming discord_krisp@1 to /home/dylan/.config/discord/0.0.54/modules/pending/discord_krisp-1.zip: 93%
2024-05-17T02:04:47.072Z [Modules] Streaming discord_krisp@1 to /home/dylan/.config/discord/0.0.54/modules/pending/discord_krisp-1.zip: 94%
2024-05-17T02:04:47.294Z [Modules] Streaming discord_krisp@1 to /home/dylan/.config/discord/0.0.54/modules/pending/discord_krisp-1.zip: 95%
2024-05-17T02:04:47.350Z [Modules] Streaming discord_krisp@1 to /home/dylan/.config/discord/0.0.54/modules/pending/discord_krisp-1.zip: 96%
2024-05-17T02:04:47.597Z [Modules] Streaming discord_krisp@1 to /home/dylan/.config/discord/0.0.54/modules/pending/discord_krisp-1.zip: 97%
2024-05-17T02:04:47.687Z [Modules] Streaming discord_krisp@1 to /home/dylan/.config/discord/0.0.54/modules/pending/discord_krisp-1.zip: 98%
2024-05-17T02:04:47.975Z [Modules] Streaming discord_krisp@1 to /home/dylan/.config/discord/0.0.54/modules/pending/discord_krisp-1.zip: 99%
2024-05-17T02:04:48.133Z [Modules] Streaming discord_krisp@1 to /home/dylan/.config/discord/0.0.54/modules/pending/discord_krisp-1.zip: 100%
2024-05-17T02:04:48.136Z [Modules] Fetching discord_game_utils@1 from https://discord.com/api/modules/stable/discord_game_utils/1
2024-05-17T02:04:48.137Z [Modules] Streaming discord_game_utils@1 to /home/dylan/.config/discord/0.0.54/modules/pending/discord_game_utils-1.zip
2024-05-17T02:04:48.137Z [Modules] Installing discord_krisp@1 from /home/dylan/.config/discord/0.0.54/modules/pending/discord_krisp-1.zip
2024-05-17T02:04:49.323Z [Modules] Finished module installations. [success: 1] [failure: 0]
2024-05-17T02:05:05.576Z [Modules] Streaming discord_game_utils@1 to /home/dylan/.config/discord/0.0.54/modules/pending/discord_game_utils-1.zip: 1%
2024-05-17T02:05:05.722Z [Modules] Streaming discord_game_utils@1 to /home/dylan/.config/discord/0.0.54/modules/pending/discord_game_utils-1.zip: 2%
2024-05-17T02:05:05.816Z [Modules] Streaming discord_game_utils@1 to /home/dylan/.config/discord/0.0.54/modules/pending/discord_game_utils-1.zip: 3%
2024-05-17T02:05:06.112Z [Modules] Streaming discord_game_utils@1 to /home/dylan/.config/discord/0.0.54/modules/pending/discord_game_utils-1.zip: 4%
2024-05-17T02:05:06.112Z [Modules] Streaming discord_game_utils@1 to /home/dylan/.config/discord/0.0.54/modules/pending/discord_game_utils-1.zip: 5%
2024-05-17T02:05:06.169Z [Modules] Streaming discord_game_utils@1 to /home/dylan/.config/discord/0.0.54/modules/pending/discord_game_utils-1.zip: 6%
2024-05-17T02:05:06.170Z [Modules] Streaming discord_game_utils@1 to /home/dylan/.config/discord/0.0.54/modules/pending/discord_game_utils-1.zip: 7%
2024-05-17T02:05:06.354Z [Modules] Streaming discord_game_utils@1 to /home/dylan/.config/discord/0.0.54/modules/pending/discord_game_utils-1.zip: 8%
2024-05-17T02:05:06.355Z [Modules] Streaming discord_game_utils@1 to /home/dylan/.config/discord/0.0.54/modules/pending/discord_game_utils-1.zip: 9%
2024-05-17T02:05:06.453Z [Modules] Streaming discord_game_utils@1 to /home/dylan/.config/discord/0.0.54/modules/pending/discord_game_utils-1.zip: 10%
2024-05-17T02:05:06.454Z [Modules] Streaming discord_game_utils@1 to /home/dylan/.config/discord/0.0.54/modules/pending/discord_game_utils-1.zip: 11%
2024-05-17T02:05:06.454Z [Modules] Streaming discord_game_utils@1 to /home/dylan/.config/discord/0.0.54/modules/pending/discord_game_utils-1.zip: 12%
2024-05-17T02:05:06.496Z [Modules] Streaming discord_game_utils@1 to /home/dylan/.config/discord/0.0.54/modules/pending/discord_game_utils-1.zip: 13%
2024-05-17T02:05:06.496Z [Modules] Streaming discord_game_utils@1 to /home/dylan/.config/discord/0.0.54/modules/pending/discord_game_utils-1.zip: 14%
2024-05-17T02:05:06.518Z [Modules] Streaming discord_game_utils@1 to /home/dylan/.config/discord/0.0.54/modules/pending/discord_game_utils-1.zip: 15%
2024-05-17T02:05:06.519Z [Modules] Streaming discord_game_utils@1 to /home/dylan/.config/discord/0.0.54/modules/pending/discord_game_utils-1.zip: 16%
2024-05-17T02:05:06.582Z [Modules] Streaming discord_game_utils@1 to /home/dylan/.config/discord/0.0.54/modules/pending/discord_game_utils-1.zip: 17%
2024-05-17T02:05:06.596Z [Modules] Streaming discord_game_utils@1 to /home/dylan/.config/discord/0.0.54/modules/pending/discord_game_utils-1.zip: 18%
2024-05-17T02:05:06.598Z [Modules] Streaming discord_game_utils@1 to /home/dylan/.config/discord/0.0.54/modules/pending/discord_game_utils-1.zip: 19%
2024-05-17T02:05:06.723Z [Modules] Streaming discord_game_utils@1 to /home/dylan/.config/discord/0.0.54/modules/pending/discord_game_utils-1.zip: 20%
2024-05-17T02:05:06.724Z [Modules] Streaming discord_game_utils@1 to /home/dylan/.config/discord/0.0.54/modules/pending/discord_game_utils-1.zip: 21%
2024-05-17T02:05:06.724Z [Modules] Streaming discord_game_utils@1 to /home/dylan/.config/discord/0.0.54/modules/pending/discord_game_utils-1.zip: 22%
2024-05-17T02:05:06.725Z [Modules] Streaming discord_game_utils@1 to /home/dylan/.config/discord/0.0.54/modules/pending/discord_game_utils-1.zip: 23%
2024-05-17T02:05:06.725Z [Modules] Streaming discord_game_utils@1 to /home/dylan/.config/discord/0.0.54/modules/pending/discord_game_utils-1.zip: 24%
2024-05-17T02:05:06.725Z [Modules] Streaming discord_game_utils@1 to /home/dylan/.config/discord/0.0.54/modules/pending/discord_game_utils-1.zip: 25%
2024-05-17T02:05:06.726Z [Modules] Streaming discord_game_utils@1 to /home/dylan/.config/discord/0.0.54/modules/pending/discord_game_utils-1.zip: 26%
2024-05-17T02:05:06.726Z [Modules] Streaming discord_game_utils@1 to /home/dylan/.config/discord/0.0.54/modules/pending/discord_game_utils-1.zip: 27%
2024-05-17T02:05:06.726Z [Modules] Streaming discord_game_utils@1 to /home/dylan/.config/discord/0.0.54/modules/pending/discord_game_utils-1.zip: 28%
2024-05-17T02:05:06.727Z [Modules] Streaming discord_game_utils@1 to /home/dylan/.config/discord/0.0.54/modules/pending/discord_game_utils-1.zip: 29%
2024-05-17T02:05:06.727Z [Modules] Streaming discord_game_utils@1 to /home/dylan/.config/discord/0.0.54/modules/pending/discord_game_utils-1.zip: 30%
2024-05-17T02:05:06.727Z [Modules] Streaming discord_game_utils@1 to /home/dylan/.config/discord/0.0.54/modules/pending/discord_game_utils-1.zip: 31%
2024-05-17T02:05:06.728Z [Modules] Streaming discord_game_utils@1 to /home/dylan/.config/discord/0.0.54/modules/pending/discord_game_utils-1.zip: 32%
2024-05-17T02:05:06.749Z [Modules] Streaming discord_game_utils@1 to /home/dylan/.config/discord/0.0.54/modules/pending/discord_game_utils-1.zip: 33%
2024-05-17T02:05:06.750Z [Modules] Streaming discord_game_utils@1 to /home/dylan/.config/discord/0.0.54/modules/pending/discord_game_utils-1.zip: 34%
2024-05-17T02:05:06.768Z [Modules] Streaming discord_game_utils@1 to /home/dylan/.config/discord/0.0.54/modules/pending/discord_game_utils-1.zip: 35%
2024-05-17T02:05:06.770Z [Modules] Streaming discord_game_utils@1 to /home/dylan/.config/discord/0.0.54/modules/pending/discord_game_utils-1.zip: 36%
2024-05-17T02:05:06.770Z [Modules] Streaming discord_game_utils@1 to /home/dylan/.config/discord/0.0.54/modules/pending/discord_game_utils-1.zip: 37%
2024-05-17T02:05:06.775Z [Modules] Streaming discord_game_utils@1 to /home/dylan/.config/discord/0.0.54/modules/pending/discord_game_utils-1.zip: 38%
2024-05-17T02:05:06.776Z [Modules] Streaming discord_game_utils@1 to /home/dylan/.config/discord/0.0.54/modules/pending/discord_game_utils-1.zip: 39%
2024-05-17T02:05:06.776Z [Modules] Streaming discord_game_utils@1 to /home/dylan/.config/discord/0.0.54/modules/pending/discord_game_utils-1.zip: 40%
2024-05-17T02:05:06.798Z [Modules] Streaming discord_game_utils@1 to /home/dylan/.config/discord/0.0.54/modules/pending/discord_game_utils-1.zip: 41%
2024-05-17T02:05:06.798Z [Modules] Streaming discord_game_utils@1 to /home/dylan/.config/discord/0.0.54/modules/pending/discord_game_utils-1.zip: 42%
2024-05-17T02:05:06.809Z [Modules] Streaming discord_game_utils@1 to /home/dylan/.config/discord/0.0.54/modules/pending/discord_game_utils-1.zip: 43%
2024-05-17T02:05:06.810Z [Modules] Streaming discord_game_utils@1 to /home/dylan/.config/discord/0.0.54/modules/pending/discord_game_utils-1.zip: 44%
2024-05-17T02:05:06.818Z [Modules] Streaming discord_game_utils@1 to /home/dylan/.config/discord/0.0.54/modules/pending/discord_game_utils-1.zip: 45%
2024-05-17T02:05:06.819Z [Modules] Streaming discord_game_utils@1 to /home/dylan/.config/discord/0.0.54/modules/pending/discord_game_utils-1.zip: 46%
2024-05-17T02:05:06.820Z [Modules] Streaming discord_game_utils@1 to /home/dylan/.config/discord/0.0.54/modules/pending/discord_game_utils-1.zip: 47%
2024-05-17T02:05:06.821Z [Modules] Streaming discord_game_utils@1 to /home/dylan/.config/discord/0.0.54/modules/pending/discord_game_utils-1.zip: 48%
2024-05-17T02:05:06.822Z [Modules] Streaming discord_game_utils@1 to /home/dylan/.config/discord/0.0.54/modules/pending/discord_game_utils-1.zip: 49%
2024-05-17T02:05:06.823Z [Modules] Streaming discord_game_utils@1 to /home/dylan/.config/discord/0.0.54/modules/pending/discord_game_utils-1.zip: 50%
2024-05-17T02:05:06.824Z [Modules] Streaming discord_game_utils@1 to /home/dylan/.config/discord/0.0.54/modules/pending/discord_game_utils-1.zip: 51%
2024-05-17T02:05:06.824Z [Modules] Streaming discord_game_utils@1 to /home/dylan/.config/discord/0.0.54/modules/pending/discord_game_utils-1.zip: 52%
2024-05-17T02:05:06.825Z [Modules] Streaming discord_game_utils@1 to /home/dylan/.config/discord/0.0.54/modules/pending/discord_game_utils-1.zip: 53%
2024-05-17T02:05:06.873Z [Modules] Streaming discord_game_utils@1 to /home/dylan/.config/discord/0.0.54/modules/pending/discord_game_utils-1.zip: 54%
2024-05-17T02:05:06.941Z [Modules] Streaming discord_game_utils@1 to /home/dylan/.config/discord/0.0.54/modules/pending/discord_game_utils-1.zip: 55%
2024-05-17T02:05:06.944Z [Modules] Streaming discord_game_utils@1 to /home/dylan/.config/discord/0.0.54/modules/pending/discord_game_utils-1.zip: 56%
2024-05-17T02:05:06.944Z [Modules] Streaming discord_game_utils@1 to /home/dylan/.config/discord/0.0.54/modules/pending/discord_game_utils-1.zip: 57%
2024-05-17T02:05:06.946Z [Modules] Streaming discord_game_utils@1 to /home/dylan/.config/discord/0.0.54/modules/pending/discord_game_utils-1.zip: 58%
2024-05-17T02:05:07.042Z [Modules] Streaming discord_game_utils@1 to /home/dylan/.config/discord/0.0.54/modules/pending/discord_game_utils-1.zip: 59%
2024-05-17T02:05:07.043Z [Modules] Streaming discord_game_utils@1 to /home/dylan/.config/discord/0.0.54/modules/pending/discord_game_utils-1.zip: 60%
2024-05-17T02:05:07.043Z [Modules] Streaming discord_game_utils@1 to /home/dylan/.config/discord/0.0.54/modules/pending/discord_game_utils-1.zip: 61%
2024-05-17T02:05:07.044Z [Modules] Streaming discord_game_utils@1 to /home/dylan/.config/discord/0.0.54/modules/pending/discord_game_utils-1.zip: 62%
2024-05-17T02:05:07.045Z [Modules] Streaming discord_game_utils@1 to /home/dylan/.config/discord/0.0.54/modules/pending/discord_game_utils-1.zip: 63%
2024-05-17T02:05:07.045Z [Modules] Streaming discord_game_utils@1 to /home/dylan/.config/discord/0.0.54/modules/pending/discord_game_utils-1.zip: 64%
2024-05-17T02:05:07.046Z [Modules] Streaming discord_game_utils@1 to /home/dylan/.config/discord/0.0.54/modules/pending/discord_game_utils-1.zip: 65%
2024-05-17T02:05:07.046Z [Modules] Streaming discord_game_utils@1 to /home/dylan/.config/discord/0.0.54/modules/pending/discord_game_utils-1.zip: 66%
2024-05-17T02:05:07.047Z [Modules] Streaming discord_game_utils@1 to /home/dylan/.config/discord/0.0.54/modules/pending/discord_game_utils-1.zip: 67%
2024-05-17T02:05:07.047Z [Modules] Streaming discord_game_utils@1 to /home/dylan/.config/discord/0.0.54/modules/pending/discord_game_utils-1.zip: 68%
2024-05-17T02:05:07.048Z [Modules] Streaming discord_game_utils@1 to /home/dylan/.config/discord/0.0.54/modules/pending/discord_game_utils-1.zip: 69%
2024-05-17T02:05:07.049Z [Modules] Streaming discord_game_utils@1 to /home/dylan/.config/discord/0.0.54/modules/pending/discord_game_utils-1.zip: 70%
2024-05-17T02:05:07.049Z [Modules] Streaming discord_game_utils@1 to /home/dylan/.config/discord/0.0.54/modules/pending/discord_game_utils-1.zip: 71%
2024-05-17T02:05:07.050Z [Modules] Streaming discord_game_utils@1 to /home/dylan/.config/discord/0.0.54/modules/pending/discord_game_utils-1.zip: 72%
2024-05-17T02:05:07.050Z [Modules] Streaming discord_game_utils@1 to /home/dylan/.config/discord/0.0.54/modules/pending/discord_game_utils-1.zip: 73%
2024-05-17T02:05:07.051Z [Modules] Streaming discord_game_utils@1 to /home/dylan/.config/discord/0.0.54/modules/pending/discord_game_utils-1.zip: 74%
2024-05-17T02:05:07.052Z [Modules] Streaming discord_game_utils@1 to /home/dylan/.config/discord/0.0.54/modules/pending/discord_game_utils-1.zip: 75%
2024-05-17T02:05:07.052Z [Modules] Streaming discord_game_utils@1 to /home/dylan/.config/discord/0.0.54/modules/pending/discord_game_utils-1.zip: 76%
2024-05-17T02:05:07.053Z [Modules] Streaming discord_game_utils@1 to /home/dylan/.config/discord/0.0.54/modules/pending/discord_game_utils-1.zip: 77%
2024-05-17T02:05:07.054Z [Modules] Streaming discord_game_utils@1 to /home/dylan/.config/discord/0.0.54/modules/pending/discord_game_utils-1.zip: 78%
2024-05-17T02:05:07.055Z [Modules] Streaming discord_game_utils@1 to /home/dylan/.config/discord/0.0.54/modules/pending/discord_game_utils-1.zip: 79%
2024-05-17T02:05:07.055Z [Modules] Streaming discord_game_utils@1 to /home/dylan/.config/discord/0.0.54/modules/pending/discord_game_utils-1.zip: 80%
2024-05-17T02:05:07.056Z [Modules] Streaming discord_game_utils@1 to /home/dylan/.config/discord/0.0.54/modules/pending/discord_game_utils-1.zip: 81%
2024-05-17T02:05:07.057Z [Modules] Streaming discord_game_utils@1 to /home/dylan/.config/discord/0.0.54/modules/pending/discord_game_utils-1.zip: 82%
2024-05-17T02:05:07.058Z [Modules] Streaming discord_game_utils@1 to /home/dylan/.config/discord/0.0.54/modules/pending/discord_game_utils-1.zip: 83%
2024-05-17T02:05:07.059Z [Modules] Streaming discord_game_utils@1 to /home/dylan/.config/discord/0.0.54/modules/pending/discord_game_utils-1.zip: 84%
2024-05-17T02:05:07.129Z [Modules] Streaming discord_game_utils@1 to /home/dylan/.config/discord/0.0.54/modules/pending/discord_game_utils-1.zip: 85%
2024-05-17T02:05:07.130Z [Modules] Streaming discord_game_utils@1 to /home/dylan/.config/discord/0.0.54/modules/pending/discord_game_utils-1.zip: 86%
2024-05-17T02:05:07.131Z [Modules] Streaming discord_game_utils@1 to /home/dylan/.config/discord/0.0.54/modules/pending/discord_game_utils-1.zip: 87%
2024-05-17T02:05:07.132Z [Modules] Streaming discord_game_utils@1 to /home/dylan/.config/discord/0.0.54/modules/pending/discord_game_utils-1.zip: 88%
2024-05-17T02:05:07.132Z [Modules] Streaming discord_game_utils@1 to /home/dylan/.config/discord/0.0.54/modules/pending/discord_game_utils-1.zip: 89%
2024-05-17T02:05:07.133Z [Modules] Streaming discord_game_utils@1 to /home/dylan/.config/discord/0.0.54/modules/pending/discord_game_utils-1.zip: 90%
2024-05-17T02:05:07.133Z [Modules] Streaming discord_game_utils@1 to /home/dylan/.config/discord/0.0.54/modules/pending/discord_game_utils-1.zip: 91%
2024-05-17T02:05:07.134Z [Modules] Streaming discord_game_utils@1 to /home/dylan/.config/discord/0.0.54/modules/pending/discord_game_utils-1.zip: 92%
2024-05-17T02:05:07.135Z [Modules] Streaming discord_game_utils@1 to /home/dylan/.config/discord/0.0.54/modules/pending/discord_game_utils-1.zip: 93%
2024-05-17T02:05:07.136Z [Modules] Streaming discord_game_utils@1 to /home/dylan/.config/discord/0.0.54/modules/pending/discord_game_utils-1.zip: 94%
2024-05-17T02:05:07.136Z [Modules] Streaming discord_game_utils@1 to /home/dylan/.config/discord/0.0.54/modules/pending/discord_game_utils-1.zip: 95%
2024-05-17T02:05:07.137Z [Modules] Streaming discord_game_utils@1 to /home/dylan/.config/discord/0.0.54/modules/pending/discord_game_utils-1.zip: 96%
2024-05-17T02:05:07.138Z [Modules] Streaming discord_game_utils@1 to /home/dylan/.config/discord/0.0.54/modules/pending/discord_game_utils-1.zip: 97%
2024-05-17T02:05:07.139Z [Modules] Streaming discord_game_utils@1 to /home/dylan/.config/discord/0.0.54/modules/pending/discord_game_utils-1.zip: 98%
2024-05-17T02:05:07.139Z [Modules] Streaming discord_game_utils@1 to /home/dylan/.config/discord/0.0.54/modules/pending/discord_game_utils-1.zip: 99%
2024-05-17T02:05:07.139Z [Modules] Streaming discord_game_utils@1 to /home/dylan/.config/discord/0.0.54/modules/pending/discord_game_utils-1.zip: 100%
2024-05-17T02:05:07.145Z [Modules] Fetching discord_rpc@1 from https://discord.com/api/modules/stable/discord_rpc/1
2024-05-17T02:05:07.146Z [Modules] Streaming discord_rpc@1 to /home/dylan/.config/discord/0.0.54/modules/pending/discord_rpc-1.zip
2024-05-17T02:05:07.146Z [Modules] Installing discord_game_utils@1 from /home/dylan/.config/discord/0.0.54/modules/pending/discord_game_utils-1.zip
2024-05-17T02:05:07.398Z [Modules] Finished module installations. [success: 1] [failure: 0]
2024-05-17T02:05:07.648Z [Modules] Streaming discord_rpc@1 to /home/dylan/.config/discord/0.0.54/modules/pending/discord_rpc-1.zip: 100%
2024-05-17T02:05:07.651Z [Modules] Finished module downloads. [success: 3] [failure: 0]
2024-05-17T02:05:07.651Z [Modules] Installing discord_rpc@1 from /home/dylan/.config/discord/0.0.54/modules/pending/discord_rpc-1.zip
2024-05-17T02:05:07.719Z [Modules] Finished module installations. [success: 1] [failure: 0]
2024-05-17T13:04:31.266Z [Modules] Host is up to date.
2024-05-17T13:04:31.267Z [Modules] Checking for module updates at https://discord.com/api/modules/stable/versions.json
2024-05-17T13:04:31.323Z [Modules] No module updates available.
2024-05-17T13:13:56.457Z [Modules] Modules initializing
2024-05-17T13:13:56.457Z [Modules] Distribution: remote
2024-05-17T13:13:56.458Z [Modules] Host updates: disabled
2024-05-17T13:13:56.458Z [Modules] Module updates: enabled
2024-05-17T13:13:56.458Z [Modules] Module install path: /home/dylan/.config/discord/0.0.54/modules
2024-05-17T13:13:56.458Z [Modules] Module installed file path: /home/dylan/.config/discord/0.0.54/modules/installed.json
2024-05-17T13:13:56.459Z [Modules] Module download path: /home/dylan/.config/discord/0.0.54/modules/pending
2024-05-17T13:13:57.011Z [Modules] No updates to install
2024-05-17T13:13:57.012Z [Modules] Host is up to date.
2024-05-17T13:13:57.013Z [Modules] Checking for module updates at https://discord.com/api/modules/stable/versions.json
2024-05-17T13:13:57.169Z [Modules] No module updates available.
2024-05-17T13:14:00.395Z [Modules] Host is up to date.
2024-05-17T13:14:00.395Z [Modules] Checking for module updates at https://discord.com/api/modules/stable/versions.json
2024-05-17T13:14:00.403Z [Modules] No module updates available.
2024-05-17T14:14:00.399Z [Modules] Host is up to date.
2024-05-17T14:14:00.400Z [Modules] Checking for module updates at https://discord.com/api/modules/stable/versions.json
2024-05-17T14:14:00.452Z [Modules] No module updates available.
2024-05-17T15:14:00.395Z [Modules] Host is up to date.
2024-05-17T15:14:00.396Z [Modules] Checking for module updates at https://discord.com/api/modules/stable/versions.json
2024-05-17T15:14:00.448Z [Modules] No module updates available.
2024-05-17T16:14:00.395Z [Modules] Host is up to date.
2024-05-17T16:14:00.396Z [Modules] Checking for module updates at https://discord.com/api/modules/stable/versions.json
2024-05-17T16:14:00.455Z [Modules] No module updates available.
2024-05-17T17:14:00.395Z [Modules] Host is up to date.
2024-05-17T17:14:00.395Z [Modules] Checking for module updates at https://discord.com/api/modules/stable/versions.json
2024-05-17T17:14:00.527Z [Modules] No module updates available.
2024-05-17T19:07:12.093Z [Modules] Host is up to date.
2024-05-17T19:07:12.094Z [Modules] Checking for module updates at https://discord.com/api/modules/stable/versions.json
2024-05-17T19:07:12.150Z [Modules] No module updates available.
2024-05-17T20:07:12.095Z [Modules] Host is up to date.
2024-05-17T20:07:12.095Z [Modules] Checking for module updates at https://discord.com/api/modules/stable/versions.json
2024-05-17T20:07:12.146Z [Modules] No module updates available.
2024-05-17T21:07:12.090Z [Modules] Host is up to date.
2024-05-17T21:07:12.090Z [Modules] Checking for module updates at https://discord.com/api/modules/stable/versions.json
2024-05-17T21:07:12.158Z [Modules] No module updates available.
2024-05-17T22:07:12.090Z [Modules] Host is up to date.
2024-05-17T22:07:12.090Z [Modules] Checking for module updates at https://discord.com/api/modules/stable/versions.json
2024-05-17T22:07:12.218Z [Modules] No module updates available.
2024-05-17T23:07:12.090Z [Modules] Host is up to date.
2024-05-17T23:07:12.090Z [Modules] Checking for module updates at https://discord.com/api/modules/stable/versions.json
2024-05-17T23:07:12.152Z [Modules] No module updates available.
2024-05-18T16:52:33.741Z [Modules] Host is up to date.
2024-05-18T16:52:33.741Z [Modules] Checking for module updates at https://discord.com/api/modules/stable/versions.json
2024-05-18T16:52:33.801Z [Modules] No module updates available.
2024-05-18T17:52:34.167Z [Modules] Host is up to date.
2024-05-18T17:52:34.167Z [Modules] Checking for module updates at https://discord.com/api/modules/stable/versions.json
2024-05-18T17:52:34.228Z [Modules] No module updates available.
2024-05-18T19:07:14.206Z [Modules] Host is up to date.
2024-05-18T19:07:14.206Z [Modules] Checking for module updates at https://discord.com/api/modules/stable/versions.json
2024-05-18T19:07:14.389Z [Modules] No module updates available.
2024-05-18T20:07:14.658Z [Modules] Host is up to date.
2024-05-18T20:07:14.658Z [Modules] Checking for module updates at https://discord.com/api/modules/stable/versions.json
2024-05-18T20:07:14.822Z [Modules] No module updates available.
2024-05-18T21:33:13.651Z [Modules] Modules initializing
2024-05-18T21:33:13.651Z [Modules] Distribution: remote
2024-05-18T21:33:13.652Z [Modules] Host updates: disabled
2024-05-18T21:33:13.652Z [Modules] Module updates: enabled
2024-05-18T21:33:13.652Z [Modules] Module install path: /home/dylan/.config/discord/0.0.54/modules
2024-05-18T21:33:13.652Z [Modules] Module installed file path: /home/dylan/.config/discord/0.0.54/modules/installed.json
2024-05-18T21:33:13.653Z [Modules] Module download path: /home/dylan/.config/discord/0.0.54/modules/pending
2024-05-18T21:33:13.946Z [Modules] No updates to install
2024-05-18T21:33:13.948Z [Modules] Host is up to date.
2024-05-18T21:33:13.948Z [Modules] Checking for module updates at https://discord.com/api/modules/stable/versions.json
2024-05-18T21:33:14.410Z [Modules] No module updates available.
2024-05-18T21:33:19.374Z [Modules] Host is up to date.
2024-05-18T21:33:19.375Z [Modules] Checking for module updates at https://discord.com/api/modules/stable/versions.json
2024-05-18T21:33:19.382Z [Modules] No module updates available.
2024-05-19T02:44:51.405Z [Modules] Host is up to date.
2024-05-19T02:44:51.406Z [Modules] Checking for module updates at https://discord.com/api/modules/stable/versions.json
2024-05-19T02:44:51.486Z [Modules] No module updates available.
2024-05-19T03:44:51.399Z [Modules] Host is up to date.
2024-05-19T03:44:51.399Z [Modules] Checking for module updates at https://discord.com/api/modules/stable/versions.json
2024-05-19T03:44:51.459Z [Modules] No module updates available.
2024-05-19T04:44:51.399Z [Modules] Host is up to date.
2024-05-19T04:44:51.400Z [Modules] Checking for module updates at https://discord.com/api/modules/stable/versions.json
2024-05-19T04:44:51.450Z [Modules] No module updates available.
2024-05-19T15:27:49.608Z [Modules] Host is up to date.
2024-05-19T15:27:49.608Z [Modules] Checking for module updates at https://discord.com/api/modules/stable/versions.json
2024-05-19T15:27:49.687Z [Modules] No module updates available.
2024-05-19T16:27:49.601Z [Modules] Host is up to date.
2024-05-19T16:27:49.602Z [Modules] Checking for module updates at https://discord.com/api/modules/stable/versions.json
2024-05-19T16:27:49.699Z [Modules] No module updates available.
2024-05-19T17:27:49.602Z [Modules] Host is up to date.
2024-05-19T17:27:49.602Z [Modules] Checking for module updates at https://discord.com/api/modules/stable/versions.json
2024-05-19T17:27:49.672Z [Modules] No module updates available.
2024-05-19T18:27:49.601Z [Modules] Host is up to date.
2024-05-19T18:27:49.602Z [Modules] Checking for module updates at https://discord.com/api/modules/stable/versions.json
2024-05-19T18:27:49.663Z [Modules] No module updates available.
2024-05-19T19:27:49.608Z [Modules] Host is up to date.
2024-05-19T19:27:49.608Z [Modules] Checking for module updates at https://discord.com/api/modules/stable/versions.json
2024-05-19T19:27:49.662Z [Modules] No module updates available.
2024-05-19T20:27:49.601Z [Modules] Host is up to date.
2024-05-19T20:27:49.602Z [Modules] Checking for module updates at https://discord.com/api/modules/stable/versions.json
2024-05-19T20:27:49.650Z [Modules] No module updates available.
2024-05-19T21:49:13.075Z [Modules] Host is up to date.
2024-05-19T21:49:13.075Z [Modules] Checking for module updates at https://discord.com/api/modules/stable/versions.json
2024-05-19T21:49:13.135Z [Modules] No module updates available.
2024-05-19T22:49:13.078Z [Modules] Host is up to date.
2024-05-19T22:49:13.078Z [Modules] Checking for module updates at https://discord.com/api/modules/stable/versions.json
2024-05-19T22:49:13.145Z [Modules] No module updates available.
2024-05-19T23:49:13.074Z [Modules] Host is up to date.
2024-05-19T23:49:13.074Z [Modules] Checking for module updates at https://discord.com/api/modules/stable/versions.json
2024-05-19T23:49:13.129Z [Modules] No module updates available.
2024-05-20T00:49:13.078Z [Modules] Host is up to date.
2024-05-20T00:49:13.078Z [Modules] Checking for module updates at https://discord.com/api/modules/stable/versions.json
2024-05-20T00:49:13.122Z [Modules] No module updates available.
2024-05-20T01:49:13.074Z [Modules] Host is up to date.
2024-05-20T01:49:13.074Z [Modules] Checking for module updates at https://discord.com/api/modules/stable/versions.json
2024-05-20T01:49:13.138Z [Modules] No module updates available.
2024-05-20T17:15:10.157Z [Modules] Modules initializing
2024-05-20T17:15:10.158Z [Modules] Distribution: remote
2024-05-20T17:15:10.158Z [Modules] Host updates: disabled
2024-05-20T17:15:10.159Z [Modules] Module updates: enabled
2024-05-20T17:15:10.159Z [Modules] Module install path: /home/dylan/.config/discord/0.0.54/modules
2024-05-20T17:15:10.159Z [Modules] Module installed file path: /home/dylan/.config/discord/0.0.54/modules/installed.json
2024-05-20T17:15:10.160Z [Modules] Module download path: /home/dylan/.config/discord/0.0.54/modules/pending
2024-05-20T17:15:10.547Z [Modules] No updates to install
2024-05-20T17:15:10.548Z [Modules] Host is up to date.
2024-05-20T17:15:10.549Z [Modules] Checking for module updates at https://discord.com/api/modules/stable/versions.json
2024-05-20T17:15:10.715Z [Modules] No module updates available.
2024-05-20T17:15:13.834Z [Modules] Host is up to date.
2024-05-20T17:15:13.834Z [Modules] Checking for module updates at https://discord.com/api/modules/stable/versions.json
2024-05-20T17:15:13.842Z [Modules] No module updates available.
2024-05-20T18:15:13.438Z [Modules] Host is up to date.
2024-05-20T18:15:13.438Z [Modules] Checking for module updates at https://discord.com/api/modules/stable/versions.json
2024-05-20T18:15:13.526Z [Modules] No module updates available.
2024-05-22T15:46:31.487Z [Modules] Host is up to date.
2024-05-22T15:46:31.488Z [Modules] Checking for module updates at https://discord.com/api/modules/stable/versions.json
2024-05-22T15:46:31.547Z [Modules] Module update available: discord_voice@2 [installed: 1]
2024-05-22T15:46:31.547Z [Modules] Module update available: discord_krisp@2 [installed: 1]
2024-05-22T15:46:31.548Z [Modules] Fetching discord_voice@2 from https://discord.com/api/modules/stable/discord_voice/2
2024-05-22T15:46:31.548Z [Modules] Streaming discord_voice@2 to /home/dylan/.config/discord/0.0.54/modules/pending/discord_voice-2.zip
2024-05-22T15:46:31.729Z [Modules] Streaming discord_voice@2 to /home/dylan/.config/discord/0.0.54/modules/pending/discord_voice-2.zip: 1%
2024-05-22T15:46:31.736Z [Modules] Streaming discord_voice@2 to /home/dylan/.config/discord/0.0.54/modules/pending/discord_voice-2.zip: 2%
2024-05-22T15:46:31.741Z [Modules] Streaming discord_voice@2 to /home/dylan/.config/discord/0.0.54/modules/pending/discord_voice-2.zip: 3%
2024-05-22T15:46:31.747Z [Modules] Streaming discord_voice@2 to /home/dylan/.config/discord/0.0.54/modules/pending/discord_voice-2.zip: 4%
2024-05-22T15:46:31.751Z [Modules] Streaming discord_voice@2 to /home/dylan/.config/discord/0.0.54/modules/pending/discord_voice-2.zip: 5%
2024-05-22T15:46:31.757Z [Modules] Streaming discord_voice@2 to /home/dylan/.config/discord/0.0.54/modules/pending/discord_voice-2.zip: 6%
2024-05-22T15:46:31.764Z [Modules] Streaming discord_voice@2 to /home/dylan/.config/discord/0.0.54/modules/pending/discord_voice-2.zip: 7%
2024-05-22T15:46:31.768Z [Modules] Streaming discord_voice@2 to /home/dylan/.config/discord/0.0.54/modules/pending/discord_voice-2.zip: 8%
2024-05-22T15:46:31.772Z [Modules] Streaming discord_voice@2 to /home/dylan/.config/discord/0.0.54/modules/pending/discord_voice-2.zip: 9%
2024-05-22T15:46:31.780Z [Modules] Streaming discord_voice@2 to /home/dylan/.config/discord/0.0.54/modules/pending/discord_voice-2.zip: 10%
2024-05-22T15:46:31.785Z [Modules] Streaming discord_voice@2 to /home/dylan/.config/discord/0.0.54/modules/pending/discord_voice-2.zip: 11%
2024-05-22T15:46:31.802Z [Modules] Streaming discord_voice@2 to /home/dylan/.config/discord/0.0.54/modules/pending/discord_voice-2.zip: 12%
2024-05-22T15:46:31.819Z [Modules] Streaming discord_voice@2 to /home/dylan/.config/discord/0.0.54/modules/pending/discord_voice-2.zip: 13%
2024-05-22T15:46:31.828Z [Modules] Streaming discord_voice@2 to /home/dylan/.config/discord/0.0.54/modules/pending/discord_voice-2.zip: 14%
2024-05-22T15:46:31.833Z [Modules] Streaming discord_voice@2 to /home/dylan/.config/discord/0.0.54/modules/pending/discord_voice-2.zip: 15%
2024-05-22T15:46:31.840Z [Modules] Streaming discord_voice@2 to /home/dylan/.config/discord/0.0.54/modules/pending/discord_voice-2.zip: 16%
2024-05-22T15:46:31.844Z [Modules] Streaming discord_voice@2 to /home/dylan/.config/discord/0.0.54/modules/pending/discord_voice-2.zip: 17%
2024-05-22T15:46:31.849Z [Modules] Streaming discord_voice@2 to /home/dylan/.config/discord/0.0.54/modules/pending/discord_voice-2.zip: 18%
2024-05-22T15:46:31.856Z [Modules] Streaming discord_voice@2 to /home/dylan/.config/discord/0.0.54/modules/pending/discord_voice-2.zip: 19%
2024-05-22T15:46:31.870Z [Modules] Streaming discord_voice@2 to /home/dylan/.config/discord/0.0.54/modules/pending/discord_voice-2.zip: 20%
2024-05-22T15:46:31.878Z [Modules] Streaming discord_voice@2 to /home/dylan/.config/discord/0.0.54/modules/pending/discord_voice-2.zip: 21%
2024-05-22T15:46:31.882Z [Modules] Streaming discord_voice@2 to /home/dylan/.config/discord/0.0.54/modules/pending/discord_voice-2.zip: 22%
2024-05-22T15:46:31.903Z [Modules] Streaming discord_voice@2 to /home/dylan/.config/discord/0.0.54/modules/pending/discord_voice-2.zip: 23%
2024-05-22T15:46:31.907Z [Modules] Streaming discord_voice@2 to /home/dylan/.config/discord/0.0.54/modules/pending/discord_voice-2.zip: 24%
2024-05-22T15:46:31.914Z [Modules] Streaming discord_voice@2 to /home/dylan/.config/discord/0.0.54/modules/pending/discord_voice-2.zip: 25%
2024-05-22T15:46:31.918Z [Modules] Streaming discord_voice@2 to /home/dylan/.config/discord/0.0.54/modules/pending/discord_voice-2.zip: 26%
2024-05-22T15:46:31.923Z [Modules] Streaming discord_voice@2 to /home/dylan/.config/discord/0.0.54/modules/pending/discord_voice-2.zip: 27%
2024-05-22T15:46:31.929Z [Modules] Streaming discord_voice@2 to /home/dylan/.config/discord/0.0.54/modules/pending/discord_voice-2.zip: 28%
2024-05-22T15:46:31.935Z [Modules] Streaming discord_voice@2 to /home/dylan/.config/discord/0.0.54/modules/pending/discord_voice-2.zip: 29%
2024-05-22T15:46:31.939Z [Modules] Streaming discord_voice@2 to /home/dylan/.config/discord/0.0.54/modules/pending/discord_voice-2.zip: 30%
2024-05-22T15:46:31.946Z [Modules] Streaming discord_voice@2 to /home/dylan/.config/discord/0.0.54/modules/pending/discord_voice-2.zip: 31%
2024-05-22T15:46:31.949Z [Modules] Streaming discord_voice@2 to /home/dylan/.config/discord/0.0.54/modules/pending/discord_voice-2.zip: 32%
2024-05-22T15:46:31.955Z [Modules] Streaming discord_voice@2 to /home/dylan/.config/discord/0.0.54/modules/pending/discord_voice-2.zip: 33%
2024-05-22T15:46:31.960Z [Modules] Streaming discord_voice@2 to /home/dylan/.config/discord/0.0.54/modules/pending/discord_voice-2.zip: 34%
2024-05-22T15:46:31.968Z [Modules] Streaming discord_voice@2 to /home/dylan/.config/discord/0.0.54/modules/pending/discord_voice-2.zip: 35%
2024-05-22T15:46:31.978Z [Modules] Streaming discord_voice@2 to /home/dylan/.config/discord/0.0.54/modules/pending/discord_voice-2.zip: 36%
2024-05-22T15:46:31.983Z [Modules] Streaming discord_voice@2 to /home/dylan/.config/discord/0.0.54/modules/pending/discord_voice-2.zip: 37%
2024-05-22T15:46:31.997Z [Modules] Streaming discord_voice@2 to /home/dylan/.config/discord/0.0.54/modules/pending/discord_voice-2.zip: 38%
2024-05-22T15:46:32.010Z [Modules] Streaming discord_voice@2 to /home/dylan/.config/discord/0.0.54/modules/pending/discord_voice-2.zip: 39%
2024-05-22T15:46:32.015Z [Modules] Streaming discord_voice@2 to /home/dylan/.config/discord/0.0.54/modules/pending/discord_voice-2.zip: 40%
2024-05-22T15:46:32.020Z [Modules] Streaming discord_voice@2 to /home/dylan/.config/discord/0.0.54/modules/pending/discord_voice-2.zip: 41%
2024-05-22T15:46:32.025Z [Modules] Streaming discord_voice@2 to /home/dylan/.config/discord/0.0.54/modules/pending/discord_voice-2.zip: 42%
2024-05-22T15:46:32.031Z [Modules] Streaming discord_voice@2 to /home/dylan/.config/discord/0.0.54/modules/pending/discord_voice-2.zip: 43%
2024-05-22T15:46:32.035Z [Modules] Streaming discord_voice@2 to /home/dylan/.config/discord/0.0.54/modules/pending/discord_voice-2.zip: 44%
2024-05-22T15:46:32.040Z [Modules] Streaming discord_voice@2 to /home/dylan/.config/discord/0.0.54/modules/pending/discord_voice-2.zip: 45%
2024-05-22T15:46:32.051Z [Modules] Streaming discord_voice@2 to /home/dylan/.config/discord/0.0.54/modules/pending/discord_voice-2.zip: 46%
2024-05-22T15:46:32.065Z [Modules] Streaming discord_voice@2 to /home/dylan/.config/discord/0.0.54/modules/pending/discord_voice-2.zip: 47%
2024-05-22T15:46:32.069Z [Modules] Streaming discord_voice@2 to /home/dylan/.config/discord/0.0.54/modules/pending/discord_voice-2.zip: 48%
2024-05-22T15:46:32.075Z [Modules] Streaming discord_voice@2 to /home/dylan/.config/discord/0.0.54/modules/pending/discord_voice-2.zip: 49%
2024-05-22T15:46:32.080Z [Modules] Streaming discord_voice@2 to /home/dylan/.config/discord/0.0.54/modules/pending/discord_voice-2.zip: 50%
2024-05-22T15:46:32.085Z [Modules] Streaming discord_voice@2 to /home/dylan/.config/discord/0.0.54/modules/pending/discord_voice-2.zip: 51%
2024-05-22T15:46:32.093Z [Modules] Streaming discord_voice@2 to /home/dylan/.config/discord/0.0.54/modules/pending/discord_voice-2.zip: 52%
2024-05-22T15:46:32.099Z [Modules] Streaming discord_voice@2 to /home/dylan/.config/discord/0.0.54/modules/pending/discord_voice-2.zip: 53%
2024-05-22T15:46:32.103Z [Modules] Streaming discord_voice@2 to /home/dylan/.config/discord/0.0.54/modules/pending/discord_voice-2.zip: 54%
2024-05-22T15:46:32.111Z [Modules] Streaming discord_voice@2 to /home/dylan/.config/discord/0.0.54/modules/pending/discord_voice-2.zip: 55%
2024-05-22T15:46:32.115Z [Modules] Streaming discord_voice@2 to /home/dylan/.config/discord/0.0.54/modules/pending/discord_voice-2.zip: 56%
2024-05-22T15:46:32.121Z [Modules] Streaming discord_voice@2 to /home/dylan/.config/discord/0.0.54/modules/pending/discord_voice-2.zip: 57%
2024-05-22T15:46:32.126Z [Modules] Streaming discord_voice@2 to /home/dylan/.config/discord/0.0.54/modules/pending/discord_voice-2.zip: 58%
2024-05-22T15:46:32.132Z [Modules] Streaming discord_voice@2 to /home/dylan/.config/discord/0.0.54/modules/pending/discord_voice-2.zip: 59%
2024-05-22T15:46:32.136Z [Modules] Streaming discord_voice@2 to /home/dylan/.config/discord/0.0.54/modules/pending/discord_voice-2.zip: 60%
2024-05-22T15:46:32.142Z [Modules] Streaming discord_voice@2 to /home/dylan/.config/discord/0.0.54/modules/pending/discord_voice-2.zip: 61%
2024-05-22T15:46:32.152Z [Modules] Streaming discord_voice@2 to /home/dylan/.config/discord/0.0.54/modules/pending/discord_voice-2.zip: 62%
2024-05-22T15:46:32.159Z [Modules] Streaming discord_voice@2 to /home/dylan/.config/discord/0.0.54/modules/pending/discord_voice-2.zip: 63%
2024-05-22T15:46:32.164Z [Modules] Streaming discord_voice@2 to /home/dylan/.config/discord/0.0.54/modules/pending/discord_voice-2.zip: 64%
2024-05-22T15:46:32.171Z [Modules] Streaming discord_voice@2 to /home/dylan/.config/discord/0.0.54/modules/pending/discord_voice-2.zip: 65%
2024-05-22T15:46:32.185Z [Modules] Streaming discord_voice@2 to /home/dylan/.config/discord/0.0.54/modules/pending/discord_voice-2.zip: 66%
2024-05-22T15:46:32.199Z [Modules] Streaming discord_voice@2 to /home/dylan/.config/discord/0.0.54/modules/pending/discord_voice-2.zip: 67%
2024-05-22T15:46:32.205Z [Modules] Streaming discord_voice@2 to /home/dylan/.config/discord/0.0.54/modules/pending/discord_voice-2.zip: 68%
2024-05-22T15:46:32.210Z [Modules] Streaming discord_voice@2 to /home/dylan/.config/discord/0.0.54/modules/pending/discord_voice-2.zip: 69%
2024-05-22T15:46:32.215Z [Modules] Streaming discord_voice@2 to /home/dylan/.config/discord/0.0.54/modules/pending/discord_voice-2.zip: 70%
2024-05-22T15:46:32.220Z [Modules] Streaming discord_voice@2 to /home/dylan/.config/discord/0.0.54/modules/pending/discord_voice-2.zip: 71%
2024-05-22T15:46:32.224Z [Modules] Streaming discord_voice@2 to /home/dylan/.config/discord/0.0.54/modules/pending/discord_voice-2.zip: 72%
2024-05-22T15:46:32.230Z [Modules] Streaming discord_voice@2 to /home/dylan/.config/discord/0.0.54/modules/pending/discord_voice-2.zip: 73%
2024-05-22T15:46:32.235Z [Modules] Streaming discord_voice@2 to /home/dylan/.config/discord/0.0.54/modules/pending/discord_voice-2.zip: 74%
2024-05-22T15:46:32.251Z [Modules] Streaming discord_voice@2 to /home/dylan/.config/discord/0.0.54/modules/pending/discord_voice-2.zip: 75%
2024-05-22T15:46:32.255Z [Modules] Streaming discord_voice@2 to /home/dylan/.config/discord/0.0.54/modules/pending/discord_voice-2.zip: 76%
2024-05-22T15:46:32.261Z [Modules] Streaming discord_voice@2 to /home/dylan/.config/discord/0.0.54/modules/pending/discord_voice-2.zip: 77%
2024-05-22T15:46:32.268Z [Modules] Streaming discord_voice@2 to /home/dylan/.config/discord/0.0.54/modules/pending/discord_voice-2.zip: 78%
2024-05-22T15:46:32.271Z [Modules] Streaming discord_voice@2 to /home/dylan/.config/discord/0.0.54/modules/pending/discord_voice-2.zip: 79%
2024-05-22T15:46:32.275Z [Modules] Streaming discord_voice@2 to /home/dylan/.config/discord/0.0.54/modules/pending/discord_voice-2.zip: 80%
2024-05-22T15:46:32.281Z [Modules] Streaming discord_voice@2 to /home/dylan/.config/discord/0.0.54/modules/pending/discord_voice-2.zip: 81%
2024-05-22T15:46:32.285Z [Modules] Streaming discord_voice@2 to /home/dylan/.config/discord/0.0.54/modules/pending/discord_voice-2.zip: 82%
2024-05-22T15:46:32.291Z [Modules] Streaming discord_voice@2 to /home/dylan/.config/discord/0.0.54/modules/pending/discord_voice-2.zip: 83%
2024-05-22T15:46:32.295Z [Modules] Streaming discord_voice@2 to /home/dylan/.config/discord/0.0.54/modules/pending/discord_voice-2.zip: 84%
2024-05-22T15:46:32.301Z [Modules] Streaming discord_voice@2 to /home/dylan/.config/discord/0.0.54/modules/pending/discord_voice-2.zip: 85%
2024-05-22T15:46:32.306Z [Modules] Streaming discord_voice@2 to /home/dylan/.config/discord/0.0.54/modules/pending/discord_voice-2.zip: 86%
2024-05-22T15:46:32.311Z [Modules] Streaming discord_voice@2 to /home/dylan/.config/discord/0.0.54/modules/pending/discord_voice-2.zip: 87%
2024-05-22T15:46:32.316Z [Modules] Streaming discord_voice@2 to /home/dylan/.config/discord/0.0.54/modules/pending/discord_voice-2.zip: 88%
2024-05-22T15:46:32.320Z [Modules] Streaming discord_voice@2 to /home/dylan/.config/discord/0.0.54/modules/pending/discord_voice-2.zip: 89%
2024-05-22T15:46:32.326Z [Modules] Streaming discord_voice@2 to /home/dylan/.config/discord/0.0.54/modules/pending/discord_voice-2.zip: 90%
2024-05-22T15:46:32.331Z [Modules] Streaming discord_voice@2 to /home/dylan/.config/discord/0.0.54/modules/pending/discord_voice-2.zip: 91%
2024-05-22T15:46:32.336Z [Modules] Streaming discord_voice@2 to /home/dylan/.config/discord/0.0.54/modules/pending/discord_voice-2.zip: 92%
2024-05-22T15:46:32.341Z [Modules] Streaming discord_voice@2 to /home/dylan/.config/discord/0.0.54/modules/pending/discord_voice-2.zip: 93%
2024-05-22T15:46:32.345Z [Modules] Streaming discord_voice@2 to /home/dylan/.config/discord/0.0.54/modules/pending/discord_voice-2.zip: 94%
2024-05-22T15:46:32.351Z [Modules] Streaming discord_voice@2 to /home/dylan/.config/discord/0.0.54/modules/pending/discord_voice-2.zip: 95%
2024-05-22T15:46:32.356Z [Modules] Streaming discord_voice@2 to /home/dylan/.config/discord/0.0.54/modules/pending/discord_voice-2.zip: 96%
2024-05-22T15:46:32.361Z [Modules] Streaming discord_voice@2 to /home/dylan/.config/discord/0.0.54/modules/pending/discord_voice-2.zip: 97%
2024-05-22T15:46:32.367Z [Modules] Streaming discord_voice@2 to /home/dylan/.config/discord/0.0.54/modules/pending/discord_voice-2.zip: 98%
2024-05-22T15:46:32.372Z [Modules] Streaming discord_voice@2 to /home/dylan/.config/discord/0.0.54/modules/pending/discord_voice-2.zip: 99%
2024-05-22T15:46:32.376Z [Modules] Streaming discord_voice@2 to /home/dylan/.config/discord/0.0.54/modules/pending/discord_voice-2.zip: 100%
2024-05-22T15:46:32.380Z [Modules] Fetching discord_krisp@2 from https://discord.com/api/modules/stable/discord_krisp/2
2024-05-22T15:46:32.381Z [Modules] Streaming discord_krisp@2 to /home/dylan/.config/discord/0.0.54/modules/pending/discord_krisp-2.zip
2024-05-22T15:46:32.467Z [Modules] Streaming discord_krisp@2 to /home/dylan/.config/discord/0.0.54/modules/pending/discord_krisp-2.zip: 1%
2024-05-22T15:46:32.473Z [Modules] Streaming discord_krisp@2 to /home/dylan/.config/discord/0.0.54/modules/pending/discord_krisp-2.zip: 2%
2024-05-22T15:46:32.479Z [Modules] Streaming discord_krisp@2 to /home/dylan/.config/discord/0.0.54/modules/pending/discord_krisp-2.zip: 3%
2024-05-22T15:46:32.482Z [Modules] Streaming discord_krisp@2 to /home/dylan/.config/discord/0.0.54/modules/pending/discord_krisp-2.zip: 4%
2024-05-22T15:46:32.488Z [Modules] Streaming discord_krisp@2 to /home/dylan/.config/discord/0.0.54/modules/pending/discord_krisp-2.zip: 5%
2024-05-22T15:46:32.493Z [Modules] Streaming discord_krisp@2 to /home/dylan/.config/discord/0.0.54/modules/pending/discord_krisp-2.zip: 6%
2024-05-22T15:46:32.499Z [Modules] Streaming discord_krisp@2 to /home/dylan/.config/discord/0.0.54/modules/pending/discord_krisp-2.zip: 7%
2024-05-22T15:46:32.503Z [Modules] Streaming discord_krisp@2 to /home/dylan/.config/discord/0.0.54/modules/pending/discord_krisp-2.zip: 8%
2024-05-22T15:46:32.509Z [Modules] Streaming discord_krisp@2 to /home/dylan/.config/discord/0.0.54/modules/pending/discord_krisp-2.zip: 9%
2024-05-22T15:46:32.514Z [Modules] Streaming discord_krisp@2 to /home/dylan/.config/discord/0.0.54/modules/pending/discord_krisp-2.zip: 10%
2024-05-22T15:46:32.520Z [Modules] Streaming discord_krisp@2 to /home/dylan/.config/discord/0.0.54/modules/pending/discord_krisp-2.zip: 11%
2024-05-22T15:46:32.524Z [Modules] Streaming discord_krisp@2 to /home/dylan/.config/discord/0.0.54/modules/pending/discord_krisp-2.zip: 12%
2024-05-22T15:46:32.530Z [Modules] Streaming discord_krisp@2 to /home/dylan/.config/discord/0.0.54/modules/pending/discord_krisp-2.zip: 13%
2024-05-22T15:46:32.535Z [Modules] Streaming discord_krisp@2 to /home/dylan/.config/discord/0.0.54/modules/pending/discord_krisp-2.zip: 14%
2024-05-22T15:46:32.540Z [Modules] Streaming discord_krisp@2 to /home/dylan/.config/discord/0.0.54/modules/pending/discord_krisp-2.zip: 15%
2024-05-22T15:46:32.546Z [Modules] Streaming discord_krisp@2 to /home/dylan/.config/discord/0.0.54/modules/pending/discord_krisp-2.zip: 16%
2024-05-22T15:46:32.551Z [Modules] Streaming discord_krisp@2 to /home/dylan/.config/discord/0.0.54/modules/pending/discord_krisp-2.zip: 17%
2024-05-22T15:46:32.556Z [Modules] Streaming discord_krisp@2 to /home/dylan/.config/discord/0.0.54/modules/pending/discord_krisp-2.zip: 18%
2024-05-22T15:46:32.562Z [Modules] Streaming discord_krisp@2 to /home/dylan/.config/discord/0.0.54/modules/pending/discord_krisp-2.zip: 19%
2024-05-22T15:46:32.566Z [Modules] Streaming discord_krisp@2 to /home/dylan/.config/discord/0.0.54/modules/pending/discord_krisp-2.zip: 20%
2024-05-22T15:46:32.572Z [Modules] Streaming discord_krisp@2 to /home/dylan/.config/discord/0.0.54/modules/pending/discord_krisp-2.zip: 21%
2024-05-22T15:46:32.576Z [Modules] Streaming discord_krisp@2 to /home/dylan/.config/discord/0.0.54/modules/pending/discord_krisp-2.zip: 22%
2024-05-22T15:46:32.581Z [Modules] Streaming discord_krisp@2 to /home/dylan/.config/discord/0.0.54/modules/pending/discord_krisp-2.zip: 23%
2024-05-22T15:46:32.587Z [Modules] Streaming discord_krisp@2 to /home/dylan/.config/discord/0.0.54/modules/pending/discord_krisp-2.zip: 24%
2024-05-22T15:46:32.592Z [Modules] Streaming discord_krisp@2 to /home/dylan/.config/discord/0.0.54/modules/pending/discord_krisp-2.zip: 25%
2024-05-22T15:46:32.598Z [Modules] Streaming discord_krisp@2 to /home/dylan/.config/discord/0.0.54/modules/pending/discord_krisp-2.zip: 26%
2024-05-22T15:46:32.603Z [Modules] Streaming discord_krisp@2 to /home/dylan/.config/discord/0.0.54/modules/pending/discord_krisp-2.zip: 27%
2024-05-22T15:46:32.607Z [Modules] Streaming discord_krisp@2 to /home/dylan/.config/discord/0.0.54/modules/pending/discord_krisp-2.zip: 28%
2024-05-22T15:46:32.613Z [Modules] Streaming discord_krisp@2 to /home/dylan/.config/discord/0.0.54/modules/pending/discord_krisp-2.zip: 29%
2024-05-22T15:46:32.619Z [Modules] Streaming discord_krisp@2 to /home/dylan/.config/discord/0.0.54/modules/pending/discord_krisp-2.zip: 30%
2024-05-22T15:46:32.623Z [Modules] Streaming discord_krisp@2 to /home/dylan/.config/discord/0.0.54/modules/pending/discord_krisp-2.zip: 31%
2024-05-22T15:46:32.629Z [Modules] Streaming discord_krisp@2 to /home/dylan/.config/discord/0.0.54/modules/pending/discord_krisp-2.zip: 32%
2024-05-22T15:46:32.633Z [Modules] Streaming discord_krisp@2 to /home/dylan/.config/discord/0.0.54/modules/pending/discord_krisp-2.zip: 33%
2024-05-22T15:46:32.639Z [Modules] Streaming discord_krisp@2 to /home/dylan/.config/discord/0.0.54/modules/pending/discord_krisp-2.zip: 34%
2024-05-22T15:46:32.644Z [Modules] Streaming discord_krisp@2 to /home/dylan/.config/discord/0.0.54/modules/pending/discord_krisp-2.zip: 35%
2024-05-22T15:46:32.649Z [Modules] Streaming discord_krisp@2 to /home/dylan/.config/discord/0.0.54/modules/pending/discord_krisp-2.zip: 36%
2024-05-22T15:46:32.655Z [Modules] Streaming discord_krisp@2 to /home/dylan/.config/discord/0.0.54/modules/pending/discord_krisp-2.zip: 37%
2024-05-22T15:46:32.659Z [Modules] Streaming discord_krisp@2 to /home/dylan/.config/discord/0.0.54/modules/pending/discord_krisp-2.zip: 38%
2024-05-22T15:46:32.665Z [Modules] Streaming discord_krisp@2 to /home/dylan/.config/discord/0.0.54/modules/pending/discord_krisp-2.zip: 39%
2024-05-22T15:46:32.679Z [Modules] Streaming discord_krisp@2 to /home/dylan/.config/discord/0.0.54/modules/pending/discord_krisp-2.zip: 40%
2024-05-22T15:46:32.691Z [Modules] Streaming discord_krisp@2 to /home/dylan/.config/discord/0.0.54/modules/pending/discord_krisp-2.zip: 41%
2024-05-22T15:46:32.695Z [Modules] Streaming discord_krisp@2 to /home/dylan/.config/discord/0.0.54/modules/pending/discord_krisp-2.zip: 42%
2024-05-22T15:46:32.701Z [Modules] Streaming discord_krisp@2 to /home/dylan/.config/discord/0.0.54/modules/pending/discord_krisp-2.zip: 43%
2024-05-22T15:46:32.708Z [Modules] Streaming discord_krisp@2 to /home/dylan/.config/discord/0.0.54/modules/pending/discord_krisp-2.zip: 44%
2024-05-22T15:46:32.713Z [Modules] Streaming discord_krisp@2 to /home/dylan/.config/discord/0.0.54/modules/pending/discord_krisp-2.zip: 45%
2024-05-22T15:46:32.718Z [Modules] Streaming discord_krisp@2 to /home/dylan/.config/discord/0.0.54/modules/pending/discord_krisp-2.zip: 46%
2024-05-22T15:46:32.722Z [Modules] Streaming discord_krisp@2 to /home/dylan/.config/discord/0.0.54/modules/pending/discord_krisp-2.zip: 47%
2024-05-22T15:46:32.729Z [Modules] Streaming discord_krisp@2 to /home/dylan/.config/discord/0.0.54/modules/pending/discord_krisp-2.zip: 48%
2024-05-22T15:46:32.734Z [Modules] Streaming discord_krisp@2 to /home/dylan/.config/discord/0.0.54/modules/pending/discord_krisp-2.zip: 49%
2024-05-22T15:46:32.738Z [Modules] Streaming discord_krisp@2 to /home/dylan/.config/discord/0.0.54/modules/pending/discord_krisp-2.zip: 50%
2024-05-22T15:46:32.745Z [Modules] Streaming discord_krisp@2 to /home/dylan/.config/discord/0.0.54/modules/pending/discord_krisp-2.zip: 51%
2024-05-22T15:46:32.749Z [Modules] Streaming discord_krisp@2 to /home/dylan/.config/discord/0.0.54/modules/pending/discord_krisp-2.zip: 52%
2024-05-22T15:46:32.769Z [Modules] Streaming discord_krisp@2 to /home/dylan/.config/discord/0.0.54/modules/pending/discord_krisp-2.zip: 53%
2024-05-22T15:46:32.782Z [Modules] Streaming discord_krisp@2 to /home/dylan/.config/discord/0.0.54/modules/pending/discord_krisp-2.zip: 54%
2024-05-22T15:46:32.803Z [Modules] Streaming discord_krisp@2 to /home/dylan/.config/discord/0.0.54/modules/pending/discord_krisp-2.zip: 55%
2024-05-22T15:46:32.827Z [Modules] Streaming discord_krisp@2 to /home/dylan/.config/discord/0.0.54/modules/pending/discord_krisp-2.zip: 56%
2024-05-22T15:46:32.841Z [Modules] Streaming discord_krisp@2 to /home/dylan/.config/discord/0.0.54/modules/pending/discord_krisp-2.zip: 57%
2024-05-22T15:46:32.859Z [Modules] Streaming discord_krisp@2 to /home/dylan/.config/discord/0.0.54/modules/pending/discord_krisp-2.zip: 58%
2024-05-22T15:46:32.881Z [Modules] Streaming discord_krisp@2 to /home/dylan/.config/discord/0.0.54/modules/pending/discord_krisp-2.zip: 59%
2024-05-22T15:46:32.902Z [Modules] Streaming discord_krisp@2 to /home/dylan/.config/discord/0.0.54/modules/pending/discord_krisp-2.zip: 60%
2024-05-22T15:46:32.919Z [Modules] Streaming discord_krisp@2 to /home/dylan/.config/discord/0.0.54/modules/pending/discord_krisp-2.zip: 61%
2024-05-22T15:46:32.927Z [Modules] Streaming discord_krisp@2 to /home/dylan/.config/discord/0.0.54/modules/pending/discord_krisp-2.zip: 62%
2024-05-22T15:46:32.932Z [Modules] Streaming discord_krisp@2 to /home/dylan/.config/discord/0.0.54/modules/pending/discord_krisp-2.zip: 63%
2024-05-22T15:46:32.949Z [Modules] Streaming discord_krisp@2 to /home/dylan/.config/discord/0.0.54/modules/pending/discord_krisp-2.zip: 64%
2024-05-22T15:46:32.955Z [Modules] Streaming discord_krisp@2 to /home/dylan/.config/discord/0.0.54/modules/pending/discord_krisp-2.zip: 65%
2024-05-22T15:46:32.968Z [Modules] Streaming discord_krisp@2 to /home/dylan/.config/discord/0.0.54/modules/pending/discord_krisp-2.zip: 66%
2024-05-22T15:46:32.973Z [Modules] Streaming discord_krisp@2 to /home/dylan/.config/discord/0.0.54/modules/pending/discord_krisp-2.zip: 67%
2024-05-22T15:46:32.978Z [Modules] Streaming discord_krisp@2 to /home/dylan/.config/discord/0.0.54/modules/pending/discord_krisp-2.zip: 68%
2024-05-22T15:46:32.985Z [Modules] Streaming discord_krisp@2 to /home/dylan/.config/discord/0.0.54/modules/pending/discord_krisp-2.zip: 69%
2024-05-22T15:46:32.997Z [Modules] Streaming discord_krisp@2 to /home/dylan/.config/discord/0.0.54/modules/pending/discord_krisp-2.zip: 70%
2024-05-22T15:46:33.002Z [Modules] Streaming discord_krisp@2 to /home/dylan/.config/discord/0.0.54/modules/pending/discord_krisp-2.zip: 71%
2024-05-22T15:46:33.006Z [Modules] Streaming discord_krisp@2 to /home/dylan/.config/discord/0.0.54/modules/pending/discord_krisp-2.zip: 72%
2024-05-22T15:46:33.012Z [Modules] Streaming discord_krisp@2 to /home/dylan/.config/discord/0.0.54/modules/pending/discord_krisp-2.zip: 73%
2024-05-22T15:46:33.016Z [Modules] Streaming discord_krisp@2 to /home/dylan/.config/discord/0.0.54/modules/pending/discord_krisp-2.zip: 74%
2024-05-22T15:46:33.025Z [Modules] Streaming discord_krisp@2 to /home/dylan/.config/discord/0.0.54/modules/pending/discord_krisp-2.zip: 75%
2024-05-22T15:46:33.030Z [Modules] Streaming discord_krisp@2 to /home/dylan/.config/discord/0.0.54/modules/pending/discord_krisp-2.zip: 76%
2024-05-22T15:46:33.035Z [Modules] Streaming discord_krisp@2 to /home/dylan/.config/discord/0.0.54/modules/pending/discord_krisp-2.zip: 77%
2024-05-22T15:46:33.041Z [Modules] Streaming discord_krisp@2 to /home/dylan/.config/discord/0.0.54/modules/pending/discord_krisp-2.zip: 78%
2024-05-22T15:46:33.046Z [Modules] Streaming discord_krisp@2 to /home/dylan/.config/discord/0.0.54/modules/pending/discord_krisp-2.zip: 79%
2024-05-22T15:46:33.050Z [Modules] Streaming discord_krisp@2 to /home/dylan/.config/discord/0.0.54/modules/pending/discord_krisp-2.zip: 80%
2024-05-22T15:46:33.056Z [Modules] Streaming discord_krisp@2 to /home/dylan/.config/discord/0.0.54/modules/pending/discord_krisp-2.zip: 81%
2024-05-22T15:46:33.060Z [Modules] Streaming discord_krisp@2 to /home/dylan/.config/discord/0.0.54/modules/pending/discord_krisp-2.zip: 82%
2024-05-22T15:46:33.066Z [Modules] Streaming discord_krisp@2 to /home/dylan/.config/discord/0.0.54/modules/pending/discord_krisp-2.zip: 83%
2024-05-22T15:46:33.070Z [Modules] Streaming discord_krisp@2 to /home/dylan/.config/discord/0.0.54/modules/pending/discord_krisp-2.zip: 84%
2024-05-22T15:46:33.076Z [Modules] Streaming discord_krisp@2 to /home/dylan/.config/discord/0.0.54/modules/pending/discord_krisp-2.zip: 85%
2024-05-22T15:46:33.082Z [Modules] Streaming discord_krisp@2 to /home/dylan/.config/discord/0.0.54/modules/pending/discord_krisp-2.zip: 86%
2024-05-22T15:46:33.113Z [Modules] Streaming discord_krisp@2 to /home/dylan/.config/discord/0.0.54/modules/pending/discord_krisp-2.zip: 87%
2024-05-22T15:46:33.114Z [Modules] Streaming discord_krisp@2 to /home/dylan/.config/discord/0.0.54/modules/pending/discord_krisp-2.zip: 88%
2024-05-22T15:46:33.116Z [Modules] Streaming discord_krisp@2 to /home/dylan/.config/discord/0.0.54/modules/pending/discord_krisp-2.zip: 89%
2024-05-22T15:46:33.118Z [Modules] Streaming discord_krisp@2 to /home/dylan/.config/discord/0.0.54/modules/pending/discord_krisp-2.zip: 90%
2024-05-22T15:46:33.120Z [Modules] Streaming discord_krisp@2 to /home/dylan/.config/discord/0.0.54/modules/pending/discord_krisp-2.zip: 91%
2024-05-22T15:46:33.121Z [Modules] Streaming discord_krisp@2 to /home/dylan/.config/discord/0.0.54/modules/pending/discord_krisp-2.zip: 92%
2024-05-22T15:46:33.122Z [Modules] Streaming discord_krisp@2 to /home/dylan/.config/discord/0.0.54/modules/pending/discord_krisp-2.zip: 93%
2024-05-22T15:46:33.124Z [Modules] Streaming discord_krisp@2 to /home/dylan/.config/discord/0.0.54/modules/pending/discord_krisp-2.zip: 94%
2024-05-22T15:46:33.127Z [Modules] Streaming discord_krisp@2 to /home/dylan/.config/discord/0.0.54/modules/pending/discord_krisp-2.zip: 95%
2024-05-22T15:46:33.133Z [Modules] Streaming discord_krisp@2 to /home/dylan/.config/discord/0.0.54/modules/pending/discord_krisp-2.zip: 96%
2024-05-22T15:46:33.138Z [Modules] Streaming discord_krisp@2 to /home/dylan/.config/discord/0.0.54/modules/pending/discord_krisp-2.zip: 97%
2024-05-22T15:46:33.142Z [Modules] Streaming discord_krisp@2 to /home/dylan/.config/discord/0.0.54/modules/pending/discord_krisp-2.zip: 98%
2024-05-22T15:46:33.148Z [Modules] Streaming discord_krisp@2 to /home/dylan/.config/discord/0.0.54/modules/pending/discord_krisp-2.zip: 99%
2024-05-22T15:46:33.152Z [Modules] Streaming discord_krisp@2 to /home/dylan/.config/discord/0.0.54/modules/pending/discord_krisp-2.zip: 100%
2024-05-22T15:46:33.154Z [Modules] Finished module downloads. [success: 2] [failure: 0]
2024-05-22T17:41:44.150Z [Modules] Modules initializing
2024-05-22T17:41:44.150Z [Modules] Distribution: remote
2024-05-22T17:41:44.150Z [Modules] Host updates: disabled
2024-05-22T17:41:44.151Z [Modules] Module updates: enabled
2024-05-22T17:41:44.151Z [Modules] Module install path: /home/dylan/.config/discord/0.0.54/modules
2024-05-22T17:41:44.151Z [Modules] Module installed file path: /home/dylan/.config/discord/0.0.54/modules/installed.json
2024-05-22T17:41:44.151Z [Modules] Module download path: /home/dylan/.config/discord/0.0.54/modules/pending
2024-05-22T17:41:44.440Z [Modules] Installing updates...
2024-05-22T17:41:44.441Z [Modules] Installing discord_voice@2 from /home/dylan/.config/discord/0.0.54/modules/pending/discord_voice-2.zip
2024-05-22T17:41:45.264Z [Modules] Installing discord_krisp@2 from /home/dylan/.config/discord/0.0.54/modules/pending/discord_krisp-2.zip
2024-05-22T17:41:45.748Z [Modules] Finished module installations. [success: 2] [failure: 0]
2024-05-22T17:41:45.749Z [Modules] Host is up to date.
2024-05-22T17:41:45.749Z [Modules] Checking for module updates at https://discord.com/api/modules/stable/versions.json
2024-05-22T17:42:00.862Z [Modules] Failed fetching module versions: Error: getaddrinfo EAI_AGAIN discord.com
2024-05-22T17:42:05.753Z [Modules] Host is up to date.
2024-05-22T17:42:05.754Z [Modules] Checking for module updates at https://discord.com/api/modules/stable/versions.json
2024-05-22T17:42:20.872Z [Modules] Failed fetching module versions: Error: getaddrinfo EAI_AGAIN discord.com
2024-05-22T17:42:45.783Z [Modules] Host is up to date.
2024-05-22T17:42:45.784Z [Modules] Checking for module updates at https://discord.com/api/modules/stable/versions.json
2024-05-22T17:43:05.818Z [Modules] Failed fetching module versions: Error: getaddrinfo EAI_AGAIN discord.com
2024-05-22T17:43:45.830Z [Modules] Host is up to date.
2024-05-22T17:43:45.830Z [Modules] Checking for module updates at https://discord.com/api/modules/stable/versions.json
2024-05-22T17:44:00.950Z [Modules] Failed fetching module versions: Error: getaddrinfo EAI_AGAIN discord.com
2024-05-22T17:44:05.823Z [Modules] Host is up to date.
2024-05-22T17:44:05.823Z [Modules] Checking for module updates at https://discord.com/api/modules/stable/versions.json
2024-05-22T17:44:20.908Z [Modules] Failed fetching module versions: Error: getaddrinfo EAI_AGAIN discord.com
2024-05-22T17:44:55.867Z [Modules] Host is up to date.
2024-05-22T17:44:55.867Z [Modules] Checking for module updates at https://discord.com/api/modules/stable/versions.json
2024-05-22T17:45:10.950Z [Modules] Failed fetching module versions: Error: getaddrinfo EAI_AGAIN discord.com
2024-05-22T17:45:15.836Z [Modules] Host is up to date.
2024-05-22T17:45:15.837Z [Modules] Checking for module updates at https://discord.com/api/modules/stable/versions.json
2024-05-22T17:45:30.923Z [Modules] Failed fetching module versions: Error: getaddrinfo EAI_AGAIN discord.com
2024-05-22T17:46:05.873Z [Modules] Host is up to date.
2024-05-22T17:46:05.874Z [Modules] Checking for module updates at https://discord.com/api/modules/stable/versions.json
2024-05-22T17:46:20.957Z [Modules] Failed fetching module versions: Error: getaddrinfo EAI_AGAIN discord.com
2024-05-22T17:46:25.843Z [Modules] Host is up to date.
2024-05-22T17:46:25.843Z [Modules] Checking for module updates at https://discord.com/api/modules/stable/versions.json
2024-05-22T17:46:40.927Z [Modules] Failed fetching module versions: Error: getaddrinfo EAI_AGAIN discord.com
2024-05-22T17:47:15.910Z [Modules] Host is up to date.
2024-05-22T17:47:15.910Z [Modules] Checking for module updates at https://discord.com/api/modules/stable/versions.json
2024-05-22T17:47:35.993Z [Modules] Failed fetching module versions: Error: getaddrinfo EAI_AGAIN discord.com
2024-05-22T17:47:40.933Z [Modules] Host is up to date.
2024-05-22T17:47:40.933Z [Modules] Checking for module updates at https://discord.com/api/modules/stable/versions.json
2024-05-22T17:47:56.015Z [Modules] Failed fetching module versions: Error: getaddrinfo EAI_AGAIN discord.com
2024-05-22T17:48:25.943Z [Modules] Host is up to date.
2024-05-22T17:48:25.944Z [Modules] Checking for module updates at https://discord.com/api/modules/stable/versions.json
2024-05-22T17:48:35.616Z [Modules] Modules initializing
2024-05-22T17:48:35.616Z [Modules] Distribution: remote
2024-05-22T17:48:35.616Z [Modules] Host updates: disabled
2024-05-22T17:48:35.617Z [Modules] Module updates: enabled
2024-05-22T17:48:35.617Z [Modules] Module install path: /home/dylan/.config/discord/0.0.54/modules
2024-05-22T17:48:35.617Z [Modules] Module installed file path: /home/dylan/.config/discord/0.0.54/modules/installed.json
2024-05-22T17:48:35.617Z [Modules] Module download path: /home/dylan/.config/discord/0.0.54/modules/pending
2024-05-22T17:48:35.896Z [Modules] No updates to install
2024-05-22T17:48:35.897Z [Modules] Host is up to date.
2024-05-22T17:48:35.897Z [Modules] Checking for module updates at https://discord.com/api/modules/stable/versions.json
2024-05-22T17:49:00.951Z [Modules] Failed fetching module versions: Error: getaddrinfo EAI_AGAIN discord.com
2024-05-22T17:49:20.970Z [Modules] Host is up to date.
2024-05-22T17:49:20.970Z [Modules] Checking for module updates at https://discord.com/api/modules/stable/versions.json
2024-05-22T17:49:36.050Z [Modules] Failed fetching module versions: Error: getaddrinfo EAI_AGAIN discord.com
2024-05-22T17:50:01.003Z [Modules] Host is up to date.
2024-05-22T17:50:01.003Z [Modules] Checking for module updates at https://discord.com/api/modules/stable/versions.json
2024-05-22T17:50:16.084Z [Modules] Failed fetching module versions: Error: getaddrinfo EAI_AGAIN discord.com
2024-05-22T17:51:01.056Z [Modules] Host is up to date.
2024-05-22T17:51:01.057Z [Modules] Checking for module updates at https://discord.com/api/modules/stable/versions.json
2024-05-22T17:51:16.140Z [Modules] Failed fetching module versions: Error: getaddrinfo EAI_AGAIN discord.com
2024-05-22T17:52:11.120Z [Modules] Host is up to date.
2024-05-22T17:52:11.120Z [Modules] Checking for module updates at https://discord.com/api/modules/stable/versions.json
2024-05-22T17:52:26.264Z [Modules] Failed fetching module versions: Error: getaddrinfo EAI_AGAIN discord.com
2024-05-22T17:54:12.656Z [Modules] Modules initializing
2024-05-22T17:54:12.657Z [Modules] Distribution: remote
2024-05-22T17:54:12.657Z [Modules] Host updates: disabled
2024-05-22T17:54:12.657Z [Modules] Module updates: enabled
2024-05-22T17:54:12.658Z [Modules] Module install path: /home/dylan/.config/discord/0.0.54/modules
2024-05-22T17:54:12.658Z [Modules] Module installed file path: /home/dylan/.config/discord/0.0.54/modules/installed.json
2024-05-22T17:54:12.658Z [Modules] Module download path: /home/dylan/.config/discord/0.0.54/modules/pending
2024-05-22T17:54:13.044Z [Modules] No updates to install
2024-05-22T17:54:13.045Z [Modules] Host is up to date.
2024-05-22T17:54:13.046Z [Modules] Checking for module updates at https://discord.com/api/modules/stable/versions.json
2024-05-22T17:54:13.185Z [Modules] No module updates available.
2024-05-22T17:54:16.776Z [Modules] Host is up to date.
2024-05-22T17:54:16.776Z [Modules] Checking for module updates at https://discord.com/api/modules/stable/versions.json
2024-05-22T17:54:16.783Z [Modules] No module updates available.
2024-05-23T02:53:08.748Z [Modules] Host is up to date.
2024-05-23T02:53:08.749Z [Modules] Checking for module updates at https://discord.com/api/modules/stable/versions.json
2024-05-23T02:53:08.831Z [Modules] No module updates available.
2024-05-23T14:33:27.363Z [Modules] Host is up to date.
2024-05-23T14:33:27.363Z [Modules] Checking for module updates at https://discord.com/api/modules/stable/versions.json
2024-05-23T14:33:27.415Z [Modules] No module updates available.
2024-05-23T15:33:26.886Z [Modules] Host is up to date.
2024-05-23T15:33:26.886Z [Modules] Checking for module updates at https://discord.com/api/modules/stable/versions.json
2024-05-23T15:33:26.983Z [Modules] No module updates available.
2024-05-23T16:33:26.892Z [Modules] Host is up to date.
2024-05-23T16:33:26.892Z [Modules] Checking for module updates at https://discord.com/api/modules/stable/versions.json
2024-05-23T16:33:26.945Z [Modules] No module updates available.
2024-05-23T17:33:26.886Z [Modules] Host is up to date.
2024-05-23T17:33:26.886Z [Modules] Checking for module updates at https://discord.com/api/modules/stable/versions.json
2024-05-23T17:33:26.953Z [Modules] No module updates available.
2024-05-23T18:33:26.886Z [Modules] Host is up to date.
2024-05-23T18:33:26.886Z [Modules] Checking for module updates at https://discord.com/api/modules/stable/versions.json
2024-05-23T18:33:26.944Z [Modules] No module updates available.
2024-05-23T19:33:26.893Z [Modules] Host is up to date.
2024-05-23T19:33:26.893Z [Modules] Checking for module updates at https://discord.com/api/modules/stable/versions.json
2024-05-23T19:33:26.988Z [Modules] No module updates available.
2024-05-24T14:34:34.708Z [Modules] Host is up to date.
2024-05-24T14:34:34.708Z [Modules] Checking for module updates at https://discord.com/api/modules/stable/versions.json
2024-05-24T14:34:34.773Z [Modules] No module updates available.
2024-05-24T15:34:34.711Z [Modules] Host is up to date.
2024-05-24T15:34:34.711Z [Modules] Checking for module updates at https://discord.com/api/modules/stable/versions.json
2024-05-24T15:34:34.763Z [Modules] No module updates available.
2024-05-24T16:34:34.711Z [Modules] Host is up to date.
2024-05-24T16:34:34.711Z [Modules] Checking for module updates at https://discord.com/api/modules/stable/versions.json
2024-05-24T16:34:34.778Z [Modules] No module updates available.
2024-05-24T17:34:34.705Z [Modules] Host is up to date.
2024-05-24T17:34:34.705Z [Modules] Checking for module updates at https://discord.com/api/modules/stable/versions.json
2024-05-24T17:34:34.762Z [Modules] No module updates available.
2024-05-24T18:34:34.708Z [Modules] Host is up to date.
2024-05-24T18:34:34.708Z [Modules] Checking for module updates at https://discord.com/api/modules/stable/versions.json
2024-05-24T18:34:34.757Z [Modules] No module updates available.
2024-05-24T19:34:34.704Z [Modules] Host is up to date.
2024-05-24T19:34:34.705Z [Modules] Checking for module updates at https://discord.com/api/modules/stable/versions.json
2024-05-24T19:34:34.765Z [Modules] No module updates available.
2024-05-24T20:34:34.708Z [Modules] Host is up to date.
2024-05-24T20:34:34.708Z [Modules] Checking for module updates at https://discord.com/api/modules/stable/versions.json
2024-05-24T20:34:34.772Z [Modules] No module updates available.
2024-05-24T21:34:34.710Z [Modules] Host is up to date.
2024-05-24T21:34:34.710Z [Modules] Checking for module updates at https://discord.com/api/modules/stable/versions.json
2024-05-24T21:34:34.775Z [Modules] No module updates available.
2024-05-24T22:34:34.704Z [Modules] Host is up to date.
2024-05-24T22:34:34.704Z [Modules] Checking for module updates at https://discord.com/api/modules/stable/versions.json
2024-05-24T22:34:34.758Z [Modules] No module updates available.
2024-05-24T23:34:34.708Z [Modules] Host is up to date.
2024-05-24T23:34:34.708Z [Modules] Checking for module updates at https://discord.com/api/modules/stable/versions.json
2024-05-24T23:34:34.764Z [Modules] No module updates available.
2024-05-25T17:04:20.275Z [Modules] Host is up to date.
2024-05-25T17:04:20.276Z [Modules] Checking for module updates at https://discord.com/api/modules/stable/versions.json
2024-05-25T17:04:20.332Z [Modules] No module updates available.
2024-05-25T19:19:44.361Z [Modules] Host is up to date.
2024-05-25T19:19:44.361Z [Modules] Checking for module updates at https://discord.com/api/modules/stable/versions.json
2024-05-25T19:19:44.628Z [Modules] No module updates available.
2024-05-25T20:19:44.362Z [Modules] Host is up to date.
2024-05-25T20:19:44.362Z [Modules] Checking for module updates at https://discord.com/api/modules/stable/versions.json
2024-05-25T20:19:44.605Z [Modules] No module updates available.
2024-05-25T21:19:44.355Z [Modules] Host is up to date.
2024-05-25T21:19:44.355Z [Modules] Checking for module updates at https://discord.com/api/modules/stable/versions.json
2024-05-25T21:19:44.555Z [Modules] No module updates available.
2024-05-25T22:27:29.686Z [Modules] Modules initializing
2024-05-25T22:27:29.687Z [Modules] Distribution: remote
2024-05-25T22:27:29.687Z [Modules] Host updates: disabled
2024-05-25T22:27:29.687Z [Modules] Module updates: enabled
2024-05-25T22:27:29.688Z [Modules] Module install path: /home/dylan/.config/discord/0.0.54/modules
2024-05-25T22:27:29.688Z [Modules] Module installed file path: /home/dylan/.config/discord/0.0.54/modules/installed.json
2024-05-25T22:27:29.688Z [Modules] Module download path: /home/dylan/.config/discord/0.0.54/modules/pending
2024-05-25T22:27:30.238Z [Modules] No updates to install
2024-05-25T22:27:30.239Z [Modules] Host is up to date.
2024-05-25T22:27:30.240Z [Modules] Checking for module updates at https://discord.com/api/modules/stable/versions.json
2024-05-25T22:27:30.619Z [Modules] No module updates available.
2024-05-25T22:27:36.250Z [Modules] Host is up to date.
2024-05-25T22:27:36.250Z [Modules] Checking for module updates at https://discord.com/api/modules/stable/versions.json
2024-05-25T22:27:36.259Z [Modules] No module updates available.
2024-05-28T16:43:14.922Z [Modules] Modules initializing
2024-05-28T16:43:14.923Z [Modules] Distribution: remote
2024-05-28T16:43:14.923Z [Modules] Host updates: disabled
2024-05-28T16:43:14.923Z [Modules] Module updates: enabled
2024-05-28T16:43:14.923Z [Modules] Module install path: /home/dylan/.config/discord/0.0.54/modules
2024-05-28T16:43:14.923Z [Modules] Module installed file path: /home/dylan/.config/discord/0.0.54/modules/installed.json
2024-05-28T16:43:14.923Z [Modules] Module download path: /home/dylan/.config/discord/0.0.54/modules/pending
2024-05-28T16:43:15.298Z [Modules] No updates to install
2024-05-28T16:43:15.300Z [Modules] Host is up to date.
2024-05-28T16:43:15.300Z [Modules] Checking for module updates at https://discord.com/api/modules/stable/versions.json
2024-05-28T16:43:15.452Z [Modules] No module updates available.
2024-05-28T16:43:18.768Z [Modules] Host is up to date.
2024-05-28T16:43:18.768Z [Modules] Checking for module updates at https://discord.com/api/modules/stable/versions.json
2024-05-28T16:43:18.774Z [Modules] No module updates available.
2024-05-28T17:43:15.833Z [Modules] Host is up to date.
2024-05-28T17:43:15.833Z [Modules] Checking for module updates at https://discord.com/api/modules/stable/versions.json
2024-05-28T17:43:15.926Z [Modules] No module updates available.
2024-05-29T01:16:29.631Z [Modules] Host is up to date.
2024-05-29T01:16:29.631Z [Modules] Checking for module updates at https://discord.com/api/modules/stable/versions.json
2024-05-29T01:16:29.684Z [Modules] Module update available: discord_voice@3 [installed: 2]
2024-05-29T01:16:29.685Z [Modules] Fetching discord_voice@3 from https://discord.com/api/modules/stable/discord_voice/3
2024-05-29T01:16:29.686Z [Modules] Streaming discord_voice@3 to /home/dylan/.config/discord/0.0.54/modules/pending/discord_voice-3.zip
2024-05-29T01:16:29.859Z [Modules] Streaming discord_voice@3 to /home/dylan/.config/discord/0.0.54/modules/pending/discord_voice-3.zip: 1%
2024-05-29T01:16:29.865Z [Modules] Streaming discord_voice@3 to /home/dylan/.config/discord/0.0.54/modules/pending/discord_voice-3.zip: 2%
2024-05-29T01:16:29.871Z [Modules] Streaming discord_voice@3 to /home/dylan/.config/discord/0.0.54/modules/pending/discord_voice-3.zip: 3%
2024-05-29T01:16:29.877Z [Modules] Streaming discord_voice@3 to /home/dylan/.config/discord/0.0.54/modules/pending/discord_voice-3.zip: 4%
2024-05-29T01:16:29.882Z [Modules] Streaming discord_voice@3 to /home/dylan/.config/discord/0.0.54/modules/pending/discord_voice-3.zip: 5%
2024-05-29T01:16:29.886Z [Modules] Streaming discord_voice@3 to /home/dylan/.config/discord/0.0.54/modules/pending/discord_voice-3.zip: 6%
2024-05-29T01:16:29.900Z [Modules] Streaming discord_voice@3 to /home/dylan/.config/discord/0.0.54/modules/pending/discord_voice-3.zip: 7%
2024-05-29T01:16:29.901Z [Modules] Streaming discord_voice@3 to /home/dylan/.config/discord/0.0.54/modules/pending/discord_voice-3.zip: 8%
2024-05-29T01:16:29.903Z [Modules] Streaming discord_voice@3 to /home/dylan/.config/discord/0.0.54/modules/pending/discord_voice-3.zip: 9%
2024-05-29T01:16:29.909Z [Modules] Streaming discord_voice@3 to /home/dylan/.config/discord/0.0.54/modules/pending/discord_voice-3.zip: 10%
2024-05-29T01:16:29.916Z [Modules] Streaming discord_voice@3 to /home/dylan/.config/discord/0.0.54/modules/pending/discord_voice-3.zip: 11%
2024-05-29T01:16:29.927Z [Modules] Streaming discord_voice@3 to /home/dylan/.config/discord/0.0.54/modules/pending/discord_voice-3.zip: 12%
2024-05-29T01:16:29.935Z [Modules] Streaming discord_voice@3 to /home/dylan/.config/discord/0.0.54/modules/pending/discord_voice-3.zip: 13%
2024-05-29T01:16:29.946Z [Modules] Streaming discord_voice@3 to /home/dylan/.config/discord/0.0.54/modules/pending/discord_voice-3.zip: 14%
2024-05-29T01:16:29.954Z [Modules] Streaming discord_voice@3 to /home/dylan/.config/discord/0.0.54/modules/pending/discord_voice-3.zip: 15%
2024-05-29T01:16:29.967Z [Modules] Streaming discord_voice@3 to /home/dylan/.config/discord/0.0.54/modules/pending/discord_voice-3.zip: 17%
2024-05-29T01:16:29.971Z [Modules] Streaming discord_voice@3 to /home/dylan/.config/discord/0.0.54/modules/pending/discord_voice-3.zip: 18%
2024-05-29T01:16:29.973Z [Modules] Streaming discord_voice@3 to /home/dylan/.config/discord/0.0.54/modules/pending/discord_voice-3.zip: 19%
2024-05-29T01:16:29.974Z [Modules] Streaming discord_voice@3 to /home/dylan/.config/discord/0.0.54/modules/pending/discord_voice-3.zip: 20%
2024-05-29T01:16:29.976Z [Modules] Streaming discord_voice@3 to /home/dylan/.config/discord/0.0.54/modules/pending/discord_voice-3.zip: 21%
2024-05-29T01:16:29.979Z [Modules] Streaming discord_voice@3 to /home/dylan/.config/discord/0.0.54/modules/pending/discord_voice-3.zip: 22%
2024-05-29T01:16:29.980Z [Modules] Streaming discord_voice@3 to /home/dylan/.config/discord/0.0.54/modules/pending/discord_voice-3.zip: 23%
2024-05-29T01:16:29.982Z [Modules] Streaming discord_voice@3 to /home/dylan/.config/discord/0.0.54/modules/pending/discord_voice-3.zip: 24%
2024-05-29T01:16:29.985Z [Modules] Streaming discord_voice@3 to /home/dylan/.config/discord/0.0.54/modules/pending/discord_voice-3.zip: 25%
2024-05-29T01:16:29.986Z [Modules] Streaming discord_voice@3 to /home/dylan/.config/discord/0.0.54/modules/pending/discord_voice-3.zip: 26%
2024-05-29T01:16:29.991Z [Modules] Streaming discord_voice@3 to /home/dylan/.config/discord/0.0.54/modules/pending/discord_voice-3.zip: 27%
2024-05-29T01:16:29.997Z [Modules] Streaming discord_voice@3 to /home/dylan/.config/discord/0.0.54/modules/pending/discord_voice-3.zip: 28%
2024-05-29T01:16:30.001Z [Modules] Streaming discord_voice@3 to /home/dylan/.config/discord/0.0.54/modules/pending/discord_voice-3.zip: 29%
2024-05-29T01:16:30.013Z [Modules] Streaming discord_voice@3 to /home/dylan/.config/discord/0.0.54/modules/pending/discord_voice-3.zip: 31%
2024-05-29T01:16:30.017Z [Modules] Streaming discord_voice@3 to /home/dylan/.config/discord/0.0.54/modules/pending/discord_voice-3.zip: 32%
2024-05-29T01:16:30.024Z [Modules] Streaming discord_voice@3 to /home/dylan/.config/discord/0.0.54/modules/pending/discord_voice-3.zip: 33%
2024-05-29T01:16:30.027Z [Modules] Streaming discord_voice@3 to /home/dylan/.config/discord/0.0.54/modules/pending/discord_voice-3.zip: 34%
2024-05-29T01:16:30.034Z [Modules] Streaming discord_voice@3 to /home/dylan/.config/discord/0.0.54/modules/pending/discord_voice-3.zip: 35%
2024-05-29T01:16:30.036Z [Modules] Streaming discord_voice@3 to /home/dylan/.config/discord/0.0.54/modules/pending/discord_voice-3.zip: 36%
2024-05-29T01:16:30.040Z [Modules] Streaming discord_voice@3 to /home/dylan/.config/discord/0.0.54/modules/pending/discord_voice-3.zip: 37%
2024-05-29T01:16:30.045Z [Modules] Streaming discord_voice@3 to /home/dylan/.config/discord/0.0.54/modules/pending/discord_voice-3.zip: 38%
2024-05-29T01:16:30.051Z [Modules] Streaming discord_voice@3 to /home/dylan/.config/discord/0.0.54/modules/pending/discord_voice-3.zip: 39%
2024-05-29T01:16:30.055Z [Modules] Streaming discord_voice@3 to /home/dylan/.config/discord/0.0.54/modules/pending/discord_voice-3.zip: 40%
2024-05-29T01:16:30.061Z [Modules] Streaming discord_voice@3 to /home/dylan/.config/discord/0.0.54/modules/pending/discord_voice-3.zip: 41%
2024-05-29T01:16:30.065Z [Modules] Streaming discord_voice@3 to /home/dylan/.config/discord/0.0.54/modules/pending/discord_voice-3.zip: 42%
2024-05-29T01:16:30.070Z [Modules] Streaming discord_voice@3 to /home/dylan/.config/discord/0.0.54/modules/pending/discord_voice-3.zip: 43%
2024-05-29T01:16:30.076Z [Modules] Streaming discord_voice@3 to /home/dylan/.config/discord/0.0.54/modules/pending/discord_voice-3.zip: 44%
2024-05-29T01:16:30.080Z [Modules] Streaming discord_voice@3 to /home/dylan/.config/discord/0.0.54/modules/pending/discord_voice-3.zip: 45%
2024-05-29T01:16:30.086Z [Modules] Streaming discord_voice@3 to /home/dylan/.config/discord/0.0.54/modules/pending/discord_voice-3.zip: 46%
2024-05-29T01:16:30.091Z [Modules] Streaming discord_voice@3 to /home/dylan/.config/discord/0.0.54/modules/pending/discord_voice-3.zip: 47%
2024-05-29T01:16:30.096Z [Modules] Streaming discord_voice@3 to /home/dylan/.config/discord/0.0.54/modules/pending/discord_voice-3.zip: 48%
2024-05-29T01:16:30.100Z [Modules] Streaming discord_voice@3 to /home/dylan/.config/discord/0.0.54/modules/pending/discord_voice-3.zip: 49%
2024-05-29T01:16:30.106Z [Modules] Streaming discord_voice@3 to /home/dylan/.config/discord/0.0.54/modules/pending/discord_voice-3.zip: 50%
2024-05-29T01:16:30.111Z [Modules] Streaming discord_voice@3 to /home/dylan/.config/discord/0.0.54/modules/pending/discord_voice-3.zip: 51%
2024-05-29T01:16:30.115Z [Modules] Streaming discord_voice@3 to /home/dylan/.config/discord/0.0.54/modules/pending/discord_voice-3.zip: 52%
2024-05-29T01:16:30.121Z [Modules] Streaming discord_voice@3 to /home/dylan/.config/discord/0.0.54/modules/pending/discord_voice-3.zip: 53%
2024-05-29T01:16:30.125Z [Modules] Streaming discord_voice@3 to /home/dylan/.config/discord/0.0.54/modules/pending/discord_voice-3.zip: 54%
2024-05-29T01:16:30.131Z [Modules] Streaming discord_voice@3 to /home/dylan/.config/discord/0.0.54/modules/pending/discord_voice-3.zip: 55%
2024-05-29T01:16:30.135Z [Modules] Streaming discord_voice@3 to /home/dylan/.config/discord/0.0.54/modules/pending/discord_voice-3.zip: 56%
2024-05-29T01:16:30.141Z [Modules] Streaming discord_voice@3 to /home/dylan/.config/discord/0.0.54/modules/pending/discord_voice-3.zip: 57%
2024-05-29T01:16:30.145Z [Modules] Streaming discord_voice@3 to /home/dylan/.config/discord/0.0.54/modules/pending/discord_voice-3.zip: 58%
2024-05-29T01:16:30.151Z [Modules] Streaming discord_voice@3 to /home/dylan/.config/discord/0.0.54/modules/pending/discord_voice-3.zip: 59%
2024-05-29T01:16:30.156Z [Modules] Streaming discord_voice@3 to /home/dylan/.config/discord/0.0.54/modules/pending/discord_voice-3.zip: 60%
2024-05-29T01:16:30.161Z [Modules] Streaming discord_voice@3 to /home/dylan/.config/discord/0.0.54/modules/pending/discord_voice-3.zip: 61%
2024-05-29T01:16:30.165Z [Modules] Streaming discord_voice@3 to /home/dylan/.config/discord/0.0.54/modules/pending/discord_voice-3.zip: 62%
2024-05-29T01:16:30.170Z [Modules] Streaming discord_voice@3 to /home/dylan/.config/discord/0.0.54/modules/pending/discord_voice-3.zip: 63%
2024-05-29T01:16:30.176Z [Modules] Streaming discord_voice@3 to /home/dylan/.config/discord/0.0.54/modules/pending/discord_voice-3.zip: 64%
2024-05-29T01:16:30.181Z [Modules] Streaming discord_voice@3 to /home/dylan/.config/discord/0.0.54/modules/pending/discord_voice-3.zip: 65%
2024-05-29T01:16:30.186Z [Modules] Streaming discord_voice@3 to /home/dylan/.config/discord/0.0.54/modules/pending/discord_voice-3.zip: 66%
2024-05-29T01:16:30.191Z [Modules] Streaming discord_voice@3 to /home/dylan/.config/discord/0.0.54/modules/pending/discord_voice-3.zip: 67%
2024-05-29T01:16:30.196Z [Modules] Streaming discord_voice@3 to /home/dylan/.config/discord/0.0.54/modules/pending/discord_voice-3.zip: 68%
2024-05-29T01:16:30.200Z [Modules] Streaming discord_voice@3 to /home/dylan/.config/discord/0.0.54/modules/pending/discord_voice-3.zip: 69%
2024-05-29T01:16:30.206Z [Modules] Streaming discord_voice@3 to /home/dylan/.config/discord/0.0.54/modules/pending/discord_voice-3.zip: 70%
2024-05-29T01:16:30.212Z [Modules] Streaming discord_voice@3 to /home/dylan/.config/discord/0.0.54/modules/pending/discord_voice-3.zip: 71%
2024-05-29T01:16:30.217Z [Modules] Streaming discord_voice@3 to /home/dylan/.config/discord/0.0.54/modules/pending/discord_voice-3.zip: 72%
2024-05-29T01:16:30.224Z [Modules] Streaming discord_voice@3 to /home/dylan/.config/discord/0.0.54/modules/pending/discord_voice-3.zip: 73%
2024-05-29T01:16:30.226Z [Modules] Streaming discord_voice@3 to /home/dylan/.config/discord/0.0.54/modules/pending/discord_voice-3.zip: 74%
2024-05-29T01:16:30.231Z [Modules] Streaming discord_voice@3 to /home/dylan/.config/discord/0.0.54/modules/pending/discord_voice-3.zip: 75%
2024-05-29T01:16:30.237Z [Modules] Streaming discord_voice@3 to /home/dylan/.config/discord/0.0.54/modules/pending/discord_voice-3.zip: 76%
2024-05-29T01:16:30.241Z [Modules] Streaming discord_voice@3 to /home/dylan/.config/discord/0.0.54/modules/pending/discord_voice-3.zip: 77%
2024-05-29T01:16:30.246Z [Modules] Streaming discord_voice@3 to /home/dylan/.config/discord/0.0.54/modules/pending/discord_voice-3.zip: 78%
2024-05-29T01:16:30.252Z [Modules] Streaming discord_voice@3 to /home/dylan/.config/discord/0.0.54/modules/pending/discord_voice-3.zip: 79%
2024-05-29T01:16:30.256Z [Modules] Streaming discord_voice@3 to /home/dylan/.config/discord/0.0.54/modules/pending/discord_voice-3.zip: 80%
2024-05-29T01:16:30.260Z [Modules] Streaming discord_voice@3 to /home/dylan/.config/discord/0.0.54/modules/pending/discord_voice-3.zip: 81%
2024-05-29T01:16:30.266Z [Modules] Streaming discord_voice@3 to /home/dylan/.config/discord/0.0.54/modules/pending/discord_voice-3.zip: 82%
2024-05-29T01:16:30.272Z [Modules] Streaming discord_voice@3 to /home/dylan/.config/discord/0.0.54/modules/pending/discord_voice-3.zip: 83%
2024-05-29T01:16:30.276Z [Modules] Streaming discord_voice@3 to /home/dylan/.config/discord/0.0.54/modules/pending/discord_voice-3.zip: 84%
2024-05-29T01:16:30.281Z [Modules] Streaming discord_voice@3 to /home/dylan/.config/discord/0.0.54/modules/pending/discord_voice-3.zip: 85%
2024-05-29T01:16:30.286Z [Modules] Streaming discord_voice@3 to /home/dylan/.config/discord/0.0.54/modules/pending/discord_voice-3.zip: 86%
2024-05-29T01:16:30.292Z [Modules] Streaming discord_voice@3 to /home/dylan/.config/discord/0.0.54/modules/pending/discord_voice-3.zip: 87%
2024-05-29T01:16:30.295Z [Modules] Streaming discord_voice@3 to /home/dylan/.config/discord/0.0.54/modules/pending/discord_voice-3.zip: 88%
2024-05-29T01:16:30.301Z [Modules] Streaming discord_voice@3 to /home/dylan/.config/discord/0.0.54/modules/pending/discord_voice-3.zip: 89%
2024-05-29T01:16:30.307Z [Modules] Streaming discord_voice@3 to /home/dylan/.config/discord/0.0.54/modules/pending/discord_voice-3.zip: 90%
2024-05-29T01:16:30.311Z [Modules] Streaming discord_voice@3 to /home/dylan/.config/discord/0.0.54/modules/pending/discord_voice-3.zip: 91%
2024-05-29T01:16:30.316Z [Modules] Streaming discord_voice@3 to /home/dylan/.config/discord/0.0.54/modules/pending/discord_voice-3.zip: 92%
2024-05-29T01:16:30.320Z [Modules] Streaming discord_voice@3 to /home/dylan/.config/discord/0.0.54/modules/pending/discord_voice-3.zip: 93%
2024-05-29T01:16:30.326Z [Modules] Streaming discord_voice@3 to /home/dylan/.config/discord/0.0.54/modules/pending/discord_voice-3.zip: 94%
2024-05-29T01:16:30.332Z [Modules] Streaming discord_voice@3 to /home/dylan/.config/discord/0.0.54/modules/pending/discord_voice-3.zip: 95%
2024-05-29T01:16:30.336Z [Modules] Streaming discord_voice@3 to /home/dylan/.config/discord/0.0.54/modules/pending/discord_voice-3.zip: 96%
2024-05-29T01:16:30.342Z [Modules] Streaming discord_voice@3 to /home/dylan/.config/discord/0.0.54/modules/pending/discord_voice-3.zip: 97%
2024-05-29T01:16:30.346Z [Modules] Streaming discord_voice@3 to /home/dylan/.config/discord/0.0.54/modules/pending/discord_voice-3.zip: 98%
2024-05-29T01:16:30.352Z [Modules] Streaming discord_voice@3 to /home/dylan/.config/discord/0.0.54/modules/pending/discord_voice-3.zip: 99%
2024-05-29T01:16:30.356Z [Modules] Streaming discord_voice@3 to /home/dylan/.config/discord/0.0.54/modules/pending/discord_voice-3.zip: 100%
2024-05-29T01:16:30.360Z [Modules] Finished module downloads. [success: 1] [failure: 0]
2024-05-30T17:11:10.575Z [Modules] Modules initializing
2024-05-30T17:11:10.575Z [Modules] Distribution: remote
2024-05-30T17:11:10.576Z [Modules] Host updates: disabled
2024-05-30T17:11:10.576Z [Modules] Module updates: enabled
2024-05-30T17:11:10.576Z [Modules] Module install path: /home/dylan/.config/discord/0.0.54/modules
2024-05-30T17:11:10.576Z [Modules] Module installed file path: /home/dylan/.config/discord/0.0.54/modules/installed.json
2024-05-30T17:11:10.577Z [Modules] Module download path: /home/dylan/.config/discord/0.0.54/modules/pending
2024-05-30T17:11:10.863Z [Modules] Installing updates...
2024-05-30T17:11:10.864Z [Modules] Installing discord_voice@3 from /home/dylan/.config/discord/0.0.54/modules/pending/discord_voice-3.zip
2024-05-30T17:11:11.687Z [Modules] Finished module installations. [success: 1] [failure: 0]
2024-05-30T17:11:11.687Z [Modules] Host is up to date.
2024-05-30T17:11:11.688Z [Modules] Checking for module updates at https://discord.com/api/modules/stable/versions.json
2024-05-30T17:11:11.808Z [Modules] No module updates available.
2024-05-30T17:11:15.390Z [Modules] Host is up to date.
2024-05-30T17:11:15.390Z [Modules] Checking for module updates at https://discord.com/api/modules/stable/versions.json
2024-05-30T17:11:15.397Z [Modules] No module updates available.
2024-05-30T18:11:15.396Z [Modules] Host is up to date.
2024-05-30T18:11:15.396Z [Modules] Checking for module updates at https://discord.com/api/modules/stable/versions.json
2024-05-30T18:11:15.440Z [Modules] No module updates available.
2024-05-30T19:11:15.395Z [Modules] Host is up to date.
2024-05-30T19:11:15.395Z [Modules] Checking for module updates at https://discord.com/api/modules/stable/versions.json
2024-05-30T19:11:15.450Z [Modules] No module updates available.
2024-05-31T00:51:10.159Z [Modules] Host is up to date.
2024-05-31T00:51:10.160Z [Modules] Checking for module updates at https://discord.com/api/modules/stable/versions.json
2024-05-31T00:51:10.218Z [Modules] No module updates available.
2024-05-31T14:24:17.531Z [Modules] Host is up to date.
2024-05-31T14:24:17.531Z [Modules] Checking for module updates at https://discord.com/api/modules/stable/versions.json
2024-05-31T14:24:17.603Z [Modules] No module updates available.
2024-05-31T15:24:17.532Z [Modules] Host is up to date.
2024-05-31T15:24:17.532Z [Modules] Checking for module updates at https://discord.com/api/modules/stable/versions.json
2024-05-31T15:24:17.579Z [Modules] No module updates available.
2024-05-31T18:25:08.112Z [Modules] Host is up to date.
2024-05-31T18:25:08.112Z [Modules] Checking for module updates at https://discord.com/api/modules/stable/versions.json
2024-05-31T18:25:08.170Z [Modules] No module updates available.
2024-05-31T19:25:08.113Z [Modules] Host is up to date.
2024-05-31T19:25:08.113Z [Modules] Checking for module updates at https://discord.com/api/modules/stable/versions.json
2024-05-31T19:25:08.169Z [Modules] No module updates available.
2024-05-31T20:25:08.112Z [Modules] Host is up to date.
2024-05-31T20:25:08.112Z [Modules] Checking for module updates at https://discord.com/api/modules/stable/versions.json
2024-05-31T20:25:08.165Z [Modules] No module updates available.
2024-05-31T21:25:08.111Z [Modules] Host is up to date.
2024-05-31T21:25:08.111Z [Modules] Checking for module updates at https://discord.com/api/modules/stable/versions.json
2024-05-31T21:25:08.160Z [Modules] No module updates available.
2024-05-31T22:25:08.112Z [Modules] Host is up to date.
2024-05-31T22:25:08.112Z [Modules] Checking for module updates at https://discord.com/api/modules/stable/versions.json
2024-05-31T22:25:08.168Z [Modules] No module updates available.
2024-05-31T23:25:08.106Z [Modules] Host is up to date.
2024-05-31T23:25:08.106Z [Modules] Checking for module updates at https://discord.com/api/modules/stable/versions.json
2024-05-31T23:25:08.280Z [Modules] No module updates available.
2024-06-01T15:23:25.801Z [Modules] Host is up to date.
2024-06-01T15:23:25.801Z [Modules] Checking for module updates at https://discord.com/api/modules/stable/versions.json
2024-06-01T15:23:25.876Z [Modules] No module updates available.
2024-06-01T16:23:25.794Z [Modules] Host is up to date.
2024-06-01T16:23:25.794Z [Modules] Checking for module updates at https://discord.com/api/modules/stable/versions.json
2024-06-01T16:23:25.853Z [Modules] No module updates available.
2024-06-01T17:23:25.795Z [Modules] Host is up to date.
2024-06-01T17:23:25.795Z [Modules] Checking for module updates at https://discord.com/api/modules/stable/versions.json
2024-06-01T17:23:25.842Z [Modules] No module updates available.
2024-06-01T18:23:25.798Z [Modules] Host is up to date.
2024-06-01T18:23:25.798Z [Modules] Checking for module updates at https://discord.com/api/modules/stable/versions.json
2024-06-01T18:23:25.848Z [Modules] No module updates available.
2024-06-01T19:23:25.801Z [Modules] Host is up to date.
2024-06-01T19:23:25.801Z [Modules] Checking for module updates at https://discord.com/api/modules/stable/versions.json
2024-06-01T19:23:25.842Z [Modules] No module updates available.
2024-06-01T20:23:25.794Z [Modules] Host is up to date.
2024-06-01T20:23:25.795Z [Modules] Checking for module updates at https://discord.com/api/modules/stable/versions.json
2024-06-01T20:23:25.849Z [Modules] No module updates available.
2024-06-01T21:50:19.358Z [Modules] Host is up to date.
2024-06-01T21:50:19.359Z [Modules] Checking for module updates at https://discord.com/api/modules/stable/versions.json
2024-06-01T21:50:19.485Z [Modules] No module updates available.
2024-06-01T22:50:19.353Z [Modules] Host is up to date.
2024-06-01T22:50:19.353Z [Modules] Checking for module updates at https://discord.com/api/modules/stable/versions.json
2024-06-01T22:50:19.476Z [Modules] No module updates available.
2024-06-02T15:27:12.047Z [Modules] Host is up to date.
2024-06-02T15:27:12.048Z [Modules] Checking for module updates at https://discord.com/api/modules/stable/versions.json
2024-06-02T15:27:12.097Z [Modules] No module updates available.
2024-06-02T16:27:12.049Z [Modules] Host is up to date.
2024-06-02T16:27:12.050Z [Modules] Checking for module updates at https://discord.com/api/modules/stable/versions.json
2024-06-02T16:27:12.113Z [Modules] No module updates available.
2024-06-02T17:27:12.047Z [Modules] Host is up to date.
2024-06-02T17:27:12.047Z [Modules] Checking for module updates at https://discord.com/api/modules/stable/versions.json
2024-06-02T17:27:12.104Z [Modules] No module updates available.
2024-06-02T18:27:12.049Z [Modules] Host is up to date.
2024-06-02T18:27:12.049Z [Modules] Checking for module updates at https://discord.com/api/modules/stable/versions.json
2024-06-02T18:27:12.102Z [Modules] No module updates available.
2024-06-02T19:27:12.043Z [Modules] Host is up to date.
2024-06-02T19:27:12.043Z [Modules] Checking for module updates at https://discord.com/api/modules/stable/versions.json
2024-06-02T19:27:12.098Z [Modules] No module updates available.
2024-06-02T20:27:12.049Z [Modules] Host is up to date.
2024-06-02T20:27:12.049Z [Modules] Checking for module updates at https://discord.com/api/modules/stable/versions.json
2024-06-02T20:27:12.087Z [Modules] No module updates available.
2024-06-02T21:27:12.044Z [Modules] Host is up to date.
2024-06-02T21:27:12.044Z [Modules] Checking for module updates at https://discord.com/api/modules/stable/versions.json
2024-06-02T21:27:12.094Z [Modules] No module updates available.
2024-06-02T22:27:12.049Z [Modules] Host is up to date.
2024-06-02T22:27:12.050Z [Modules] Checking for module updates at https://discord.com/api/modules/stable/versions.json
2024-06-02T22:27:12.115Z [Modules] No module updates available.
2024-06-02T23:27:12.044Z [Modules] Host is up to date.
2024-06-02T23:27:12.044Z [Modules] Checking for module updates at https://discord.com/api/modules/stable/versions.json
2024-06-02T23:27:12.108Z [Modules] No module updates available.
2024-06-03T00:27:12.044Z [Modules] Host is up to date.
2024-06-03T00:27:12.044Z [Modules] Checking for module updates at https://discord.com/api/modules/stable/versions.json
2024-06-03T00:27:12.104Z [Modules] No module updates available.
2024-06-03T01:27:12.050Z [Modules] Host is up to date.
2024-06-03T01:27:12.050Z [Modules] Checking for module updates at https://discord.com/api/modules/stable/versions.json
2024-06-03T01:27:12.096Z [Modules] No module updates available.
2024-06-03T02:27:12.043Z [Modules] Host is up to date.
2024-06-03T02:27:12.044Z [Modules] Checking for module updates at https://discord.com/api/modules/stable/versions.json
2024-06-03T02:27:12.101Z [Modules] No module updates available.
2024-06-03T03:27:12.043Z [Modules] Host is up to date.
2024-06-03T03:27:12.043Z [Modules] Checking for module updates at https://discord.com/api/modules/stable/versions.json
2024-06-03T03:27:12.089Z [Modules] No module updates available.
2024-06-03T14:47:09.811Z [Modules] Host is up to date.
2024-06-03T14:47:09.811Z [Modules] Checking for module updates at https://discord.com/api/modules/stable/versions.json
2024-06-03T14:47:09.873Z [Modules] No module updates available.
2024-06-03T15:47:09.220Z [Modules] Host is up to date.
2024-06-03T15:47:09.220Z [Modules] Checking for module updates at https://discord.com/api/modules/stable/versions.json
2024-06-03T15:47:09.286Z [Modules] No module updates available.
2024-06-03T16:47:09.220Z [Modules] Host is up to date.
2024-06-03T16:47:09.221Z [Modules] Checking for module updates at https://discord.com/api/modules/stable/versions.json
2024-06-03T16:47:09.268Z [Modules] No module updates available.
2024-06-03T17:47:09.223Z [Modules] Host is up to date.
2024-06-03T17:47:09.223Z [Modules] Checking for module updates at https://discord.com/api/modules/stable/versions.json
2024-06-03T17:47:09.274Z [Modules] No module updates available.
2024-06-03T18:47:09.223Z [Modules] Host is up to date.
2024-06-03T18:47:09.223Z [Modules] Checking for module updates at https://discord.com/api/modules/stable/versions.json
2024-06-03T18:47:09.278Z [Modules] No module updates available.
2024-06-03T19:47:09.216Z [Modules] Host is up to date.
2024-06-03T19:47:09.216Z [Modules] Checking for module updates at https://discord.com/api/modules/stable/versions.json
2024-06-03T19:47:09.271Z [Modules] No module updates available.
2024-06-03T20:47:09.222Z [Modules] Host is up to date.
2024-06-03T20:47:09.222Z [Modules] Checking for module updates at https://discord.com/api/modules/stable/versions.json
2024-06-03T20:47:09.286Z [Modules] No module updates available.
2024-06-04T00:11:58.919Z [Modules] Host is up to date.
2024-06-04T00:11:58.919Z [Modules] Checking for module updates at https://discord.com/api/modules/stable/versions.json
2024-06-04T00:11:58.971Z [Modules] No module updates available.
2024-06-04T01:11:58.921Z [Modules] Host is up to date.
2024-06-04T01:11:58.921Z [Modules] Checking for module updates at https://discord.com/api/modules/stable/versions.json
2024-06-04T01:11:58.972Z [Modules] No module updates available.
2024-06-04T02:11:58.921Z [Modules] Host is up to date.
2024-06-04T02:11:58.921Z [Modules] Checking for module updates at https://discord.com/api/modules/stable/versions.json
2024-06-04T02:11:58.974Z [Modules] No module updates available.
2024-06-04T20:24:18.243Z [Modules] Host is up to date.
2024-06-04T20:24:18.243Z [Modules] Checking for module updates at https://discord.com/api/modules/stable/versions.json
2024-06-04T20:24:18.300Z [Modules] No module updates available.
2024-06-04T21:24:19.000Z [Modules] Host is up to date.
2024-06-04T21:24:19.000Z [Modules] Checking for module updates at https://discord.com/api/modules/stable/versions.json
2024-06-04T21:24:19.064Z [Modules] No module updates available.
2024-06-04T22:24:19.000Z [Modules] Host is up to date.
2024-06-04T22:24:19.001Z [Modules] Checking for module updates at https://discord.com/api/modules/stable/versions.json
2024-06-04T22:24:19.052Z [Modules] No module updates available.
2024-06-04T23:24:19.002Z [Modules] Host is up to date.
2024-06-04T23:24:19.003Z [Modules] Checking for module updates at https://discord.com/api/modules/stable/versions.json
2024-06-04T23:24:19.062Z [Modules] No module updates available.
2024-06-05T01:02:09.686Z [Modules] Modules initializing
2024-06-05T01:02:09.687Z [Modules] Distribution: remote
2024-06-05T01:02:09.687Z [Modules] Host updates: disabled
2024-06-05T01:02:09.687Z [Modules] Module updates: enabled
2024-06-05T01:02:09.688Z [Modules] Module install path: /home/dylan/.config/discord/0.0.54/modules
2024-06-05T01:02:09.688Z [Modules] Module installed file path: /home/dylan/.config/discord/0.0.54/modules/installed.json
2024-06-05T01:02:09.688Z [Modules] Module download path: /home/dylan/.config/discord/0.0.54/modules/pending
2024-06-05T01:02:10.065Z [Modules] No updates to install
2024-06-05T01:02:10.067Z [Modules] Host is up to date.
2024-06-05T01:02:10.067Z [Modules] Checking for module updates at https://discord.com/api/modules/stable/versions.json
2024-06-05T01:02:10.239Z [Modules] No module updates available.
2024-06-05T01:02:13.636Z [Modules] Host is up to date.
2024-06-05T01:02:13.636Z [Modules] Checking for module updates at https://discord.com/api/modules/stable/versions.json
2024-06-05T01:02:13.643Z [Modules] No module updates available.
2024-06-05T02:02:13.637Z [Modules] Host is up to date.
2024-06-05T02:02:13.637Z [Modules] Checking for module updates at https://discord.com/api/modules/stable/versions.json
2024-06-05T02:02:13.673Z [Modules] No module updates available.
2024-06-05T03:02:13.638Z [Modules] Host is up to date.
2024-06-05T03:02:13.638Z [Modules] Checking for module updates at https://discord.com/api/modules/stable/versions.json
2024-06-05T03:02:13.687Z [Modules] No module updates available.
2024-06-05T13:14:03.432Z [Modules] Host is up to date.
2024-06-05T13:14:03.432Z [Modules] Checking for module updates at https://discord.com/api/modules/stable/versions.json
2024-06-05T13:14:03.491Z [Modules] No module updates available.
2024-06-05T14:14:03.431Z [Modules] Host is up to date.
2024-06-05T14:14:03.431Z [Modules] Checking for module updates at https://discord.com/api/modules/stable/versions.json
2024-06-05T14:14:03.500Z [Modules] No module updates available.
2024-06-05T15:14:03.430Z [Modules] Host is up to date.
2024-06-05T15:14:03.430Z [Modules] Checking for module updates at https://discord.com/api/modules/stable/versions.json
2024-06-05T15:14:03.504Z [Modules] No module updates available.
2024-06-05T16:14:03.430Z [Modules] Host is up to date.
2024-06-05T16:14:03.430Z [Modules] Checking for module updates at https://discord.com/api/modules/stable/versions.json
2024-06-05T16:14:03.512Z [Modules] No module updates available.
2024-06-05T17:14:03.432Z [Modules] Host is up to date.
2024-06-05T17:14:03.433Z [Modules] Checking for module updates at https://discord.com/api/modules/stable/versions.json
2024-06-05T17:14:03.504Z [Modules] No module updates available.
2024-06-05T18:14:03.432Z [Modules] Host is up to date.
2024-06-05T18:14:03.432Z [Modules] Checking for module updates at https://discord.com/api/modules/stable/versions.json
2024-06-05T18:14:03.524Z [Modules] No module updates available.
2024-06-05T19:14:03.432Z [Modules] Host is up to date.
2024-06-05T19:14:03.432Z [Modules] Checking for module updates at https://discord.com/api/modules/stable/versions.json
2024-06-05T19:14:03.505Z [Modules] No module updates available.
2024-06-06T01:49:33.016Z [Modules] Host is up to date.
2024-06-06T01:49:33.016Z [Modules] Checking for module updates at https://discord.com/api/modules/stable/versions.json
2024-06-06T01:49:33.071Z [Modules] No module updates available.
2024-06-06T15:24:16.290Z [Modules] Host is up to date.
2024-06-06T15:24:16.290Z [Modules] Checking for module updates at https://discord.com/api/modules/stable/versions.json
2024-06-06T15:24:16.343Z [Modules] No module updates available.
2024-06-06T19:08:35.217Z [Modules] Host is up to date.
2024-06-06T19:08:35.217Z [Modules] Checking for module updates at https://discord.com/api/modules/stable/versions.json
2024-06-06T19:08:35.294Z [Modules] No module updates available.
2024-06-06T21:54:04.949Z [Modules] Host is up to date.
2024-06-06T21:54:04.950Z [Modules] Checking for module updates at https://discord.com/api/modules/stable/versions.json
2024-06-06T21:54:05.007Z [Modules] No module updates available.
2024-06-07T01:12:11.332Z [Modules] Host is up to date.
2024-06-07T01:12:11.332Z [Modules] Checking for module updates at https://discord.com/api/modules/stable/versions.json
2024-06-07T01:12:11.382Z [Modules] No module updates available.
2024-06-07T13:35:38.172Z [Modules] Host is up to date.
2024-06-07T13:35:38.172Z [Modules] Checking for module updates at https://discord.com/api/modules/stable/versions.json
2024-06-07T13:35:38.220Z [Modules] No module updates available.
2024-06-07T14:35:37.721Z [Modules] Host is up to date.
2024-06-07T14:35:37.721Z [Modules] Checking for module updates at https://discord.com/api/modules/stable/versions.json
2024-06-07T14:35:37.768Z [Modules] No module updates available.
2024-06-07T18:19:52.207Z [Modules] Host is up to date.
2024-06-07T18:19:52.207Z [Modules] Checking for module updates at https://discord.com/api/modules/stable/versions.json
2024-06-07T18:19:52.254Z [Modules] No module updates available.
